Year,District,Total cases,Total deaths
2000,Andaman,530,0
2000,Nicobars,472,1
2000,Adilabad,1798,2
2000,Anantapur,1301,0
2000,Chittoor,291,1
2000,East Godavari,19693,0
2000,Guntur,1501,0
2000,Hyderabad,802,0
2000,Karimnagar,1801,0
2000,Khammam,5493,1
2000,Krishna,10007,0
2000,Kurnool,4802,0
2000,Mahabubnagar,199,0
2000,Medak,32,0
2000,Nalgonda,51,0
2000,Nizamabad,503,0
2000,Prakasam,1402,0
2000,Ranga Reddy,401,0
2000,SPSR Nellore,1106,0
2000,Srikakulam,4201,0
2000,Visakhapatanam,16163,2
2000,Vizianagaram,5603,0
2000,Warangal,1203,0
2000,West Godavari,605,0
2000,Y.S.R.,1599,0
2000,Changlang,6262,0
2000,Dibang Valley,5272,0
2000,East Kameng,1937,0
2000,East Siang,10009,0
2000,Lohit,3893,0
2000,Lower Subansiri,273,0
2000,Papum Pare,3708,0
2000,Tirap,3122,0
2000,Upper Siang,474,0
2000,Upper Subansiri,652,0
2000,West Kameng,452,0
2000,West Siang,10111,0
2000,Barpeta,1335,1
2000,Bongaigaon,2649,0
2000,Cachar,3896,1
2000,Darrang,15594,0
2000,Dhemaji,826,0
2000,Dhubri,2072,1
2000,Dibrugarh,70,0
2000,Dima Hasao,3490,1
2000,Goalpara,5178,0
2000,Golaghat,157,0
2000,Hailakandi,5216,0
2000,Jorhat,214,0
2000,Kamrup,7063,0
2000,Karbi Anglong,16679,20
2000,Karimganj,477,0
2000,Kokrajhar,3688,2
2000,Lakhimpur,2017,0
2000,Marigaon,481,1
2000,Nagaon,4724,4
2000,Nalbari,1516,1
2000,Sivasagar,47,1
2000,Sonitpur,6089,10
2000,Tinsukia,1437,0
2000,Araria,0,0
2000,Aurangabad,2052,0
2000,Banka,0,0
2000,Begusarai,0,0
2000,Bhagalpur,32,0
2000,Bhojpur,11,0
2000,Buxar,0,0
2000,Darbhanga,0,0
2000,Gaya,1436,0
2000,Gopalganj,7,0
2000,Jamui,1514,0
2000,Jehanabad,0,0
2000,Kaimur (Bhabua),850,0
2000,Katihar,0,0
2000,Khagaria,0,0
2000,Kishanganj,0,0
2000,Lakhisarai,3,0
2000,Madhepura,0,0
2000,Madhubani,0,0
2000,Munger,21,0
2000,Muzaffarpur,86,0
2000,Nalanda,4,0
2000,Nawada,2712,1
2000,Pashchim Champaran,4,0
2000,Patna,263,1
2000,Purbi Champaran,1,0
2000,Purnia,7,0
2000,Rohtas,466,0
2000,Saharsa,0,0
2000,Samastipur,9,0
2000,Saran,21,0
2000,Sheikhpura,0,0
2000,Sheohar,0,0
2000,Sitamarhi,1,0
2000,Siwan,9,0
2000,Supaul,0,0
2000,Vaishali,0,0
2000,Chandigarh,256,0
2000,Bastar,37883,18
2000,Bilaspur,14606,1
2000,Dantewada,20569,4
2000,Dhamtari,17327,0
2000,Durg,8463,0
2000,Janjgir-Champa,5303,7
2000,Jashpur,43047,0
2000,Kabirdham,1432,0
2000,Kanker,69931,7
2000,Korba,26210,9
2000,Korea,11035,3
2000,Mahasamund,10523,3
2000,Raigarh,28007,6
2000,Raipur,11415,3
2000,RajnandGaon,11765,0
2000,Surguja,41639,2
2000,"Dadra And Nagar
Haveli",2415,0
2000,Daman,116,0
2000,Diu,16,0
2000,New Delhi,2631,0
2000,Goa,9164,11
2000,Ahmadabad,910,0
2000,Ahmadabad MC#,1075,2
2000,Amreli,746,0
2000,Banas kantha,513,0
2000,Bharuch,1936,0
2000,Bhavnagar,519,0
2000,Dang,368,0
2000,Gandhinagar,480,0
2000,Jamnagar,1119,0
2000,Junagadh,2460,0
2000,Kachchh,2580,0
2000,Kheda,2671,0
2000,Mahesana,673,0
2000,Panch Mahals,4330,0
2000,Rajkot,643,0
2000,Sabar kantha,839,0
2000,Surat,9498,0
2000,Surendranagar,1395,0
2000,Vadodara,3152,0
2000,Valsad,805,0
2000,Ambala,29,0
2000,Bhiwani,45,0
2000,Faridabad,410,0
2000,Fatehabad,7,0
2000,Gurugram,93,0
2000,Hisar,15,0
2000,Jhajjar,68,0
2000,Jind,12,0
2000,Kaithal,2,0
2000,Karnal,3,0
2000,Kurukshetra,1,0
2000,Mahendragarh,162,0
2000,Panchkula,44,0
2000,Panipat,3,0
2000,Rewari,57,0
2000,Rohtak,24,0
2000,Sirsa,3,0
2000,Sonipat,55,0
2000,Yamunanagar,17,0
2000,Bilaspur,29,0
2000,Chamba,14,0
2000,Hamirpur,33,0
2000,Kangra,191,0
2000,Kullu,29,0
2000,Mandi,74,0
2000,Shimla,46,0
2000,Sirmaur,29,0
2000,Solan,18,0
2000,Una,28,0
2000,Baramulla,5,0
2000,Doda,231,0
2000,Jammu,347,0
2000,Kargil,0,0
2000,Kathua,84,0
2000,Leh Ladakh,0,0
2000,Poonch,477,0
2000,Rajouri,1748,0
2000,Udhampur,153,0
2000,Bokaro,3751,0
2000,Chatra,2497,0
2000,Deoghar,194,0
2000,Dhanbad,2283,0
2000,Dumka,3880,0
2000,East Singhbum,9149,1
2000,Garhwa,12760,0
2000,Giridih,4690,0
2000,Godda,1531,0
2000,Gumla,26000,2
2000,Hazaribagh,9490,0
2000,Koderma,586,0
2000,Lohardaga,4167,2
2000,Pakur,984,0
2000,Palamu,37414,11
2000,Ranchi,6327,0
2000,Sahebganj,2261,0
2000,West Singhbhum,5489,0
2000,A.M.U. Almatti#,1782,0
2000,A.M.U. B. Gudi#,123,0
2000,A.M.U. Kembhavi#,440,0
2000,Bagalkote,5182,0
2000,Ballari,4192,0
2000,Belagavi,2689,1
2000,Bengaluru Rural,426,0
2000,Bengaluru Urban,278,1
2000,Bidar,1431,0
2000,Chamarajanagara,65,0
2000,Chikkamagaluru,3680,1
2000,Chitradurga,18240,2
2000,Dakshina Kannada,2653,0
2000,Davangere,96,0
2000,Dharwad,206,1
2000,Gadag,337,0
2000,Hassan,3230,0
2000,Haveri,122,0
2000,Kalaburagi,7535,0
2000,Kodagu,48,0
2000,Kolar,4144,0
2000,Koppal,4557,0
2000,Mandya,8517,2
2000,Mysuru,2377,1
2000,Raichur,12194,0
2000,Shivamogga,233,1
2000,Tumakuru,14296,2
2000,U.K.P.N. PURA#,2954,0
2000,Udupi,1186,1
2000,Uttara Kannada,131,0
2000,Vijayapura,5774,1
2000,Alappuzha,342,1
2000,Ernakulam,118,1
2000,Idukki,29,0
2000,Kannur,255,1
2000,Kasaragod,366,1
2000,Kollam,315,0
2000,Kottayam,61,1
2000,Kozhikode,255,0
2000,Malappuram,335,2
2000,Palakkad,121,0
2000,Pathanamthitta,255,0
2000,Thiruvananthapuram,179,1
2000,Thrissur,284,1
2000,Wayanad,25,0
2000,Lakshadweep District,5,0
2000,Balaghat,6310,0
2000,Barwani,784,0
2000,Betul,16764,27
2000,Bhind,2790,0
2000,Bhopal,4449,1
2000,Chhatarpur,4051,0
2000,Chhindwara,13170,8
2000,Damoh,2093,0
2000,Datia,154,0
2000,Dewas,721,0
2000,Dhar,2088,0
2000,Dindori,20135,3
2000,East Nimar,2143,0
2000,Guna,4007,0
2000,Gwalior,1799,0
2000,Harda,1362,2
2000,Indore,1119,0
2000,Jabalpur,1541,0
2000,Jhabua,3941,0
2000,Katni,1278,0
2000,Khargone,2100,0
2000,Mandla,29946,10
2000,Mandsaur,770,0
2000,Morena,869,0
2000,Narmadapuram,2507,0
2000,Narsinghpur,2791,0
2000,Neemuch,592,0
2000,Panna,1078,0
2000,Raisen,1318,0
2000,Rajgarh,1703,0
2000,Ratlam,2083,0
2000,Rewa,2395,3
2000,Sagar,12739,0
2000,Satna,3418,0
2000,Sehore,2633,0
2000,Seoni,16326,4
2000,Shahdol,8235,1
2000,Shajapur,951,0
2000,Sheopur,985,0
2000,Shivpuri,3635,0
2000,Sidhi,2071,33
2000,Tikamgarh,1997,0
2000,Ujjain,214,0
2000,Umaria,764,0
2000,Vidisha,1870,1
2000,Ahmednagar,1180,2
2000,Akola,1106,1
2000,Amravati,1929,0
2000,Aurangabad,1850,3
2000,Beed,1740,0
2000,Bhandara,1374,1
2000,Buldhana,880,1
2000,Chandrapur,4136,1
2000,Dhule,1367,0
2000,Gadchiroli,17865,3
2000,Gondia,3931,3
2000,Hingoli,193,0
2000,Jalgaon,1265,0
2000,Jalna,321,0
2000,Kolhapur,266,1
2000,Latur,860,0
2000,Mumbai,11222,5
2000,Nagpur,2459,2
2000,Nagpur MC#,393,0
2000,Nanded,1160,0
2000,Nandurbar,1044,0
2000,Nashik,513,0
2000,Osmanabad,535,0
2000,Parbhani,699,0
2000,Pune,1544,4
2000,Pune MC#,147,0
2000,Raigad,3695,3
2000,Ratnagiri,878,0
2000,Sangli,486,1
2000,Satara,1343,2
2000,Sindhudurg,270,0
2000,Solapur,2219,3
2000,Thane,6319,4
2000,Wardha,1411,0
2000,Washim,718,0
2000,Yavatmal,4088,0
2001,Bishnupur,43,0
2001,Chandel,50,0
2001,Churachandpur,173,0
2001,Imphal,266,0
2001,Senapati,91,0
2001,Tamenglong,208,0
2001,Thoubal,158,0
2001,Ukhrul,75,0
2001,Garo Hills,7052,5
2001,Khasi Hills,2654,2
2001,West Jaintia Hills,3993,4
2001,Aizawl,1092,5
2001,Aizawl West#,4793,24
2001,Chhimtuipui#,1211,2
2001,Lunglei,1963,2
2001,Mon,94,0
2001,Dimapur,47,0
2001,Kohima,228,0
2001,Mokokchung,1429,0
2001,Phek,213,0
2001,Tuensang,405,0
2001,UVBDS Dimapur#,553,0
2001,Wokha,333,0
2001,Zunheboto,141,0
2001,Anugul,16327,49
2001,Balangir,25324,6
2001,Baleshwar,7431,15
2001,Bargarh,17076,5
2001,Bhadrak,1104,6
2001,Boudh,2405,0
2001,Cuttack,3918,1
2001,Deogarh,11231,9
2001,Dhenkanal,25011,4
2001,Gajapati,13008,0
2001,Ganjam,16418,6
2001,Jagatsinghapur,228,0
2001,Jajapur,4809,3
2001,Jharsuguda,4141,1
2001,Kalahandi,25151,49
2001,Kandhamal,37545,13
2001,Kendrapara,773,1
2001,Kendujhar,51565,108
2001,Khordha,4677,0
2001,Koraput,19283,35
2001,Malkangiri,13919,12
2001,Mayurbhanj,31161,27
2001,Nabarangpur,13200,14
2001,Nayagarh,4688,5
2001,Nuapada,30994,32
2001,Puri,486,0
2001,Rayagada,18461,5
2001,Sambalpur,17918,0
2001,Sonepur,9407,0
2001,Sundargarh,81838,61
2001,Karaikal,14,0
2001,Mahe,3,0
2001,Pondicherry,118,0
2001,Yanam,2,0
2001,Amritsar,35,0
2001,Bathinda,36,1
2001,Faridkot,19,0
2001,Fatehgarh Sahib,2,0
2001,Ferozepur,58,0
2001,Gurdaspur,14,0
2001,Hoshiarpur,19,0
2001,Jalandhar,13,0
2001,Kapurthala,78,0
2001,Ludhiana,17,0
2001,Mansa,3,0
2001,Moga,35,0
2001,Patiala,19,0
2001,Rupnagar,14,0
2001,S.A.S Nagar,8,0
2001,Sangrur,106,0
2001,Sri Muktsar Sahib,17,0
2001,Ajmer,1041,1
2001,Alwar,1902,0
2001,Banswara,800,0
2001,Baran,1054,0
2001,Barmer,1497,0
2001,Bharatpur,1375,0
2001,Bhilwara,3662,0
2001,Bikaner,836,1
2001,Bundi,2514,0
2001,Chittorgarh,1328,0
2001,Churu,460,1
2001,Dausa,652,0
2001,Dholpur,551,0
2001,Dungarpur,1168,0
2001,Ganganagar,85,0
2001,Hanumangarh,114,0
2001,Jaipur,1527,2
2001,Jaisalmer,1505,1
2001,Jalore,344,0
2001,Jhalawar,501,0
2001,Jhunjhunu,258,1
2001,Jodhpur,728,0
2001,Karauli,1295,1
2001,Kota,2100,0
2001,Nagaur,781,0
2001,Pali,1315,0
2001,Rajsamand,448,2
2001,Sawai Madhopur,2068,0
2001,Sikar,414,0
2001,Sirohi,557,0
2001,Tonk,1065,0
2001,Udaipur,2028,0
2001,Gangtok,10,0
2001,Gyalshing,0,0
2001,Mangan,0,0
2001,Namchi,6,0
2001,Aranthangi#,26,0
2001,Chengalpattu,97,0
2001,Chennai,31861,0
2001,Cheyyar#,82,0
2001,Coimbatore,7,0
2001,Cuddalore,42,0
2001,Dharapuram#,5,0
2001,Dharmapuri,401,0
2001,Dindigul,357,0
2001,Erode,555,0
2001,Kallakurichi,170,0
2001,Kanchipuram,9,0
2001,Kanniyakumari,992,0
2001,Karur,4,0
2001,Kovilpatti#,42,0
2001,Krishnagiri,27,0
2001,Madurai,31,0
2001,Nagapattinam,179,0
2001,Namakkal,446,0
2001,Palani#,11,0
2001,Paramakudi#,105,0
2001,Perambalur,57,0
2001,Poonamallee#,1605,0
2001,Pudukkottai,18,0
2001,Ramanathapuram,814,0
2001,Salem,1527,0
2001,Sivaganga,46,0
2001,Sivakasi#,24,0
2001,Tenkasi,46,0
2001,Thanjavur,38,0
2001,The Nilgiris,6,0
2001,Theni,0,0
2001,Thiruvallur,115,0
2001,Thiruvarur,62,0
2001,Tiruchirappalli,70,0
2001,Tirunelveli,622,0
2001,Tirupathur,118,0
2001,Tiruppur,4,0
2001,Tiruvannamalai,459,0
2001,Tuticorin,1313,0
2001,Vellore,489,1
2001,Villupuram,168,0
2001,Virudhunagar,3,0
2001,Dhalai,703,0
2001,North Tripura,1153,2
2001,South Tripura,9487,2
2001,West Tripura,902,2
2001,Agra,328,0
2001,Aligarh,1523,0
2001,Ambedkar Nagar,6,0
2001,Amroha,0,0
2001,Auraiya,0,0
2001,Ayodhya,1,0
2001,Azamgarh,3,0
2001,Baghpat,0,0
2001,Bahraich,2747,0
2001,Ballia,16,0
2001,Balrampur,7,0
2001,Banda,781,0
2001,Barabanki,0,0
2001,Bareilly,1501,0
2001,Basti,66,0
2001,Bhadohi,2841,0
2001,Bijnor,1338,0
2001,Budaun,3794,0
2001,Bulandshahr,2539,0
2001,Chandauli,1001,0
2001,Chitrakoot,314,0
2001,Deoria,19,0
2001,Etah,1741,0
2001,Etawah,944,0
2001,Farrukhabad,2081,0
2001,Fatehpur,359,0
2001,Firozabad,1200,0
2001,Gautam Buddha Nagar,1530,0
2001,Ghaziabad,663,0
2001,Ghazipur,2,0
2001,Gonda,26,0
2001,Gorakhpur,19,0
2001,Hamirpur,2257,0
2001,Hardoi,54,0
2001,Hathras,470,0
2001,Jalaun,489,0
2001,Jaunpur,223,0
2001,Jhansi,1768,0
2001,Kannauj,0,0
2001,Kanpur Dehat,297,0
2001,Kanpur Nagar,428,0
2001,Kaushambi,167,0
2001,Kheri,916,0
2001,Kushi Nagar,168,0
2001,Lalitpur,726,0
2001,Lucknow,28,0
2001,Maharajganj,139,0
2001,Mahoba,1006,0
2001,Mainpuri,1644,0
2001,Mathura,1671,0
2001,Mau,60,0
2001,Meerut,245,0
2001,Mirzapur,20313,0
2001,Moradabad,1729,0
2001,Muzaffarnagar,532,0
2001,Pilibhit,41,0
2001,Pratapgarh,228,0
2001,Prayagraj,3737,0
2001,Rae Bareli,147,0
2001,Rampur,1329,0
2001,Saharanpur,486,0
2001,Sant Kabeer Nagar,0,0
2001,Shahjahanpur,45,0
2001,Shravasti,19,0
2001,Siddharth Nagar,47,0
2001,Sitapur,763,0
2001,Sonbhadra,26661,0
2001,Sultanpur,403,0
2001,Unnao,17,0
2001,Varanasi,328,0
2001,Almora,33,0
2001,Bageshwar,0,0
2001,Chamoli,49,0
2001,Champawat,0,0
2001,Dehradun,64,0
2001,Haridwar,735,0
2001,Nainital,188,0
2001,Pauri Garhwal,94,0
2001,Pithoragarh,21,0
2001,Rudra Prayag,0,0
2001,Tehri Garhwal,13,0
2001,Udam Singh Nagar,805,0
2001,Uttar Kashi,6,0
2001,24 Paraganas North,234,0
2001,24 Paraganas South,238,0
2001,Arambagh#,163,0
2001,Bankura,3790,4
2001,Bardhaman,170,3
2001,Barrackpore#,4,0
2001,Basirhat HD#,65,0
2001,Birbhum,155,4
2001,Chandan nagar#,22,0
2001,Contai#,350,0
2001,Coochbehar,3870,2
2001,Darjeeling,186,0
2001,Diamond Harbour HD#,392,0
2001,Dinajpur Dakshin,148,0
2001,Dinajpur Uttar,230,0
2001,Ghatal#,87,0
2001,Hooghly,49,1
2001,Howrah,66,0
2001,Jalpaiguri,20522,16
2001,Jangipur (N)#,391,0
2001,Kalna#,39,0
2001,Kandi#,109,0
2001,Katwa#,14,0
2001,KMUHO#,412,0
2001,Kolkata,84438,55
2001,Maldah,793,0
2001,Midnapur,1582,0
2001,Murshidabad,73,0
2001,Nadia,488,0
2001,Purulia,25126,14
2001,Serampore#,21,0
2001,Tamluk#,598,1
2001,Uluberia#,370,0
2001,Vishnupur#,127,3
2001,Andaman,491,1
2001,Nicobars,434,0
2001,Adilabad,1818,0
2001,Anantapur,995,0
2001,Chittoor,228,0
2001,East Godavari,11466,0
2001,Guntur,907,0
2001,Hyderabad,627,0
2001,Karimnagar,1867,1
2001,Khammam,4316,0
2001,Krishna,5316,0
2001,Kurnool,2614,0
2001,Mahabubnagar,160,0
2001,Medak,29,0
2001,Nalgonda,35,0
2001,Nizamabad,237,0
2001,Prakasam,968,0
2001,Ranga Reddy,400,0
2001,SPSR Nellore,84,0
2001,Srikakulam,2928,0
2001,Visakhapatanam,17124,0
2001,Vizianagaram,3821,0
2001,Warangal,521,0
2001,West Godavari,303,0
2001,Y.S.R.,971,0
2001,Changlang,13122,0
2001,Dibang Valley,8380,14
2001,East Kameng,3448,0
2001,East Siang,10358,0
2001,Lohit,7259,0
2001,Lower Subansiri,215,0
2001,Papum Pare,4911,0
2001,Tirap,2487,0
2001,Upper Siang,100,0
2001,Upper Subansiri,564,0
2001,West Kameng,458,0
2001,West Siang,4728,0
2001,Barpeta,1836,2
2001,Bongaigaon,4200,3
2001,Cachar,3854,0
2001,Darrang,17949,1
2001,Dhemaji,791,3
2001,Dhubri,2202,4
2001,Dibrugarh,84,6
2001,Dima Hasao,3323,0
2001,Goalpara,5846,0
2001,Golaghat,164,20
2001,Hailakandi,4321,0
2001,Jorhat,432,5
2001,Kamrup,6682,6
2001,Karbi Anglong,17243,19
2001,Karimganj,817,1
2001,Kokrajhar,4706,8
2001,Lakhimpur,2517,0
2001,Marigaon,506,6
2001,Nagaon,3690,5
2001,Nalbari,1749,2
2001,Sivasagar,127,4
2001,Sonitpur,8908,9
2001,Tinsukia,3195,18
2001,Araria,0,0
2001,Aurangabad,1181,0
2001,Banka,1,0
2001,Begusarai,0,0
2001,Bhagalpur,22,0
2001,Bhojpur,8,0
2001,Buxar,0,0
2001,Darbhanga,0,0
2001,Gaya,746,0
2001,Gopalganj,4,0
2001,Jamui,502,0
2001,Jehanabad,18,0
2001,Kaimur (Bhabua),235,0
2001,Katihar,0,0
2001,Khagaria,0,0
2001,Kishanganj,1,0
2001,Lakhisarai,3,0
2001,Madhepura,0,0
2001,Madhubani,1,0
2001,Munger,180,0
2001,Muzaffarpur,54,0
2001,Nalanda,2,0
2001,Nawada,978,0
2001,Pashchim Champaran,0,0
2001,Patna,39,0
2001,Purbi Champaran,1,0
2001,Purnia,0,0
2001,Rohtas,103,0
2001,Saharsa,0,0
2001,Samastipur,3,0
2001,Saran,21,0
2001,Sheikhpura,0,0
2001,Sheohar,0,0
2001,Sitamarhi,0,0
2001,Siwan,4,0
2001,Supaul,0,0
2001,Vaishali,1,0
2001,Chandigarh,298,0
2001,Bastar,51844,18
2001,Bilaspur,9667,0
2001,Dantewada,35236,3
2001,Dhamtari,4881,0
2001,Durg,5708,0
2001,Janjgir-Champa,3193,0
2001,Jashpur,33490,0
2001,Kabirdham,1543,0
2001,Kanker,37895,1
2001,Korba,23196,2
2001,Korea,8295,0
2001,Mahasamund,4771,3
2001,Raigarh,19325,0
2001,Raipur,8708,3
2001,RajnandGaon,8779,0
2001,Surguja,34135,2
2001,"Dadra And Nagar
Haveli",848,0
2001,Daman,83,0
2001,Diu,4,0
2001,New Delhi,1484,0
2001,Goa,12331,12
2001,Ahmadabad,3572,0
2001,Ahmadabad MC#,1496,0
2001,Amreli,1441,0
2001,Anand,1576,0
2001,Banas kantha,3839,1
2001,Bharuch,1295,0
2001,Bhavnagar,1583,0
2001,Dang,241,0
2001,Dohad,2531,0
2001,Gandhinagar,511,0
2001,Jamnagar,1811,7
2001,Junagadh,4224,0
2001,Kachchh,15061,4
2001,Kheda,2468,2
2001,Mahesana,862,0
2001,Narmada,593,0
2001,Navsari,299,0
2001,Panch Mahals,1553,0
2001,Patan,4443,4
2001,Porbandar,353,0
2001,Rajkot,2579,0
2001,Sabar kantha,1616,0
2001,Surat,12989,0
2001,Surendranagar,10837,1
2001,Vadodara,3328,0
2001,Valsad,246,0
2001,Ambala,56,0
2001,Bhiwani,128,0
2001,Faridabad,249,0
2001,Fatehabad,1,0
2001,Gurugram,56,0
2001,Hisar,56,0
2001,Jhajjar,136,0
2001,Jind,13,0
2001,Kaithal,0,0
2001,Karnal,4,0
2001,Kurukshetra,1,0
2001,Mahendragarh,210,0
2001,Panchkula,33,0
2001,Panipat,3,0
2001,Rewari,53,0
2001,Rohtak,39,0
2001,Sirsa,50,0
2001,Sonipat,83,0
2001,Yamunanagar,31,0
2001,Bilaspur,11,0
2001,Chamba,3,0
2001,Hamirpur,28,0
2001,Kangra,137,0
2001,Kullu,3,0
2001,Mandi,48,0
2001,Shimla,36,0
2001,Sirmaur,20,0
2001,Solan,17,0
2001,Una,46,0
2001,Baramulla,1,0
2001,Doda,6,0
2001,Jammu,273,0
2001,Kargil,0,0
2001,Kathua,16,0
2001,Leh Ladakh,0,0
2001,Poonch,208,0
2001,Rajouri,331,0
2001,Udhampur,77,0
2001,Bokaro,3157,0
2001,Chatra,3694,0
2001,Deoghar,183,3
2001,Dhanbad,2253,0
2001,Dumka,5498,0
2001,East Singhbum,5891,3
2001,Garhwa,10417,0
2001,Giridih,3922,0
2001,Godda,1863,3
2001,Gumla,23591,9
2001,Hazaribagh,11517,0
2001,Koderma,647,0
2001,Lohardaga,2823,0
2001,Pakur,1994,0
2001,Palamu,37895,3
2001,Ranchi,6155,0
2001,Sahebganj,3471,0
2001,West Singhbhum,5813,0
2001,A.M.U. Almatti#,1226,0
2001,A.M.U. B. Gudi#,107,0
2001,A.M.U. Kembhavi#,826,0
2001,Bagalkote,3937,0
2001,Ballari,6465,0
2001,Belagavi,989,0
2001,Bengaluru Rural,605,0
2001,Bengaluru Urban,377,1
2001,Bidar,1158,0
2001,Chamarajanagara,167,0
2001,Chikkamagaluru,20760,5
2001,Chitradurga,64195,1
2001,Dakshina Kannada,4441,0
2001,Davangere,655,0
2001,Dharwad,323,2
2001,Gadag,462,0
2001,Hassan,8870,0
2001,Haveri,139,0
2001,Kalaburagi,8742,0
2001,Kodagu,101,0
2001,Kolar,3922,0
2001,Koppal,4340,0
2001,Mandya,13917,1
2001,Mysuru,4935,1
2001,Raichur,8413,0
2001,Shivamogga,996,1
2001,Tumakuru,27553,1
2001,U.K.P.N. PURA#,2273,0
2001,Udupi,3176,7
2001,Uttara Kannada,171,0
2001,Vijayapura,3384,1
2001,Alappuzha,318,1
2001,Ernakulam,151,2
2001,Idukki,20,0
2001,Kannur,208,0
2001,Kasaragod,272,1
2001,Kollam,185,1
2001,Kottayam,61,1
2001,Kozhikode,220,0
2001,Malappuram,230,1
2001,Palakkad,89,0
2001,Pathanamthitta,185,0
2001,Thiruvananthapuram,91,1
2001,Thrissur,226,0
2001,Wayanad,33,1
2001,Lakshadweep District,0,0
2001,Balaghat,5418,1
2001,Barwani,935,0
2001,Betul,18440,11
2001,Bhind,1672,1
2001,Bhopal,4476,0
2001,Chhatarpur,2434,0
2001,Chhindwara,8906,0
2001,Damoh,2567,0
2001,Datia,207,0
2001,Dewas,846,0
2001,Dhar,781,0
2001,Dindori,19313,6
2001,East Nimar,1351,0
2001,Guna,4461,0
2001,Gwalior,6844,3
2001,Harda,973,0
2001,Indore,705,0
2001,Jabalpur,1589,0
2001,Jhabua,2010,0
2001,Katni,978,0
2001,Khargone,1194,0
2001,Mandla,33341,11
2001,Mandsaur,1193,0
2001,Morena,659,0
2001,Narmadapuram,3843,0
2001,Narsinghpur,2137,0
2001,Neemuch,1120,0
2001,Panna,1092,0
2001,Raisen,1482,0
2001,Rajgarh,3199,0
2001,Ratlam,2189,0
2001,Rewa,2365,6
2001,Sagar,6781,3
2001,Satna,2891,0
2001,Sehore,2819,0
2001,Seoni,11922,7
2001,Shahdol,4720,0
2001,Shajapur,1118,0
2001,Sheopur,1728,22
2001,Shivpuri,4605,1
2001,Sidhi,2179,9
2001,Tikamgarh,1625,0
2001,Ujjain,223,0
2001,Umaria,1649,0
2001,Vidisha,2138,0
2001,Ahmednagar,449,0
2001,Akola,367,0
2001,Amravati,1590,0
2001,Aurangabad,477,0
2001,Beed,1275,0
2001,Bhandara,482,0
2001,Buldhana,473,0
2001,Chandrapur,2269,2
2001,Dhule,685,0
2001,Gadchiroli,14321,5
2001,Gondia,2280,7
2001,Hingoli,117,1
2001,Jalgaon,470,0
2001,Jalna,113,0
2001,Kolhapur,259,0
2001,Latur,432,0
2001,Mumbai,12580,18
2001,Nagpur,990,0
2001,Nagpur MC#,193,0
2001,Nanded,982,0
2001,Nandurbar,472,0
2001,Nashik,158,0
2001,Osmanabad,267,0
2001,Parbhani,247,0
2001,Pune,798,0
2001,Pune MC#,103,0
2001,Raigad,2105,5
2001,Ratnagiri,488,0
2001,Sangli,390,2
2001,Satara,550,1
2001,Sindhudurg,301,0
2001,Solapur,969,2
2001,Thane,4607,6
2001,Wardha,831,1
2001,Washim,259,0
2001,Yavatmal,2694,0
2002,Bishnupur,73,0
2002,Chandel,66,0
2002,Churachandpur,248,5
2002,Imphal,43,0
2002,Jiribam,72,0
2002,Kangpokpi,71,0
2002,Senapati,4,0
2002,Tamenglong,173,0
2002,Thoubal,97,0
2002,Ukhrul,96,0
2002,Garo Hills,13917,12
2002,Khasi Hills,2668,5
2002,West Jaintia Hills,4045,0
2002,Aizawl,581,4
2002,Aizawl West#,5800,35
2002,Chhimtuipui#,1319,1
2002,Lunglei,3229,3
2002,Mass#,0,0
2002,Mon,264,0
2002,Dimapur,37,0
2002,Kohima,338,0
2002,Mokokchung,1507,0
2002,Phek,254,0
2002,Tuensang,602,0
2002,UVBDS Dimapur#,735,1
2002,Wokha,426,0
2002,Zunheboto,155,0
2002,Anugul,10865,27
2002,Balangir,27110,3
2002,Baleshwar,5227,4
2002,Bargarh,10728,7
2002,Bhadrak,937,2
2002,Boudh,2755,0
2002,Cuttack,3790,1
2002,Deogarh,8048,7
2002,Dhenkanal,20517,3
2002,Gajapati,12190,1
2002,Ganjam,19195,5
2002,Jagatsinghapur,181,1
2002,Jajapur,7955,6
2002,Jharsuguda,3257,2
2002,Kalahandi,17836,10
2002,Kandhamal,41725,8
2002,Kendrapara,504,0
2002,Kendujhar,40291,67
2002,Khordha,4992,3
2002,Koraput,21474,24
2002,Malkangiri,12107,9
2002,Mayurbhanj,23537,23
2002,Nabarangpur,15269,5
2002,Nayagarh,6437,12
2002,Nuapada,23927,32
2002,Puri,515,0
2002,Rayagada,18354,3
2002,Sambalpur,18867,0
2002,Sonepur,7205,0
2002,Sundargarh,68746,40
2002,Karaikal,12,0
2002,Mahe,4,0
2002,Pondicherry,88,0
2002,Yanam,2,0
2002,Amritsar,37,0
2002,Bathinda,10,0
2002,Faridkot,12,0
2002,Fatehgarh Sahib,9,0
2002,Ferozepur,67,0
2002,Gurdaspur,8,0
2002,Hoshiarpur,14,0
2002,Jalandhar,7,0
2002,Kapurthala,14,0
2002,Ludhiana,20,0
2002,Mansa,13,0
2002,Moga,5,0
2002,Patiala,53,0
2002,Rupnagar,13,0
2002,S.A.S Nagar,6,0
2002,Sangrur,284,0
2002,Sri Muktsar Sahib,32,0
2002,Ajmer,4471,1
2002,Alwar,1645,4
2002,Banswara,1634,0
2002,Baran,1993,0
2002,Barmer,26964,0
2002,Bharatpur,676,0
2002,Bhilwara,7820,0
2002,Bikaner,5012,9
2002,Bundi,3755,0
2002,Chittorgarh,5609,0
2002,Churu,1160,0
2002,Dausa,514,0
2002,Dholpur,333,0
2002,Dungarpur,3848,0
2002,Ganganagar,298,0
2002,Hanumangarh,382,0
2002,Jaipur,2722,4
2002,Jaisalmer,14948,6
2002,Jalore,3056,0
2002,Jhalawar,966,0
2002,Jhunjhunu,881,2
2002,Jodhpur,10820,4
2002,Karauli,1257,0
2002,Kota,2534,1
2002,Nagaur,2468,1
2002,Pali,5502,1
2002,Rajsamand,2466,1
2002,Sawai Madhopur,2437,0
2002,Sikar,1106,2
2002,Sirohi,2064,0
2002,Tonk,1503,0
2002,Udaipur,8389,0
2002,Gangtok,23,0
2002,Gyalshing,1,0
2002,Mangan,1,0
2002,Namchi,6,0
2002,Aranthangi#,33,0
2002,Chengalpattu,40,0
2002,Chennai,23652,0
2002,Cheyyar#,84,0
2002,Coimbatore,10,0
2002,Cuddalore,34,0
2002,Dharapuram#,0,0
2002,Dharmapuri,263,0
2002,Dindigul,110,0
2002,Erode,285,0
2002,Kallakurichi,102,0
2002,Kanchipuram,6,0
2002,Kanniyakumari,587,0
2002,Karur,20,0
2002,Kovilpatti#,42,0
2002,Krishnagiri,8,0
2002,Madurai,35,0
2002,Nagapattinam,95,0
2002,Namakkal,318,0
2002,Palani#,2,0
2002,Paramakudi#,68,0
2002,Perambalur,73,0
2002,Poonamallee#,1457,0
2002,Pudukkottai,17,0
2002,Ramanathapuram,809,0
2002,Salem,1189,0
2002,Sivaganga,38,0
2002,Sivakasi#,0,0
2002,Tenkasi,28,0
2002,Thanjavur,18,0
2002,The Nilgiris,6,0
2002,Theni,2,0
2002,Thiruvallur,32,0
2002,Thiruvarur,35,0
2002,Tiruchirappalli,33,0
2002,Tirunelveli,31,0
2002,Tirupathur,161,0
2002,Tiruppur,7,0
2002,Tiruvannamalai,236,0
2002,Tuticorin,1079,0
2002,Vellore,378,0
2002,Villupuram,125,0
2002,Virudhunagar,3,0
2002,Dhalai,1381,1
2002,North Tripura,1791,2
2002,South Tripura,12066,5
2002,West Tripura,3264,1
2002,Agra,578,0
2002,Aligarh,1050,0
2002,Ambedkar Nagar,7,0
2002,Amroha,0,0
2002,Auraiya,0,0
2002,Ayodhya,1036,0
2002,Azamgarh,4,0
2002,Baghpat,0,0
2002,Bahraich,3685,0
2002,Ballia,11,0
2002,Balrampur,2,0
2002,Banda,755,0
2002,Barabanki,5,0
2002,Bareilly,2791,0
2002,Basti,118,0
2002,Bhadohi,2982,0
2002,Bijnor,1830,0
2002,Budaun,3457,0
2002,Bulandshahr,1714,0
2002,Chandauli,1116,0
2002,Chitrakoot,271,0
2002,Deoria,37,0
2002,Etah,1238,0
2002,Etawah,608,0
2002,Farrukhabad,1355,0
2002,Fatehpur,54,0
2002,Firozabad,14,0
2002,Gautam Buddha Nagar,1409,0
2002,Ghaziabad,856,0
2002,Ghazipur,2,0
2002,Gonda,49,0
2002,Gorakhpur,6,0
2002,Hamirpur,2564,0
2002,Hardoi,92,0
2002,Hathras,278,0
2002,Jalaun,566,0
2002,Jaunpur,444,0
2002,Jhansi,746,0
2002,Kannauj,0,0
2002,Kanpur Dehat,276,0
2002,Kanpur Nagar,423,0
2002,Kaushambi,167,0
2002,Kheri,2191,15
2002,Kushi Nagar,169,0
2002,Lalitpur,0,0
2002,Lucknow,45,0
2002,Maharajganj,202,0
2002,Mahoba,1073,0
2002,Mainpuri,1096,0
2002,Mathura,830,0
2002,Mau,72,0
2002,Meerut,258,0
2002,Mirzapur,17927,0
2002,Moradabad,1238,0
2002,Muzaffarnagar,546,0
2002,Pilibhit,65,0
2002,Pratapgarh,94,0
2002,Prayagraj,2333,0
2002,Rae Bareli,27,0
2002,Rampur,683,0
2002,Saharanpur,891,0
2002,Sant Kabeer Nagar,32,0
2002,Shahjahanpur,138,0
2002,Shravasti,51,0
2002,Siddharth Nagar,84,0
2002,Sitapur,668,0
2002,Sonbhadra,30748,0
2002,Sultanpur,185,0
2002,Unnao,28,0
2002,Varanasi,254,0
2002,Almora,15,0
2002,Bageshwar,2,0
2002,Chamoli,19,0
2002,Champawat,0,0
2002,Dehradun,41,0
2002,Haridwar,245,0
2002,Nainital,74,0
2002,Pauri Garhwal,75,0
2002,Pithoragarh,21,0
2002,Rudra Prayag,0,0
2002,Tehri Garhwal,1,0
2002,Udam Singh Nagar,695,0
2002,Uttar Kashi,8,0
2002,24 Paraganas North,170,4
2002,24 Paraganas South,230,0
2002,Arambagh#,241,0
2002,Bankura,2312,6
2002,Bardhaman,199,12
2002,Barrackpore#,3,0
2002,Basirhat HD#,28,0
2002,Birbhum,290,11
2002,Chandan nagar#,18,0
2002,Contai#,333,0
2002,Coochbehar,5213,15
2002,Darjeeling,516,0
2002,Diamond Harbour HD#,199,0
2002,Dinajpur Dakshin,121,1
2002,Dinajpur Uttar,120,0
2002,Ghatal#,112,0
2002,Hooghly,141,0
2002,Howrah,79,1
2002,Jalpaiguri,34000,38
2002,Jangipur (N)#,460,0
2002,Kalna#,11,0
2002,Kandi#,309,0
2002,Katwa#,15,0
2002,KMUHO#,226,0
2002,Kolkata,71807,81
2002,Maldah,1055,1
2002,Midnapur,2840,1
2002,Murshidabad,44,1
2002,Nadia,481,0
2002,Purulia,22565,19
2002,Serampore#,19,0
2002,Tamluk#,475,0
2002,Uluberia#,335,0
2002,Vishnupur#,86,0
2002,Andaman,388,1
2002,Nicobars,477,0
2002,Adilabad,1360,0
2002,Anantapur,745,0
2002,Chittoor,148,0
2002,East Godavari,5748,0
2002,Guntur,470,0
2002,Hyderabad,603,0
2002,Karimnagar,310,0
2002,Khammam,1828,0
2002,Krishna,4203,0
2002,Kurnool,2211,0
2002,Mahabubnagar,125,0
2002,Medak,50,0
2002,Nalgonda,15,0
2002,Nizamabad,194,0
2002,Prakasam,805,0
2002,Ranga Reddy,332,0
2002,SPSR Nellore,65,0
2002,Srikakulam,2264,0
2002,Visakhapatanam,11816,0
2002,Vizianagaram,3071,0
2002,Warangal,254,0
2002,West Godavari,264,0
2002,Y.S.R.,1172,0
2002,Changlang,6602,0
2002,Dibang Valley,6619,0
2002,East Kameng,545,0
2002,East Siang,12533,0
2002,Lohit,5907,0
2002,Lower Subansiri,140,0
2002,Papum Pare,4012,0
2002,Tirap,2293,0
2002,Upper Siang,155,0
2002,Upper Subansiri,404,0
2002,West Kameng,221,0
2002,West Siang,7000,0
2002,Barpeta,2637,2
2002,Bongaigaon,2592,0
2002,Cachar,3472,2
2002,Darrang,15160,3
2002,Dhemaji,2629,2
2002,Dhubri,1965,0
2002,Dibrugarh,44,0
2002,Dima Hasao,3269,1
2002,Goalpara,4564,0
2002,Golaghat,544,23
2002,Hailakandi,7029,0
2002,Jorhat,334,1
2002,Kamrup,5584,3
2002,Karbi Anglong,13504,8
2002,Karimganj,706,0
2002,Kokrajhar,7488,1
2002,Lakhimpur,3143,1
2002,Marigaon,390,2
2002,Nagaon,5303,7
2002,Nalbari,1764,0
2002,Sivasagar,42,1
2002,Sonitpur,5802,6
2002,Tinsukia,1636,9
2002,Araria,0,0
2002,Aurangabad,885,0
2002,Banka,1,0
2002,Begusarai,0,0
2002,Bhagalpur,22,1
2002,Bhojpur,6,0
2002,Buxar,0,0
2002,Darbhanga,0,0
2002,Gaya,1231,1
2002,Gopalganj,2,0
2002,Jamui,738,0
2002,Jehanabad,4,0
2002,Kaimur (Bhabua),305,0
2002,Katihar,0,0
2002,Khagaria,0,0
2002,Kishanganj,2,0
2002,Lakhisarai,0,0
2002,Madhepura,0,0
2002,Madhubani,1,0
2002,Munger,255,0
2002,Muzaffarpur,14,0
2002,Nalanda,1,0
2002,Nawada,105,0
2002,Pashchim Champaran,1,0
2002,Patna,24,0
2002,Purbi Champaran,0,0
2002,Purnia,1,0
2002,Rohtas,71,0
2002,Saharsa,0,0
2002,Samastipur,4,0
2002,Saran,9,0
2002,Sheikhpura,0,0
2002,Sheohar,0,0
2002,Sitamarhi,0,0
2002,Siwan,0,0
2002,Supaul,0,0
2002,Vaishali,1,0
2002,Chandigarh,157,0
2002,Bastar,38704,3
2002,Bilaspur,6767,0
2002,Dantewada,32322,0
2002,Dhamtari,3245,0
2002,Durg,3333,0
2002,Janjgir-Champa,2919,0
2002,Jashpur,38552,0
2002,Kabirdham,1313,0
2002,Kanker,24876,0
2002,Korba,18905,0
2002,Korea,7702,0
2002,Mahasamund,2205,0
2002,Raigarh,18265,0
2002,Raipur,4913,0
2002,RajnandGaon,3792,0
2002,Surguja,27621,0
2002,Dadra And Nagar Haveli,493,0
2002,Daman,154,0
2002,Diu,19,0
2002,New Delhi,694,0
2002,Goa,16818,15
2002,Ahmadabad,1706,0
2002,Ahmadabad MC#,4090,3
2002,Amreli,2260,0
2002,Anand,10189,0
2002,Banas kantha,2355,1
2002,Bharuch,1170,0
2002,Bhavnagar,4264,0
2002,Dang,131,0
2002,Dohad,2713,0
2002,Gandhinagar,654,1
2002,Jamnagar,1439,1
2002,Junagadh,4739,0
2002,Kachchh,8671,1
2002,Kheda,6487,2
2002,Mahesana,832,0
2002,Narmada,387,1
2002,Navsari,586,1
2002,Panch Mahals,1758,0
2002,Patan,1725,1
2002,Porbandar,420,0
2002,Rajkot,2094,0
2002,Sabar kantha,1120,0
2002,Surat,9775,0
2002,Surendranagar,8555,1
2002,Vadodara,3733,4
2002,Valsad,1113,0
2002,Ambala,47,0
2002,Bhiwani,78,0
2002,Faridabad,79,0
2002,Fatehabad,5,0
2002,Gurugram,22,0
2002,Hisar,36,0
2002,Jhajjar,10,0
2002,Jind,118,0
2002,Kaithal,1,0
2002,Karnal,88,0
2002,Kurukshetra,1,0
2002,Mahendragarh,155,0
2002,Panchkula,24,0
2002,Panipat,5,0
2002,Rewari,65,0
2002,Rohtak,23,0
2002,Sirsa,14,0
2002,Sonipat,51,0
2002,Yamunanagar,114,0
2002,Bilaspur,11,0
2002,Chamba,0,0
2002,Hamirpur,28,0
2002,Kangra,96,0
2002,Kullu,1,0
2002,Mandi,14,0
2002,Shimla,16,0
2002,Sirmaur,0,0
2002,Solan,1,0
2002,Una,9,0
2002,Baramulla,1,0
2002,Doda,12,0
2002,Jammu,47,0
2002,Kargil,0,0
2002,Kathua,13,0
2002,Leh Ladakh,0,0
2002,Poonch,110,0
2002,Rajouri,163,0
2002,Udhampur,73,0
2002,UMCP Jammu#,36,0
2002,Bokaro,2942,0
2002,Chatra,3580,0
2002,Deoghar,330,8
2002,Dhanbad,1347,1
2002,Dumka,4561,0
2002,East Singhbum,3825,0
2002,Garhwa,16835,0
2002,Giridih,5352,0
2002,Godda,2095,0
2002,Gumla,8977,18
2002,Hazaribagh,11664,0
2002,Jamtara,0,0
2002,Koderma,541,0
2002,Latehar,10337,2
2002,Lohardaga,2503,0
2002,Pakur,2764,0
2002,Palamu,22521,1
2002,Ranchi,4910,0
2002,Sahebganj,2483,0
2002,Saraikela Kharsawan,2526,0
2002,Simdega,12921,1
2002,West Singhbhum,3575,0
2002,A.M.U. Almatti#,846,0
2002,A.M.U. B. Gudi#,89,0
2002,A.M.U. Kembhavi#,1270,0
2002,Bagalkote,2455,0
2002,Ballari,6494,0
2002,Belagavi,303,0
2002,Bengaluru Rural,774,0
2002,Bengaluru Urban,378,4
2002,Bidar,703,0
2002,Chamarajanagara,204,1
2002,Chikkamagaluru,2689,0
2002,Chitradurga,18715,0
2002,Dakshina Kannada,5069,0
2002,Davangere,393,2
2002,Dharwad,403,0
2002,Gadag,444,0
2002,Hassan,7352,0
2002,Haveri,312,1
2002,Kalaburagi,6044,0
2002,Kodagu,140,0
2002,Kolar,14083,2
2002,Koppal,2124,0
2002,Mandya,14647,0
2002,Mysuru,6439,12
2002,Raichur,9653,0
2002,Shivamogga,433,1
2002,Tumakuru,21960,1
2002,U.K.P.N. PURA#,2668,0
2002,Udupi,2700,9
2002,Uttara Kannada,128,0
2002,Vijayapura,2672,0
2002,Alappuzha,319,0
2002,Ernakulam,225,1
2002,Idukki,38,1
2002,Kannur,300,1
2002,Kasaragod,712,2
2002,Kollam,252,0
2002,Kottayam,65,0
2002,Kozhikode,295,0
2002,Malappuram,257,0
2002,Palakkad,138,0
2002,Pathanamthitta,264,1
2002,Thiruvananthapuram,192,1
2002,Thrissur,266,1
2002,Wayanad,37,0
2002,Lakshadweep District,8,0
2002,Balaghat,4140,4
2002,Barwani,526,0
2002,Betul,4911,2
2002,Bhind,1022,1
2002,Bhopal,2821,0
2002,Chhatarpur,1412,0
2002,Chhindwara,4786,1
2002,Damoh,1812,0
2002,Datia,89,0
2002,Dewas,552,0
2002,Dhar,515,1
2002,Dindori,12717,2
2002,East Nimar,495,0
2002,Guna,3204,0
2002,Gwalior,612,0
2002,Harda,298,0
2002,Indore,520,0
2002,Jabalpur,1104,3
2002,Jhabua,2538,0
2002,Katni,416,0
2002,Khargone,802,1
2002,Mandla,18626,4
2002,Mandsaur,480,0
2002,Morena,361,0
2002,Narmadapuram,1505,0
2002,Narsinghpur,1413,0
2002,Neemuch,705,0
2002,Panna,858,0
2002,Raisen,1439,1
2002,Rajgarh,1773,0
2002,Ratlam,1779,0
2002,Rewa,2114,2
2002,Sagar,3626,2
2002,Satna,2670,0
2002,Sehore,1756,0
2002,Seoni,8296,0
2002,Shahdol,5197,0
2002,Shajapur,635,0
2002,Sheopur,685,0
2002,Shivpuri,3480,3
2002,Sidhi,2098,3
2002,Tikamgarh,1015,0
2002,Ujjain,204,0
2002,Umaria,774,0
2002,Vidisha,2037,0
2002,Ahmednagar,192,0
2002,Akola,357,0
2002,Amravati,888,1
2002,Aurangabad,405,0
2002,Beed,851,1
2002,Bhandara,403,0
2002,Buldhana,559,0
2002,Chandrapur,2629,1
2002,Dhule,575,1
2002,Gadchiroli,7703,3
2002,Gondia,2043,9
2002,Hingoli,107,0
2002,Jalgaon,437,0
2002,Jalna,102,1
2002,Kolhapur,154,0
2002,Latur,279,0
2002,Mumbai,13542,18
2002,Nagpur,553,1
2002,Nagpur MC#,142,2
2002,Nanded,962,0
2002,Nandurbar,219,0
2002,Nashik,75,0
2002,Osmanabad,132,0
2002,Parbhani,213,1
2002,Pune,431,0
2002,Pune MC#,177,0
2002,Raigad,2414,0
2002,Ratnagiri,472,1
2002,Sangli,253,0
2002,Satara,460,1
2002,Sindhudurg,308,1
2002,Solapur,386,0
2002,Thane,3694,0
2002,Wardha,585,1
2002,Washim,215,0
2002,Yavatmal,2651,0
2003,Bishnupur,26,0
2003,Chandel,216,1
2003,Churachandpur,169,6
2003,Imphal,84,0
2003,Jiribam,212,0
2003,Kangpokpi,40,2
2003,Senapati,17,0
2003,Tamenglong,139,0
2003,Thoubal,181,0
2003,Ukhrul,184,0
2003,Garo Hills,9435,24
2003,Khasi Hills,3532,12
2003,West Jaintia Hills,4951,5
2003,Aizawl,153,5
2003,Aizawl West#,891,14
2003,Champhai,106,2
2003,Kolasib,2244,4
2003,Lawngtlai,125,0
2003,Lunglei,2074,0
2003,Mamit,1184,3
2003,Saiha,765,0
2003,Serchhip,317,7
2003,Mon,140,0
2003,Dimapur,7,0
2003,Kohima,312,0
2003,Mokokchung,1298,0
2003,Phek,188,0
2003,Tuensang,910,0
2003,UVBDS Dimapur#,464,0
2003,Wokha,347,0
2003,Zunheboto,279,0
2003,Anugul,11458,67
2003,Balangir,18569,2
2003,Baleshwar,3510,4
2003,Bargarh,7253,8
2003,Bhadrak,930,9
2003,Boudh,3709,11
2003,Cuttack,4139,7
2003,Deogarh,8329,13
2003,Dhenkanal,21582,23
2003,Gajapati,14899,13
2003,Ganjam,20340,5
2003,Jagatsinghapur,165,0
2003,Jajapur,9998,5
2003,Jharsuguda,4574,2
2003,Kalahandi,24666,12
2003,Kandhamal,39200,18
2003,Kendrapara,586,0
2003,Kendujhar,27212,35
2003,Khordha,6204,30
2003,Koraput,22267,21
2003,Malkangiri,18657,23
2003,Mayurbhanj,24163,21
2003,Nabarangpur,22344,12
2003,Nayagarh,7441,34
2003,Nuapada,28170,2
2003,Puri,425,2
2003,Rayagada,26943,11
2003,Sambalpur,21979,43
2003,Sonepur,7926,0
2003,Sundargarh,65585,32
2003,Karaikal,19,0
2003,Mahe,1,0
2003,Pondicherry,81,0
2003,Yanam,2,0
2003,Amritsar,63,0
2003,Bathinda,28,0
2003,Faridkot,8,0
2003,Fatehgarh Sahib,1,0
2003,Ferozepur,45,0
2003,Gurdaspur,12,0
2003,Hoshiarpur,12,0
2003,Jalandhar,0,0
2003,Kapurthala,6,0
2003,Ludhiana,5,0
2003,Mansa,6,0
2003,Moga,1,0
2003,Patiala,12,0
2003,Rupnagar,8,0
2003,S.A.S Nagar,1,0
2003,Sangrur,38,0
2003,Sri Muktsar Sahib,4,0
2003,Ajmer,2399,1
2003,Alwar,623,1
2003,Banswara,1056,0
2003,Baran,1669,0
2003,Barmer,11567,0
2003,Bharatpur,425,0
2003,Bhilwara,6010,0
2003,Bikaner,1174,0
2003,Bundi,2461,0
2003,Chittorgarh,3583,0
2003,Churu,757,0
2003,Dausa,187,1
2003,Dholpur,151,0
2003,Dungarpur,2382,3
2003,Ganganagar,126,0
2003,Hanumangarh,180,0
2003,Jaipur,900,1
2003,Jaisalmer,6500,0
2003,Jalore,1949,0
2003,Jhalawar,679,0
2003,Jhunjhunu,563,0
2003,Jodhpur,3699,0
2003,Karauli,608,1
2003,Kota,2046,0
2003,Nagaur,1776,1
2003,Pali,3126,0
2003,Rajsamand,1528,0
2003,Sawai Madhopur,1755,0
2003,Sikar,427,1
2003,Sirohi,2076,0
2003,Tonk,547,1
2003,Udaipur,5698,0
2003,Gangtok,47,0
2003,Gyalshing,0,0
2003,Mangan,0,0
2003,Namchi,6,0
2003,Aranthangi#,26,0
2003,Chengalpattu,54,0
2003,Chennai,27205,0
2003,Cheyyar#,115,0
2003,Coimbatore,12,0
2003,Cuddalore,35,0
2003,Dharapuram#,8,0
2003,Dharmapuri,401,0
2003,Dindigul,123,0
2003,Erode,163,0
2003,Kallakurichi,130,0
2003,Kanchipuram,16,0
2003,Kanniyakumari,630,0
2003,Karur,40,0
2003,Kovilpatti#,97,0
2003,Krishnagiri,40,0
2003,Madurai,51,0
2003,Nagapattinam,51,0
2003,Namakkal,127,0
2003,Palani#,9,0
2003,Paramakudi#,111,0
2003,Perambalur,45,0
2003,Poonamallee#,817,0
2003,Pudukkottai,18,0
2003,Ramanathapuram,958,0
2003,Salem,497,0
2003,Sivaganga,52,0
2003,Sivakasi#,21,0
2003,Tenkasi,35,0
2003,Thanjavur,33,0
2003,The Nilgiris,18,0
2003,Theni,6,0
2003,Thiruvallur,16,0
2003,Thiruvarur,39,0
2003,Tiruchirappalli,20,0
2003,Tirunelveli,91,0
2003,Tirupathur,181,0
2003,Tiruppur,15,0
2003,Tiruvannamalai,311,0
2003,Tuticorin,1029,0
2003,Vellore,673,0
2003,Villupuram,197,0
2003,Virudhunagar,7,0
2003,Dhalai,1268,0
2003,North Tripura,1159,1
2003,South Tripura,8786,4
2003,West Tripura,2106,0
2003,Agra,408,0
2003,Aligarh,820,0
2003,Ambedkar Nagar,7,0
2003,Amroha,541,0
2003,Auraiya,245,0
2003,Ayodhya,3,0
2003,Azamgarh,0,0
2003,Baghpat,0,0
2003,Bahraich,473,0
2003,Ballia,6,0
2003,Balrampur,9,0
2003,Banda,1046,0
2003,Barabanki,133,0
2003,Bareilly,2928,0
2003,Basti,53,0
2003,Bhadohi,2445,0
2003,Bijnor,1113,0
2003,Budaun,4559,0
2003,Bulandshahr,1064,0
2003,Chandauli,947,0
2003,Chitrakoot,278,0
2003,Deoria,30,0
2003,Etah,1572,0
2003,Etawah,381,0
2003,Farrukhabad,363,0
2003,Fatehpur,95,0
2003,Firozabad,758,0
2003,Gautam Buddha Nagar,198,0
2003,Ghaziabad,355,0
2003,Ghazipur,3,0
2003,Gonda,157,0
2003,Gorakhpur,1,0
2003,Hamirpur,2305,0
2003,Hardoi,326,0
2003,Hathras,185,0
2003,Jalaun,737,0
2003,Jaunpur,915,0
2003,Jhansi,947,0
2003,Kannauj,447,0
2003,Kanpur Dehat,228,0
2003,Kanpur Nagar,418,0
2003,Kaushambi,161,0
2003,Kheri,2130,0
2003,Kushi Nagar,171,0
2003,Lalitpur,1630,0
2003,Lucknow,29,0
2003,Maharajganj,81,0
2003,Mahoba,1285,0
2003,Mainpuri,916,0
2003,Mathura,302,0
2003,Mau,26,0
2003,Meerut,123,0
2003,Mirzapur,18938,0
2003,Moradabad,511,0
2003,Muzaffarnagar,720,0
2003,Pilibhit,36,0
2003,Pratapgarh,61,0
2003,Prayagraj,1946,0
2003,Rae Bareli,17,0
2003,Rampur,441,0
2003,Saharanpur,768,0
2003,Sant Kabeer Nagar,27,0
2003,Shahjahanpur,134,0
2003,Shravasti,0,0
2003,Siddharth Nagar,185,0
2003,Sitapur,336,0
2003,Sonbhadra,31375,0
2003,Sultanpur,85,0
2003,Unnao,17,0
2003,Varanasi,249,0
2003,Almora,20,0
2003,Bageshwar,5,0
2003,Chamoli,12,0
2003,Champawat,0,0
2003,Dehradun,115,0
2003,Haridwar,389,0
2003,Nainital,363,0
2003,Pauri Garhwal,44,0
2003,Pithoragarh,14,0
2003,Rudra Prayag,0,0
2003,Tehri Garhwal,0,0
2003,Udam Singh Nagar,692,0
2003,Uttar Kashi,5,0
2003,24 Paraganas North,112,0
2003,24 Paraganas South,1580,2
2003,Arambagh#,37,1
2003,Bankura,1072,7
2003,Bardhaman,124,1
2003,Barrackpore#,5,0
2003,Basirhat HD#,23,0
2003,Birbhum,412,21
2003,Chandan nagar#,14,0
2003,Contai#,235,0
2003,Coochbehar,5626,14
2003,Darjeeling,2236,1
2003,Diamond Harbour HD#,331,0
2003,Dinajpur Dakshin,88,0
2003,Dinajpur Uttar,128,0
2003,Ghatal#,193,0
2003,Hooghly,59,0
2003,Howrah,32,1
2003,Howrah Municipality#,0,11
2003,Jalpaiguri,78346,42
2003,Jangipur (N)#,390,0
2003,Kalna#,20,0
2003,Kandi#,283,0
2003,Katwa#,15,0
2003,KMUHO#,25355,1
2003,Kolkata,53951,42
2003,Maldah,1439,0
2003,Midnapur,4080,1
2003,Murshidabad,110,0
2003,Nadia,474,0
2003,Purulia,16772,4
2003,Serampore#,19,0
2003,Tamluk#,494,0
2003,Uluberia#,250,0
2003,Vishnupur#,116,3
2003,Andaman,326,0
2003,Nicobars,427,0
2003,Adilabad,900,0
2003,Anantapur,666,0
2003,Chittoor,152,0
2003,East Godavari,5274,2
2003,Guntur,393,0
2003,Hyderabad,593,0
2003,Karimnagar,153,0
2003,Khammam,803,0
2003,Krishna,4828,0
2003,Kurnool,1564,0
2003,Mahabubnagar,927,0
2003,Medak,59,0
2003,Nalgonda,12,0
2003,Nizamabad,95,0
2003,Prakasam,1205,0
2003,Ranga Reddy,340,0
2003,SPSR Nellore,65,0
2003,Srikakulam,1130,0
2003,Visakhapatanam,12597,0
2003,Vizianagaram,2622,0
2003,Warangal,187,1
2003,West Godavari,231,0
2003,Y.S.R.,1199,0
2003,Changlang,5517,0
2003,Dibang Valley,4391,0
2003,East Kameng,1863,0
2003,East Siang,9550,0
2003,Lohit,5928,0
2003,Lower Subansiri,117,0
2003,Papum Pare,932,0
2003,Tirap,1771,0
2003,Upper Siang,500,0
2003,Upper Subansiri,264,0
2003,West Kameng,125,0
2003,West Siang,3852,0
2003,Barpeta,1632,0
2003,Bongaigaon,2118,0
2003,Cachar,3956,1
2003,Darrang,12203,1
2003,Dhemaji,964,4
2003,Dhubri,1552,1
2003,Dibrugarh,36,0
2003,Dima Hasao,2551,1
2003,Goalpara,3809,0
2003,Golaghat,471,3
2003,Hailakandi,7568,6
2003,Jorhat,136,0
2003,Kamrup,4237,0
2003,Karbi Anglong,13484,18
2003,Karimganj,803,0
2003,Kokrajhar,4841,0
2003,Lakhimpur,3076,0
2003,Marigaon,352,0
2003,Nagaon,5002,9
2003,Nalbari,1466,0
2003,Sivasagar,23,0
2003,Sonitpur,4784,9
2003,Tinsukia,1506,0
2003,Araria,0,0
2003,Aurangabad,750,0
2003,Banka,0,0
2003,Begusarai,0,0
2003,Bhagalpur,28,0
2003,Bhojpur,3,0
2003,Buxar,0,0
2003,Darbhanga,0,0
2003,Gaya,633,1
2003,Gopalganj,0,0
2003,Jamui,666,0
2003,Jehanabad,0,0
2003,Kaimur (Bhabua),37,0
2003,Katihar,0,0
2003,Khagaria,0,0
2003,Kishanganj,0,0
2003,Lakhisarai,0,0
2003,Madhepura,0,0
2003,Madhubani,0,0
2003,Munger,233,0
2003,Muzaffarpur,6,0
2003,Nalanda,0,0
2003,Nawada,34,0
2003,Pashchim Champaran,6,0
2003,Patna,12,0
2003,Purbi Champaran,0,0
2003,Purnia,0,0
2003,Rohtas,229,0
2003,Saharsa,0,0
2003,Samastipur,2,0
2003,Saran,11,0
2003,Sheikhpura,0,0
2003,Sheohar,0,0
2003,Sitamarhi,0,0
2003,Siwan,0,0
2003,Supaul,0,0
2003,Vaishali,2,0
2003,Chandigarh,84,0
2003,Bastar,37638,0
2003,Bilaspur,6313,1
2003,Dantewada,26025,1
2003,Dhamtari,754,0
2003,Durg,2811,0
2003,Janjgir-Champa,1271,0
2003,Jashpur,23452,0
2003,Kabirdham,812,0
2003,Kanker,27034,0
2003,Korba,15586,0
2003,Korea,9161,2
2003,Mahasamund,1355,0
2003,Raigarh,13004,0
2003,Raipur,2832,0
2003,RajnandGaon,4501,0
2003,Surguja,21870,0
2003,"Dadra And Nagar
Haveli",468,0
2003,Daman,121,0
2003,Diu,20,0
2003,New Delhi,839,0
2003,North Goa,8780,0
2003,South Goa,2590,1
2003,Ahmadabad,2320,2
2003,Ahmadabad MC#,5444,15
2003,Amreli,3250,0
2003,Anand,8566,0
2003,Banas kantha,5180,0
2003,Bharuch,1859,1
2003,Bhavnagar,3964,1
2003,Dang,34,0
2003,Dohad,6718,2
2003,Gandhinagar,1061,2
2003,Jamnagar,3128,10
2003,Junagadh,3851,2
2003,Kachchh,22087,6
2003,Kheda,12510,4
2003,Mahesana,1293,0
2003,Narmada,435,0
2003,Navsari,398,0
2003,Panch Mahals,8120,3
2003,Patan,8558,4
2003,Porbandar,791,1
2003,Rajkot,5206,4
2003,Sabar kantha,1833,1
2003,Surat,8950,0
2003,Surendranagar,10364,2
2003,Vadodara,3805,5
2003,Valsad,1019,0
2003,Ambala,76,0
2003,Bhiwani,463,0
2003,Faridabad,373,0
2003,Fatehabad,14,0
2003,Gurugram,909,0
2003,Hisar,71,0
2003,Jhajjar,507,0
2003,Jind,27,0
2003,Kaithal,5,0
2003,Karnal,137,0
2003,Kurukshetra,2,0
2003,Mahendragarh,244,0
2003,Panchkula,234,0
2003,Panipat,121,0
2003,Rewari,94,0
2003,Rohtak,431,0
2003,Sirsa,60,0
2003,Sonipat,599,0
2003,Yamunanagar,7,0
2003,Bilaspur,11,0
2003,Chamba,1,0
2003,Hamirpur,29,0
2003,Kangra,49,0
2003,Kullu,1,0
2003,Mandi,14,0
2003,Shimla,12,0
2003,Sirmaur,10,0
2003,Solan,1,0
2003,Una,5,0
2003,Baramulla,0,0
2003,Doda,32,0
2003,Jammu,52,0
2003,Kargil,0,0
2003,Kathua,18,0
2003,Leh Ladakh,0,0
2003,Poonch,89,0
2003,Rajouri,93,0
2003,Udhampur,14,0
2003,UMCP Jammu#,22,0
2003,Bokaro,3499,0
2003,Chatra,2943,0
2003,Deoghar,119,0
2003,Dhanbad,1918,0
2003,Dumka,3863,0
2003,East Singhbum,2395,0
2003,Garhwa,17003,1
2003,Giridih,5566,0
2003,Godda,2502,0
2003,Gumla,4913,11
2003,Hazaribagh,13259,0
2003,Jamtara,0,0
2003,Koderma,439,0
2003,Latehar,10662,1
2003,Lohardaga,1757,0
2003,Pakur,2358,0
2003,Palamu,26265,0
2003,Ranchi,2787,0
2003,Sahebganj,2459,0
2003,Saraikela Kharsawan,2525,0
2003,Simdega,10081,0
2003,West Singhbhum,1589,0
2003,A.M.U. Almatti#,1197,0
2003,A.M.U. B. Gudi#,175,0
2003,A.M.U. Kembhavi#,769,0
2003,Bagalkote,1128,0
2003,Ballari,4250,0
2003,Belagavi,869,2
2003,Bengaluru Rural,1619,0
2003,Bengaluru Urban,492,1
2003,Bidar,630,0
2003,Chamarajanagara,247,0
2003,Chikkamagaluru,742,0
2003,Chitradurga,2416,0
2003,Dakshina Kannada,6344,3
2003,Davangere,271,0
2003,Dharwad,393,1
2003,Gadag,458,1
2003,Hassan,5203,0
2003,Haveri,340,1
2003,Kalaburagi,7349,0
2003,Kodagu,164,0
2003,Kolar,4710,5
2003,Koppal,3730,4
2003,Mandya,11847,0
2003,Mysuru,2746,0
2003,Raichur,21809,3
2003,Shivamogga,189,0
2003,Tumakuru,12004,0
2003,U.K.P.N. PURA#,4307,0
2003,Udupi,997,0
2003,Uttara Kannada,137,0
2003,Vijayapura,2688,1
2003,Alappuzha,210,0
2003,Ernakulam,177,1
2003,Idukki,50,0
2003,Kannur,233,0
2003,Kasaragod,452,2
2003,Kollam,164,1
2003,Kottayam,61,1
2003,Kozhikode,202,0
2003,Malappuram,252,0
2003,Palakkad,109,1
2003,Pathanamthitta,229,0
2003,Thiruvananthapuram,177,0
2003,Thrissur,233,1
2003,Wayanad,26,0
2003,Lakshadweep District,6,0
2003,Balaghat,2818,1
2003,Barwani,605,0
2003,Betul,1128,0
2003,Bhind,1024,2
2003,Bhopal,3323,0
2003,Chhatarpur,2051,0
2003,Chhindwara,1844,0
2003,Damoh,1845,0
2003,Datia,146,0
2003,Dewas,928,0
2003,Dhar,2107,0
2003,Dindori,7080,0
2003,East Nimar,358,0
2003,Guna,5409,0
2003,Gwalior,718,0
2003,Harda,148,0
2003,Indore,651,0
2003,Jabalpur,628,2
2003,Jhabua,11344,0
2003,Katni,387,0
2003,Khargone,954,0
2003,Mandla,7877,0
2003,Mandsaur,643,0
2003,Morena,459,0
2003,Narmadapuram,1340,0
2003,Narsinghpur,1197,0
2003,Neemuch,353,0
2003,Panna,1419,0
2003,Raisen,1883,0
2003,Rajgarh,3092,0
2003,Ratlam,3031,0
2003,Rewa,1214,6
2003,Sagar,4008,3
2003,Satna,2645,0
2003,Sehore,1899,0
2003,Seoni,3730,0
2003,Shahdol,3340,0
2003,Shajapur,768,0
2003,Sheopur,2521,7
2003,Shivpuri,4262,0
2003,Sidhi,3504,1
2003,Tikamgarh,1097,0
2003,Ujjain,245,0
2003,Umaria,1208,0
2003,Vidisha,2477,0
2003,Ahmednagar,101,0
2003,Akola,479,1
2003,Amravati,1424,5
2003,Aurangabad,297,0
2003,Beed,348,0
2003,Bhandara,415,2
2003,Buldhana,469,0
2003,Chandrapur,3330,2
2003,Dhule,2245,0
2003,Gadchiroli,19810,24
2003,Gondia,3076,16
2003,Hingoli,115,0
2003,Jalgaon,2684,0
2003,Jalna,109,0
2003,Kolhapur,141,1
2003,Latur,168,0
2003,Mumbai,13522,14
2003,Nagpur,724,3
2003,Nagpur MC#,86,1
2003,Nanded,2177,1
2003,Nandurbar,535,0
2003,Nashik,150,1
2003,Osmanabad,93,0
2003,Parbhani,141,0
2003,Pune,320,3
2003,Pune MC#,228,1
2003,Raigad,2611,0
2003,Ratnagiri,333,3
2003,Sangli,168,0
2003,Satara,213,3
2003,Sindhudurg,152,0
2003,Solapur,251,2
2003,Thane,3080,1
2003,Wardha,765,0
2003,Washim,227,0
2003,Yavatmal,1960,1
2004,Bishnupur,61,0
2004,Chandel,347,3
2004,Churachandpur,231,7
2004,Imphal,93,0
2004,Jiribam,299,0
2004,Kangpokpi,105,0
2004,Senapati,131,0
2004,Tamenglong,449,7
2004,Thoubal,199,0
2004,Ukhrul,674,0
2004,Garo Hills,12081,22
2004,Khasi Hills,3050,14
2004,West Jaintia Hills,3235,2
2004,Aizawl,62,3
2004,Aizawl West#,585,25
2004,Champhai,249,4
2004,Kolasib,2026,3
2004,Lawngtlai,311,0
2004,Lunglei,2171,4
2004,Mamit,640,4
2004,Saiha,933,0
2004,Serchhip,316,5
2004,Mon,79,0
2004,Dimapur,292,0
2004,Kohima,152,0
2004,Mokokchung,1072,0
2004,Phek,247,0
2004,Tuensang,784,0
2004,UVBDS Dimapur#,238,0
2004,Wokha,230,0
2004,Zunheboto,276,0
2004,Anugul,13417,43
2004,Balangir,14451,1
2004,Baleshwar,2778,5
2004,Bargarh,6089,7
2004,Bhadrak,1142,9
2004,Boudh,3912,1
2004,Cuttack,3423,3
2004,Deogarh,6421,15
2004,Dhenkanal,16378,22
2004,Gajapati,11906,3
2004,Ganjam,14315,3
2004,Jagatsinghapur,156,0
2004,Jajapur,7501,1
2004,Jharsuguda,4296,3
2004,Kalahandi,25310,8
2004,Kandhamal,30372,18
2004,Kendrapara,323,0
2004,Kendujhar,22479,31
2004,Khordha,4660,13
2004,Koraput,20339,24
2004,Malkangiri,18571,18
2004,Mayurbhanj,23504,12
2004,Nabarangpur,20121,9
2004,Nayagarh,3502,9
2004,Nuapada,30612,0
2004,Puri,403,0
2004,Rayagada,25760,15
2004,Sambalpur,22831,21
2004,Sonepur,6669,0
2004,Sundargarh,59682,39
2004,Karaikal,13,0
2004,Mahe,4,0
2004,Pondicherry,45,0
2004,Yanam,1,0
2004,Amritsar,172,0
2004,Bathinda,3,0
2004,Faridkot,24,0
2004,Fatehgarh Sahib,2,0
2004,Ferozepur,104,0
2004,Gurdaspur,7,0
2004,Hoshiarpur,2,0
2004,Jalandhar,0,0
2004,Kapurthala,3,0
2004,Ludhiana,10,1
2004,Mansa,1,0
2004,Moga,2,0
2004,Patiala,15,0
2004,Rupnagar,3,0
2004,S.A.S Nagar,1,0
2004,Sangrur,10,0
2004,Sri Muktsar Sahib,20,0
2004,Ajmer,2446,11
2004,Alwar,2212,1
2004,Banswara,2444,0
2004,Baran,3134,8
2004,Barmer,38777,5
2004,Bharatpur,1416,0
2004,Bhilwara,5792,3
2004,Bikaner,13610,14
2004,Bundi,2067,1
2004,Chittorgarh,4021,0
2004,Churu,2826,4
2004,Dausa,414,1
2004,Dholpur,611,0
2004,Dungarpur,3485,0
2004,Ganganagar,757,0
2004,Hanumangarh,915,1
2004,Jaipur,687,0
2004,Jaisalmer,18006,5
2004,Jalore,3383,0
2004,Jhalawar,982,0
2004,Jhunjhunu,676,1
2004,Jodhpur,9115,2
2004,Karauli,2022,0
2004,Kota,3286,3
2004,Nagaur,4455,2
2004,Pali,2127,0
2004,Rajsamand,847,2
2004,Sawai Madhopur,1807,0
2004,Sikar,450,0
2004,Sirohi,2408,0
2004,Tonk,1427,0
2004,Udaipur,6133,2
2004,Gangtok,143,0
2004,Gyalshing,0,0
2004,Mangan,1,0
2004,Namchi,134,0
2004,Aranthangi#,18,0
2004,Chengalpattu,100,0
2004,Chennai,29058,0
2004,Cheyyar#,112,0
2004,Coimbatore,26,0
2004,Cuddalore,51,0
2004,Dharapuram#,10,0
2004,Dharmapuri,953,0
2004,Dindigul,123,0
2004,Erode,86,0
2004,Kallakurichi,191,0
2004,Kanchipuram,10,0
2004,Kanniyakumari,711,0
2004,Karur,34,0
2004,Kovilpatti#,194,0
2004,Krishnagiri,409,0
2004,Madurai,108,0
2004,Nagapattinam,80,0
2004,Namakkal,74,0
2004,Palani#,6,0
2004,Paramakudi#,132,0
2004,Perambalur,58,0
2004,Poonamallee#,1082,0
2004,Pudukkottai,17,0
2004,Ramanathapuram,6149,0
2004,Salem,389,0
2004,Sivaganga,59,0
2004,Sivakasi#,9,0
2004,Tenkasi,42,0
2004,Thanjavur,61,0
2004,The Nilgiris,21,0
2004,Theni,8,0
2004,Thiruvallur,43,0
2004,Thiruvarur,33,0
2004,Tiruchirappalli,51,0
2004,Tirunelveli,73,0
2004,Tirupathur,154,0
2004,Tiruppur,3,0
2004,Tiruvannamalai,686,0
2004,Tuticorin,1594,0
2004,Vellore,364,0
2004,Villupuram,216,0
2004,Virudhunagar,6,0
2004,Dhalai,1570,3
2004,North Tripura,1824,6
2004,South Tripura,8581,3
2004,West Tripura,1832,1
2004,Agra,663,0
2004,Aligarh,1041,0
2004,Ambedkar Nagar,1,0
2004,Amroha,0,0
2004,Auraiya,250,0
2004,Ayodhya,2,0
2004,Azamgarh,9,0
2004,Baghpat,168,0
2004,Bahraich,400,0
2004,Ballia,4,0
2004,Balrampur,26,0
2004,Banda,1534,0
2004,Barabanki,13,0
2004,Bareilly,1901,0
2004,Basti,68,0
2004,Bhadohi,2764,0
2004,Bijnor,1457,0
2004,Budaun,6601,0
2004,Bulandshahr,2132,0
2004,Chandauli,0,0
2004,Chitrakoot,536,0
2004,Deoria,20,0
2004,Etah,1727,0
2004,Etawah,483,0
2004,Farrukhabad,462,0
2004,Fatehpur,382,0
2004,Firozabad,722,0
2004,Gautam Buddha Nagar,882,0
2004,Ghaziabad,605,0
2004,Ghazipur,2,0
2004,Gonda,107,0
2004,Gorakhpur,13,0
2004,Hamirpur,2544,0
2004,Hardoi,207,0
2004,Hathras,393,0
2004,Jalaun,395,0
2004,Jaunpur,1040,0
2004,Jhansi,1331,0
2004,Kannauj,480,0
2004,Kanpur Dehat,314,0
2004,Kanpur Nagar,581,0
2004,Kaushambi,320,0
2004,Kheri,2702,0
2004,Kushi Nagar,170,0
2004,Lalitpur,1491,0
2004,Lucknow,177,0
2004,Maharajganj,61,0
2004,Mahoba,2260,0
2004,Mainpuri,1763,0
2004,Mathura,423,0
2004,Mau,28,0
2004,Meerut,63,0
2004,Mirzapur,24137,0
2004,Moradabad,726,0
2004,Muzaffarnagar,1214,0
2004,Pilibhit,18,0
2004,Pratapgarh,154,0
2004,Prayagraj,2785,0
2004,Rae Bareli,35,0
2004,Rampur,1167,0
2004,Saharanpur,431,0
2004,Sant Kabeer Nagar,0,0
2004,Shahjahanpur,104,0
2004,Shravasti,76,0
2004,Siddharth Nagar,240,0
2004,Sitapur,216,0
2004,Sonbhadra,27987,0
2004,Sultanpur,164,0
2004,Unnao,16,0
2004,Varanasi,223,0
2004,Almora,31,0
2004,Bageshwar,7,0
2004,Chamoli,22,0
2004,Champawat,5,0
2004,Dehradun,93,0
2004,Haridwar,1030,0
2004,Nainital,326,0
2004,Pauri Garhwal,57,0
2004,Pithoragarh,2,0
2004,Rudra Prayag,0,0
2004,Tehri Garhwal,0,0
2004,Udam Singh Nagar,773,0
2004,Uttar Kashi,4,0
2004,24 Paraganas North,77,0
2004,24 Paraganas South,361,7
2004,Arambagh#,14,1
2004,Bankura,904,5
2004,Bardhaman,36,0
2004,Barrackpore#,3,0
2004,Basirhat HD#,26,0
2004,Birbhum,276,7
2004,Chandan nagar#,11,0
2004,Contai#,89,0
2004,Coochbehar,5296,16
2004,Darjeeling,3571,0
2004,Diamond Harbour HD#,239,0
2004,Dinajpur Dakshin,262,0
2004,Dinajpur Uttar,118,0
2004,Ghatal#,43,0
2004,Hooghly,57,1
2004,Howrah,36,0
2004,Howrah Municipality#,0,0
2004,Jalpaiguri,146426,149
2004,Jangipur (N)#,308,3
2004,Kalna#,11,1
2004,Kandi#,152,0
2004,Katwa#,8,0
2004,KMUHO#,9884,13
2004,Kolkata,48179,0
2004,Maldah,706,0
2004,Medinipur East,3476,0
2004,Murshidabad,570,5
2004,Nadia,343,0
2004,Purulia,11526,5
2004,Serampore#,36,0
2004,Tamluk#,493,0
2004,Uluberia#,198,1
2004,Vishnupur#,67,0
2004,Andaman,305,0
2004,Nicobars,440,1
2004,Adilabad,758,0
2004,Anantapur,666,0
2004,Chittoor,150,0
2004,East Godavari,5994,0
2004,Guntur,370,0
2004,Hyderabad,447,0
2004,Karimnagar,132,0
2004,Khammam,1787,0
2004,Krishna,5979,0
2004,Kurnool,1149,1
2004,Mahabubnagar,204,0
2004,Medak,39,0
2004,Nalgonda,12,0
2004,Nizamabad,66,0
2004,Prakasam,1365,0
2004,Ranga Reddy,347,0
2004,SPSR Nellore,61,0
2004,Srikakulam,748,0
2004,Visakhapatanam,9894,0
2004,Vizianagaram,1793,0
2004,Warangal,381,0
2004,West Godavari,321,1
2004,Y.S.R.,2764,0
2004,Changlang,4687,0
2004,Dibang Valley,2465,0
2004,East Kameng,105,0
2004,East Siang,7193,0
2004,Lohit,3974,0
2004,Lower Subansiri,159,0
2004,Papum Pare,1108,0
2004,Tirap,1361,0
2004,Upper Siang,609,0
2004,Upper Subansiri,159,0
2004,West Kameng,60,0
2004,West Siang,7969,0
2004,Barpeta,1213,2
2004,Bongaigaon,2173,0
2004,Cachar,3460,0
2004,Darrang,6380,0
2004,Dhemaji,396,0
2004,Dhubri,1156,0
2004,Dibrugarh,23,0
2004,Dima Hasao,2551,0
2004,Goalpara,3730,1
2004,Golaghat,250,1
2004,Hailakandi,5322,9
2004,Jorhat,86,0
2004,Kamrup,4008,0
2004,Karbi Anglong,12762,34
2004,Karimganj,292,0
2004,Kokrajhar,4400,0
2004,Lakhimpur,1309,0
2004,Marigaon,306,0
2004,Nagaon,4053,5
2004,Nalbari,1068,0
2004,Sivasagar,17,0
2004,Sonitpur,2105,2
2004,Tinsukia,1074,0
2004,Araria,0,0
2004,Arwal,0,0
2004,Aurangabad,797,0
2004,Banka,0,0
2004,Begusarai,1,0
2004,Bhagalpur,19,0
2004,Bhojpur,0,0
2004,Buxar,0,0
2004,Darbhanga,0,0
2004,Gaya,234,0
2004,Gopalganj,2,0
2004,Jamui,487,0
2004,Jehanabad,0,0
2004,Kaimur (Bhabua),6,0
2004,Katihar,0,0
2004,Khagaria,0,0
2004,Kishanganj,0,0
2004,Lakhisarai,0,0
2004,Madhepura,0,0
2004,Madhubani,0,0
2004,Munger,48,0
2004,Muzaffarpur,5,0
2004,Nalanda,1,0
2004,Nawada,98,0
2004,Pashchim Champaran,14,0
2004,Patna,27,0
2004,Purbi Champaran,0,0
2004,Purnia,0,0
2004,Rohtas,120,0
2004,Saharsa,0,0
2004,Samastipur,2,0
2004,Saran,11,0
2004,Sheikhpura,0,0
2004,Sheohar,0,0
2004,Sitamarhi,0,0
2004,Siwan,0,0
2004,Supaul,0,0
2004,Vaishali,0,0
2004,Chandigarh,199,0
2004,Bastar,44145,2
2004,Bilaspur,6164,0
2004,Dantewada,38425,0
2004,Dhamtari,1046,0
2004,Durg,2658,0
2004,Janjgir-Champa,847,0
2004,Jashpur,17339,0
2004,Kabirdham,1206,0
2004,Kanker,23183,0
2004,Korba,10245,0
2004,Korea,8995,2
2004,Mahasamund,781,0
2004,Raigarh,13367,0
2004,Raipur,3231,0
2004,RajnandGaon,3610,0
2004,Surguja,19014,0
2004,"Dadra And Nagar
Haveli",787,0
2004,Daman,106,0
2004,Diu,12,0
2004,New Delhi,1316,0
2004,North Goa,6611,6
2004,South Goa,1228,1
2004,Ahmadabad,3782,8
2004,Ahmadabad MC#,7402,26
2004,Amreli,4088,2
2004,Anand,28300,10
2004,Banas kantha,3478,1
2004,Bharuch,1757,2
2004,Bhavnagar,2899,2
2004,Dang,115,0
2004,Dohad,32107,3
2004,Gandhinagar,1620,1
2004,Jamnagar,4397,0
2004,Junagadh,6373,1
2004,Kachchh,20884,2
2004,Kheda,34505,6
2004,Mahesana,2282,0
2004,Narmada,1152,2
2004,Navsari,904,0
2004,Panch Mahals,16035,4
2004,Patan,5279,0
2004,Porbandar,882,0
2004,Rajkot,9099,5
2004,Sabar kantha,3013,0
2004,Surat,10586,0
2004,Surendranagar,11766,3
2004,Vadodara,9731,11
2004,Valsad,323,0
2004,Ambala,142,0
2004,Bhiwani,898,0
2004,Faridabad,158,0
2004,Fatehabad,22,0
2004,Gurugram,851,0
2004,Hisar,210,0
2004,Jhajjar,397,0
2004,Jind,281,0
2004,Kaithal,178,0
2004,Karnal,1854,0
2004,Kurukshetra,160,0
2004,Mahendragarh,356,0
2004,Panchkula,61,0
2004,Panipat,1881,0
2004,Rewari,95,0
2004,Rohtak,946,0
2004,Sirsa,99,0
2004,Sonipat,1435,0
2004,Yamunanagar,40,0
2004,Bilaspur,18,0
2004,Chamba,6,0
2004,Hamirpur,29,0
2004,Kangra,29,0
2004,Kullu,0,0
2004,Mandi,12,0
2004,Shimla,27,0
2004,Sirmaur,3,0
2004,Solan,1,0
2004,Una,1,0
2004,Baramulla,0,0
2004,Doda,19,0
2004,Jammu,33,0
2004,Kargil,0,0
2004,Kathua,18,0
2004,Leh Ladakh,0,0
2004,Poonch,66,0
2004,Rajouri,80,0
2004,Udhampur,14,0
2004,UMCP Jammu#,20,0
2004,Bokaro,4740,0
2004,Chatra,4402,0
2004,Deoghar,150,1
2004,Dhanbad,2068,0
2004,Dumka,10003,0
2004,East Singhbum,2263,0
2004,Garhwa,16317,0
2004,Giridih,5196,0
2004,Godda,5206,27
2004,Gumla,6689,12
2004,Hazaribagh,8518,0
2004,Jamtara,0,0
2004,Koderma,517,0
2004,Latehar,14653,0
2004,Lohardaga,1963,0
2004,Pakur,3872,0
2004,Palamu,30675,0
2004,Ranchi,4709,0
2004,Sahebganj,3531,0
2004,Saraikela Kharsawan,3810,0
2004,Simdega,9777,0
2004,West Singhbhum,4663,0
2004,A.M.U. Almatti#,820,0
2004,A.M.U. B. Gudi#,378,0
2004,A.M.U. Kembhavi#,69,0
2004,Bagalkote,1540,0
2004,Ballari,3138,0
2004,Belagavi,1674,4
2004,Bengaluru Rural,1498,0
2004,Bengaluru Urban,843,3
2004,Bidar,525,0
2004,Chamarajanagara,289,0
2004,Chikkamagaluru,403,0
2004,Chitradurga,1164,0
2004,Dakshina Kannada,11691,2
2004,Davangere,317,1
2004,Dharwad,451,2
2004,Gadag,571,1
2004,Hassan,1416,0
2004,Haveri,370,1
2004,Kalaburagi,5618,2
2004,Kodagu,59,0
2004,Kolar,4566,4
2004,Koppal,1913,1
2004,Mandya,7182,1
2004,Mysuru,720,0
2004,Raichur,20062,4
2004,Shivamogga,184,0
2004,Tumakuru,7990,0
2004,U.K.P.N. PURA#,2507,0
2004,Udupi,634,1
2004,Uttara Kannada,117,0
2004,Vijayapura,2252,0
2004,Alappuzha,218,3
2004,Ernakulam,150,2
2004,Idukki,65,0
2004,Kannur,278,1
2004,Kasaragod,523,1
2004,Kollam,170,0
2004,Kottayam,78,0
2004,Kozhikode,182,1
2004,Malappuram,233,0
2004,Palakkad,187,1
2004,Pathanamthitta,205,1
2004,Thiruvananthapuram,233,1
2004,Thrissur,218,0
2004,Wayanad,50,1
2004,Lakshadweep District,2,0
2004,Balaghat,2915,0
2004,Barwani,1133,0
2004,Betul,1063,2
2004,Bhind,1093,0
2004,Bhopal,3004,0
2004,Chhatarpur,2245,0
2004,Chhindwara,1708,0
2004,Damoh,1733,0
2004,Datia,74,0
2004,Dewas,862,0
2004,Dhar,9739,9
2004,Dindori,12652,3
2004,East Nimar,928,0
2004,Guna,6106,0
2004,Gwalior,1548,0
2004,Harda,206,0
2004,Indore,667,0
2004,Jabalpur,688,1
2004,Jhabua,25336,0
2004,Katni,340,0
2004,Khargone,1399,0
2004,Mandla,7844,4
2004,Mandsaur,465,0
2004,Morena,516,0
2004,Narmadapuram,1500,0
2004,Narsinghpur,1641,1
2004,Neemuch,396,0
2004,Panna,1387,0
2004,Raisen,1686,0
2004,Rajgarh,3981,0
2004,Ratlam,3942,0
2004,Rewa,2070,6
2004,Sagar,3899,2
2004,Satna,3361,0
2004,Sehore,1827,0
2004,Seoni,2601,0
2004,Shahdol,4038,0
2004,Shajapur,812,0
2004,Sheopur,1091,0
2004,Shivpuri,5071,0
2004,Sidhi,3004,8
2004,Tikamgarh,983,0
2004,Ujjain,561,0
2004,Umaria,1147,0
2004,Vidisha,2832,0
2004,Ahmednagar,108,0
2004,Akola,334,1
2004,Amravati,1396,0
2004,Aurangabad,230,0
2004,Beed,339,0
2004,Bhandara,460,0
2004,Buldhana,540,1
2004,Chandrapur,4379,1
2004,Dhule,1641,0
2004,Gadchiroli,21928,4
2004,Gondia,2745,17
2004,Hingoli,58,0
2004,Jalgaon,2480,0
2004,Jalna,104,0
2004,Kolhapur,103,0
2004,Latur,163,0
2004,Mumbai,14756,23
2004,Nagpur,720,0
2004,Nagpur MC#,86,0
2004,Nanded,2111,0
2004,Nandurbar,1283,1
2004,Nashik,121,1
2004,Osmanabad,91,0
2004,Parbhani,114,0
2004,Pune,281,0
2004,Pune MC#,203,2
2004,Raigad,4097,2
2004,Ratnagiri,320,2
2004,Sangli,230,1
2004,Satara,359,1
2004,Sindhudurg,131,0
2004,Solapur,197,1
2004,Thane,3551,3
2004,Wardha,1001,0
2004,Washim,136,0
2004,Yavatmal,2192,0
2005,Bishnupur,7,0
2005,Chandel,253,0
2005,Churachandpur,149,8
2005,Imphal,29,0
2005,Jiribam,73,0
2005,Kangpokpi,125,0
2005,Senapati,82,0
2005,Tamenglong,1396,0
2005,Thoubal,100,0
2005,Ukhrul,522,0
2005,East Garo Hills,3348,0
2005,Khasi Hills,2227,5
2005,West Garo Hills,10130,23
2005,West Jaintia Hills,2216,1
2005,West Khasi Hills,159,0
2005,Aizawl,43,4
2005,Aizawl West#,855,30
2005,Champhai,1569,7
2005,Kolasib,1012,15
2005,Lawngtlai,303,0
2005,Lunglei,2059,1
2005,Mamit,246,0
2005,Saiha,1426,0
2005,Serchhip,317,15
2005,Mon,69,0
2005,Dimapur,124,1
2005,Kiphire,104,0
2005,Kohima,120,0
2005,Longleng,88,0
2005,Mokokchung,796,0
2005,Peren,58,0
2005,Phek,275,0
2005,Tuensang,148,0
2005,UVBDS Dimapur#,243,0
2005,Wokha,205,0
2005,Zunheboto,256,0
2005,Anugul,15763,14
2005,Balangir,13715,0
2005,Baleshwar,1776,4
2005,Bargarh,6736,6
2005,Bhadrak,740,4
2005,Boudh,4128,7
2005,Cuttack,3827,3
2005,Deogarh,6840,10
2005,Dhenkanal,17215,13
2005,Gajapati,10983,1
2005,Ganjam,17357,11
2005,Jagatsinghapur,138,2
2005,Jajapur,5269,0
2005,Jharsuguda,3791,3
2005,Kalahandi,27220,2
2005,Kandhamal,30498,24
2005,Kendrapara,426,0
2005,Kendujhar,23308,38
2005,Khordha,3926,0
2005,Koraput,19866,25
2005,Malkangiri,18544,53
2005,Mayurbhanj,21044,11
2005,Nabarangpur,21935,3
2005,Nayagarh,5099,6
2005,Nuapada,34461,9
2005,Puri,271,0
2005,Rayagada,28428,12
2005,Sambalpur,20515,5
2005,Sonepur,5417,0
2005,Sundargarh,47496,17
2005,Karaikal,5,0
2005,Mahe,3,0
2005,Pondicherry,34,0
2005,Yanam,1,0
2005,Amritsar,238,0
2005,Bathinda,11,0
2005,Faridkot,215,0
2005,Fatehgarh Sahib,3,0
2005,Ferozepur,458,0
2005,Gurdaspur,1,0
2005,Hoshiarpur,7,0
2005,Jalandhar,1,0
2005,Kapurthala,15,0
2005,Ludhiana,623,0
2005,Mansa,8,0
2005,Moga,0,0
2005,Patiala,20,0
2005,Rupnagar,6,0
2005,S.A.S Nagar,0,0
2005,Sangrur,6,0
2005,Sri Muktsar Sahib,31,0
2005,Ajmer,2767,11
2005,Alwar,2259,1
2005,Banswara,2393,0
2005,Baran,3472,2
2005,Barmer,19369,0
2005,Bharatpur,1546,2
2005,Bhilwara,6351,0
2005,Bikaner,6441,0
2005,Bundi,2162,0
2005,Chittorgarh,4041,0
2005,Churu,2471,0
2005,Dausa,476,0
2005,Dholpur,401,0
2005,Dungarpur,2521,0
2005,Ganganagar,941,0
2005,Hanumangarh,623,0
2005,Jaipur,823,1
2005,Jaisalmer,16078,2
2005,Jalore,2205,0
2005,Jhalawar,954,0
2005,Jhunjhunu,662,0
2005,Jodhpur,4292,0
2005,Karauli,846,0
2005,Kota,3221,0
2005,Nagaur,2489,0
2005,Pali,2536,1
2005,Rajsamand,1005,0
2005,Sawai Madhopur,1765,0
2005,Sikar,476,0
2005,Sirohi,2252,0
2005,Tonk,1191,0
2005,Udaipur,5993,0
2005,Gangtok,126,3
2005,Gyalshing,0,0
2005,Mangan,0,0
2005,Namchi,34,0
2005,Aranthangi#,25,0
2005,Chengalpattu,105,0
2005,Chennai,28229,0
2005,Cheyyar#,69,0
2005,Coimbatore,34,0
2005,Cuddalore,67,0
2005,Dharapuram#,8,0
2005,Dharmapuri,848,0
2005,Dindigul,93,0
2005,Erode,69,0
2005,Kallakurichi,105,0
2005,Kanchipuram,14,0
2005,Kanniyakumari,920,0
2005,Karur,13,0
2005,Kovilpatti#,371,0
2005,Krishnagiri,290,0
2005,Madurai,147,0
2005,Nagapattinam,126,0
2005,Namakkal,93,0
2005,Palani#,12,0
2005,Paramakudi#,283,0
2005,Perambalur,59,0
2005,Pudukkottai,32,0
2005,Ramanathapuram,4124,0
2005,Salem,256,0
2005,Sivaganga,75,0
2005,Sivakasi#,2,0
2005,Tenkasi,44,0
2005,Thanjavur,89,0
2005,The Nilgiris,6,0
2005,Theni,6,0
2005,Thiruvallur,1046,0
2005,Thiruvarur,59,0
2005,Tiruchirappalli,21,0
2005,Tirunelveli,78,0
2005,Tirupathur,320,0
2005,Tiruppur,3,0
2005,Tiruvannamalai,655,0
2005,Tuticorin,2181,0
2005,Vellore,453,0
2005,Villupuram,289,0
2005,Virudhunagar,13,0
2005,Dhalai,2367,5
2005,North Tripura,2706,4
2005,South Tripura,9930,5
2005,West Tripura,2450,2
2005,Agra,439,0
2005,Aligarh,864,0
2005,Ambedkar Nagar,0,0
2005,Amroha,290,0
2005,Auraiya,248,0
2005,Ayodhya,6,0
2005,Azamgarh,1,0
2005,Baghpat,0,0
2005,Bahraich,217,0
2005,Ballia,2,0
2005,Balrampur,14,0
2005,Banda,1443,0
2005,Barabanki,41,0
2005,Bareilly,2446,0
2005,Basti,42,0
2005,Bhadohi,1902,0
2005,Bijnor,1428,0
2005,Budaun,4910,0
2005,Bulandshahr,1609,0
2005,Chandauli,0,0
2005,Chitrakoot,913,0
2005,Deoria,17,0
2005,Etah,1153,0
2005,Etawah,297,0
2005,Farrukhabad,521,0
2005,Fatehpur,879,0
2005,Firozabad,381,0
2005,Gautam Buddha Nagar,464,0
2005,Ghaziabad,1015,0
2005,Ghazipur,2,0
2005,Gonda,110,0
2005,Gorakhpur,5,0
2005,Hamirpur,2002,0
2005,Hardoi,92,0
2005,Hathras,715,0
2005,Jalaun,550,0
2005,Jaunpur,835,0
2005,Jhansi,1343,0
2005,Kannauj,476,0
2005,Kanpur Dehat,328,0
2005,Kanpur Nagar,673,0
2005,Kaushambi,312,0
2005,Kheri,1327,0
2005,Kushi Nagar,158,0
2005,Lalitpur,1074,0
2005,Lucknow,64,0
2005,Maharajganj,36,0
2005,Mahoba,1457,0
2005,Mainpuri,2232,0
2005,Mathura,440,0
2005,Mau,22,0
2005,Meerut,239,0
2005,Mirzapur,16032,0
2005,Moradabad,265,0
2005,Muzaffarnagar,2005,0
2005,Pilibhit,22,0
2005,Pratapgarh,176,0
2005,Prayagraj,5390,0
2005,Rae Bareli,73,0
2005,Rampur,631,0
2005,Saharanpur,357,0
2005,Sant Kabeer Nagar,0,0
2005,Shahjahanpur,40,0
2005,Shravasti,0,0
2005,Siddharth Nagar,216,0
2005,Sitapur,145,0
2005,Sonbhadra,25284,0
2005,Sultanpur,163,0
2005,Unnao,27,0
2005,Varanasi,162,0
2005,Almora,22,0
2005,Bageshwar,0,0
2005,Chamoli,17,0
2005,Champawat,0,0
2005,Dehradun,59,0
2005,Haridwar,314,0
2005,Nainital,330,0
2005,Pauri Garhwal,27,0
2005,Pithoragarh,0,0
2005,Rudra Prayag,5,0
2005,Tehri Garhwal,0,0
2005,Udam Singh Nagar,480,0
2005,Uttar Kashi,1,0
2005,24 Paraganas North,407,2
2005,24 Paraganas South,531,1
2005,Arambagh#,21,0
2005,Bankura,1327,10
2005,Bardhaman,42,2
2005,Barrackpore#,5,0
2005,Basirhat HD#,83,0
2005,Birbhum,365,19
2005,Chandan nagar#,8,1
2005,Contai#,119,0
2005,Coochbehar,3057,6
2005,Darjeeling,2031,2
2005,Diamond Harbour HD#,314,0
2005,Dinajpur Dakshin,364,2
2005,Dinajpur Uttar,123,0
2005,Ghatal#,78,0
2005,Hooghly,36,0
2005,Howrah,36,1
2005,Jalpaiguri,124912,88
2005,Jangipur (N)#,501,3
2005,Kalna#,17,0
2005,Kandi#,219,0
2005,Katwa#,4,0
2005,KMUHO#,156,1
2005,Kolkata,56359,19
2005,Kolkata Urban#,11322,1
2005,Maldah,1106,1
2005,Medinipur West,4190,7
2005,Murshidabad,931,7
2005,Nadia,427,0
2005,Purulia,10738,4
2005,Serampore#,19,0
2005,Tamluk#,688,4
2005,Uluberia#,274,1
2005,Vishnupur#,61,2
2005,Andaman,720,0
2005,Nicobars,3234,0
2005,Adilabad,845,0
2005,Anantapur,632,0
2005,Chittoor,190,0
2005,East Godavari,8138,0
2005,Guntur,518,0
2005,Hyderabad,357,0
2005,Karimnagar,82,0
2005,Khammam,1198,0
2005,Krishna,6363,0
2005,Kurnool,793,0
2005,Mahabubnagar,282,0
2005,Medak,22,0
2005,Nalgonda,7,0
2005,Nizamabad,44,0
2005,Prakasam,1279,0
2005,Ranga Reddy,612,0
2005,SPSR Nellore,53,0
2005,Srikakulam,1062,0
2005,Visakhapatanam,11053,0
2005,Vizianagaram,2118,0
2005,Warangal,269,0
2005,West Godavari,604,0
2005,Y.S.R.,2578,0
2005,Changlang,2600,0
2005,Dibang Valley,1938,0
2005,East Kameng,1739,0
2005,East Siang,8213,0
2005,Lohit,4327,0
2005,Lower Subansiri,129,0
2005,Papum Pare,4685,0
2005,Tirap,1558,0
2005,Upper Siang,499,0
2005,Upper Subansiri,920,0
2005,West Kameng,198,0
2005,West Siang,4409,0
2005,Barpeta,1745,1
2005,Bongaigaon,2880,0
2005,Cachar,2807,0
2005,Darrang,10350,7
2005,Dhemaji,977,8
2005,Dhubri,1066,0
2005,Dibrugarh,38,2
2005,Dima Hasao,2587,0
2005,Goalpara,3060,0
2005,Golaghat,281,18
2005,Hailakandi,4770,3
2005,Jorhat,96,1
2005,Kamrup,3876,1
2005,Karbi Anglong,13430,33
2005,Karimganj,302,1
2005,Kokrajhar,5964,3
2005,Lakhimpur,2320,10
2005,Marigaon,563,9
2005,Nagaon,4321,4
2005,Nalbari,2284,4
2005,Sivasagar,26,0
2005,Sonitpur,3404,8
2005,Tinsukia,738,0
2005,Araria,0,0
2005,Arwal,0,0
2005,Aurangabad,1282,0
2005,Banka,9,0
2005,Begusarai,0,0
2005,Bhagalpur,14,0
2005,Bhojpur,1,0
2005,Buxar,1,0
2005,Darbhanga,0,0
2005,Gaya,191,1
2005,Gopalganj,2,0
2005,Jamui,791,0
2005,Jehanabad,2,0
2005,Kaimur (Bhabua),4,0
2005,Katihar,0,0
2005,Khagaria,0,0
2005,Kishanganj,0,0
2005,Lakhisarai,0,0
2005,Madhepura,0,0
2005,Madhubani,1,0
2005,Munger,133,0
2005,Muzaffarpur,4,0
2005,Nalanda,2,0
2005,Nawada,66,0
2005,Pashchim Champaran,3,0
2005,Patna,18,0
2005,Purbi Champaran,0,0
2005,Purnia,0,0
2005,Rohtas,196,0
2005,Saharsa,0,0
2005,Samastipur,3,0
2005,Saran,10,0
2005,Sheikhpura,0,0
2005,Sheohar,0,0
2005,Sitamarhi,0,0
2005,Siwan,0,0
2005,Supaul,0,0
2005,Vaishali,0,0
2005,Chandigarh,432,0
2005,Bastar,44298,0
2005,Bilaspur,3903,0
2005,Dantewada,30515,0
2005,Dhamtari,922,0
2005,Durg,2058,0
2005,Janjgir-Champa,910,0
2005,Jashpur,18190,0
2005,Kabirdham,2096,0
2005,Kanker,25277,0
2005,Korba,8292,0
2005,Korea,6411,0
2005,Mahasamund,892,0
2005,Raigarh,13339,0
2005,Raipur,3049,0
2005,RajnandGaon,3730,0
2005,Surguja,24068,3
2005,"Dadra And Nagar
Haveli",1166,0
2005,Daman,84,0
2005,Diu,20,0
2005,New Delhi,1133,0
2005,North Goa,2478,1
2005,South Goa,1269,0
2005,Ahmadabad,3515,4
2005,Ahmadabad MC#,9839,23
2005,Amreli,4530,0
2005,Anand,19564,0
2005,Banas kantha,1988,0
2005,Bharuch,2442,2
2005,Bhavnagar,2068,0
2005,Dang,91,0
2005,Dohad,22783,0
2005,Gandhinagar,3168,0
2005,Jamnagar,2716,0
2005,Junagadh,6820,1
2005,Kachchh,8956,2
2005,Kheda,30330,0
2005,Mahesana,2724,0
2005,Narmada,1339,0
2005,Navsari,595,0
2005,Panch Mahals,8530,0
2005,Patan,5613,2
2005,Porbandar,650,0
2005,Rajkot,4954,5
2005,Sabar kantha,3643,0
2005,Surat,10695,0
2005,Surendranagar,10933,0
2005,Vadodara,10285,15
2005,Valsad,252,0
2005,Ambala,293,0
2005,Bhiwani,1615,0
2005,Faridabad,274,0
2005,Fatehabad,230,0
2005,Gurugram,196,0
2005,Hisar,1756,0
2005,Jhajjar,1307,0
2005,Jind,765,0
2005,Kaithal,1163,0
2005,Karnal,6253,0
2005,Kurukshetra,146,0
2005,Mahendragarh,377,0
2005,Panchkula,110,0
2005,Panipat,7307,0
2005,Rewari,240,0
2005,Rohtak,3377,0
2005,Sirsa,226,0
2005,Sonipat,7501,0
2005,Yamunanagar,126,0
2005,Bilaspur,23,0
2005,Chamba,11,0
2005,Hamirpur,26,0
2005,Kangra,28,0
2005,Kullu,3,0
2005,Mandi,10,0
2005,Shimla,20,0
2005,Sirmaur,5,0
2005,Solan,0,0
2005,Una,3,0
2005,Baramulla,0,0
2005,Doda,5,0
2005,Jammu,54,0
2005,Kargil,0,0
2005,Kathua,10,0
2005,Leh Ladakh,0,0
2005,Poonch,59,0
2005,Rajouri,78,0
2005,Udhampur,35,0
2005,UMCP Jammu#,27,0
2005,Bokaro,5829,0
2005,Chatra,9938,0
2005,Deoghar,413,0
2005,Dhanbad,2388,0
2005,Dumka,8615,0
2005,East Singhbum,1658,0
2005,Garhwa,19120,0
2005,Giridih,13506,0
2005,Godda,8551,5
2005,Gumla,5837,9
2005,Hazaribagh,8821,0
2005,Jamtara,18,0
2005,Koderma,591,0
2005,Latehar,13755,0
2005,Lohardaga,1718,1
2005,Pakur,3068,0
2005,Palamu,42045,1
2005,Ranchi,9113,0
2005,Sahebganj,3613,0
2005,Saraikela Kharsawan,6763,0
2005,Simdega,11564,0
2005,West Singhbhum,16220,5
2005,A.M.U. Almatti#,843,0
2005,A.M.U. B. Gudi#,108,0
2005,A.M.U. Kembhavi#,228,0
2005,Bagalkote,5644,0
2005,Ballari,5460,1
2005,Belagavi,2859,6
2005,Bengaluru Rural,469,1
2005,Bengaluru Urban,519,1
2005,Bidar,598,1
2005,Chamarajanagara,191,0
2005,Chikkamagaluru,418,0
2005,Chitradurga,1116,0
2005,Dakshina Kannada,16154,6
2005,Davangere,447,0
2005,Dharwad,398,1
2005,Gadag,602,1
2005,Hassan,948,0
2005,Haveri,492,0
2005,Kalaburagi,5469,5
2005,Kodagu,58,0
2005,Kolar,4322,0
2005,Koppal,6634,0
2005,Mandya,5270,0
2005,Mysuru,207,0
2005,Raichur,10231,2
2005,Shivamogga,229,0
2005,Tumakuru,6577,0
2005,U.K.P.N. PURA#,3407,0
2005,Udupi,824,1
2005,Uttara Kannada,128,0
2005,Vijayapura,2331,0
2005,Alappuzha,260,1
2005,Ernakulam,186,0
2005,Idukki,48,1
2005,Kannur,260,1
2005,Kasaragod,529,0
2005,Kollam,164,0
2005,Kottayam,66,0
2005,Kozhikode,192,0
2005,Malappuram,221,1
2005,Palakkad,111,0
2005,Pathanamthitta,225,0
2005,Thiruvananthapuram,106,0
2005,Thrissur,168,2
2005,Wayanad,18,0
2005,Lakshadweep District,0,0
2005,Balaghat,1567,0
2005,Barwani,558,0
2005,Betul,373,0
2005,Bhind,1186,0
2005,Bhopal,3883,1
2005,Chhatarpur,1889,0
2005,Chhindwara,1004,0
2005,Damoh,1126,0
2005,Datia,189,0
2005,Dewas,682,0
2005,Dhar,3809,1
2005,Dindori,4453,0
2005,East Nimar,654,0
2005,Guna,7109,0
2005,Gwalior,2285,0
2005,Harda,115,0
2005,Indore,431,0
2005,Jabalpur,1718,1
2005,Jhabua,12133,0
2005,Katni,342,0
2005,Khargone,1372,0
2005,Mandla,3539,0
2005,Mandsaur,317,0
2005,Morena,721,0
2005,Narmadapuram,2002,0
2005,Narsinghpur,1573,1
2005,Neemuch,324,0
2005,Panna,1809,0
2005,Raisen,1873,0
2005,Rajgarh,2482,1
2005,Ratlam,2779,0
2005,Rewa,4107,2
2005,Sagar,5205,7
2005,Satna,7374,0
2005,Sehore,1634,1
2005,Seoni,1980,0
2005,Shahdol,3665,0
2005,Shajapur,604,1
2005,Sheopur,1488,0
2005,Shivpuri,3964,2
2005,Sidhi,5192,25
2005,Tikamgarh,1048,0
2005,Ujjain,332,0
2005,Umaria,991,0
2005,Vidisha,2436,1
2005,Ahmednagar,135,0
2005,Akola,301,1
2005,Amravati,1222,1
2005,Aurangabad,179,0
2005,Beed,252,1
2005,Bhandara,290,1
2005,Buldhana,363,0
2005,Chandrapur,3424,4
2005,Dhule,844,0
2005,Gadchiroli,10159,2
2005,Gondia,1285,10
2005,Hingoli,16,0
2005,Jalgaon,985,0
2005,Jalna,55,0
2005,Kolhapur,158,0
2005,Latur,157,0
2005,Mumbai,13452,75
2005,Nagpur,629,0
2005,Nagpur MC#,63,0
2005,Nanded,893,1
2005,Nandurbar,802,0
2005,Nashik,208,1
2005,Osmanabad,61,0
2005,Parbhani,90,0
2005,Pune,367,2
2005,Pune MC#,117,0
2005,Raigad,3812,1
2005,Ratnagiri,352,1
2005,Sangli,184,0
2005,Satara,384,0
2005,Sindhudurg,111,0
2005,Solapur,296,0
2005,Thane,3375,3
2005,Wardha,845,0
2005,Washim,177,0
2005,Yavatmal,1565,0
2006,Bishnupur,29,0
2006,Chandel,157,0
2006,Churachandpur,175,3
2006,Imphal East,72,0
2006,Imphal West,117,0
2006,Jiribam,100,0
2006,Kangpokpi,218,0
2006,Senapati,53,0
2006,Tamenglong,701,0
2006,Thoubal,128,0
2006,Ukhrul,321,0
2006,East Garo Hills,1699,0
2006,Khasi Hills,3249,17
2006,West Garo Hills,9521,17
2006,West Jaintia Hills,2044,7
2006,West Khasi Hills,303,0
2006,Aizawl,79,3
2006,Aizawl West#,670,14
2006,Champhai,214,3
2006,Kolasib,2409,7
2006,Lawngtlai,609,1
2006,Lunglei,3087,23
2006,Mamit,1579,5
2006,Saiha,1638,3
2006,Serchhip,456,15
2006,Mon,65,0
2006,Dimapur,95,0
2006,Kiphire,276,0
2006,Kohima,232,0
2006,Longleng,86,0
2006,Mokokchung,1042,0
2006,Peren,11,0
2006,Phek,405,0
2006,Tuensang,126,0
2006,UVBDS Dimapur#,196,0
2006,Wokha,313,0
2006,Zunheboto,140,0
2006,Anugul,19196,5
2006,Balangir,13557,0
2006,Baleshwar,2687,8
2006,Bargarh,5752,0
2006,Bhadrak,714,4
2006,Boudh,3572,26
2006,Cuttack,3165,4
2006,Deogarh,5931,8
2006,Dhenkanal,13920,3
2006,Gajapati,10223,2
2006,Ganjam,19013,0
2006,Jagatsinghapur,318,0
2006,Jajapur,5363,0
2006,Jharsuguda,3068,4
2006,Kalahandi,27110,3
2006,Kandhamal,29863,31
2006,Kendrapara,362,0
2006,Kendujhar,24182,37
2006,Khordha,3506,2
2006,Koraput,19879,18
2006,Malkangiri,17191,23
2006,Mayurbhanj,20272,5
2006,Nabarangpur,22625,9
2006,Nayagarh,4102,8
2006,Nuapada,23689,22
2006,Puri,263,0
2006,Rayagada,30099,14
2006,Sambalpur,22188,5
2006,Sonepur,5450,0
2006,Sundargarh,39313,14
2006,Karaikal,6,0
2006,Mahe,0,0
2006,Pondicherry,38,0
2006,Yanam,0,0
2006,Amritsar,512,0
2006,Bathinda,43,0
2006,Faridkot,134,0
2006,Fatehgarh Sahib,2,0
2006,Ferozepur,592,0
2006,Gurdaspur,8,0
2006,Hoshiarpur,17,0
2006,Jalandhar,42,0
2006,Kapurthala,11,0
2006,Ludhiana,265,0
2006,Mansa,24,0
2006,Moga,8,0
2006,Patiala,127,0
2006,Rupnagar,7,0
2006,S.A.S Nagar,1,0
2006,Sangrur,52,0
2006,Sri Muktsar Sahib,38,0
2006,Ajmer,1865,0
2006,Alwar,2833,2
2006,Banswara,1579,0
2006,Baran,1726,2
2006,Barmer,2467,0
2006,Bharatpur,2105,0
2006,Bhilwara,5005,0
2006,Bikaner,792,0
2006,Bundi,2546,0
2006,Chittorgarh,2679,0
2006,Churu,800,1
2006,Dausa,711,0
2006,Dholpur,489,0
2006,Dungarpur,1867,0
2006,Ganganagar,223,0
2006,Hanumangarh,516,2
2006,Jaipur,1303,8
2006,Jaisalmer,1965,0
2006,Jalore,953,0
2006,Jhalawar,844,0
2006,Jhunjhunu,604,2
2006,Jodhpur,1679,0
2006,Karauli,571,0
2006,Kota,2368,1
2006,Nagaur,1814,1
2006,Pali,1901,0
2006,Rajsamand,660,0
2006,Sawai Madhopur,1113,0
2006,Sikar,443,1
2006,Sirohi,1429,0
2006,Tonk,1034,2
2006,Udaipur,5402,0
2006,Gangtok,55,0
2006,Gyalshing,0,0
2006,Mangan,0,0
2006,Namchi,14,0
2006,Aranthangi#,19,0
2006,Chengalpattu,104,0
2006,Chennai,25153,0
2006,Cheyyar#,70,0
2006,Coimbatore,10,0
2006,Cuddalore,76,0
2006,Dharapuram#,1,0
2006,Dharmapuri,385,0
2006,Dindigul,146,0
2006,Erode,2,0
2006,Kallakurichi,72,0
2006,Kanchipuram,10,0
2006,Kanniyakumari,1462,0
2006,Karur,5,0
2006,Kovilpatti#,367,0
2006,Krishnagiri,115,0
2006,Madurai,161,0
2006,Nagapattinam,121,0
2006,Namakkal,67,0
2006,Palani#,13,0
2006,Paramakudi#,352,0
2006,Perambalur,31,0
2006,Pudukkottai,10,0
2006,Ramanathapuram,6347,0
2006,Salem,99,0
2006,Sivaganga,44,0
2006,Sivakasi#,2,0
2006,Tenkasi,34,0
2006,Thanjavur,109,0
2006,The Nilgiris,4,0
2006,Theni,4,0
2006,Thiruvallur,902,0
2006,Thiruvarur,29,0
2006,Tiruchirappalli,28,0
2006,Tirunelveli,56,0
2006,Tirupathur,128,0
2006,Tiruppur,1,0
2006,Tiruvannamalai,449,0
2006,Tuticorin,1856,0
2006,Vellore,472,0
2006,Villupuram,343,0
2006,Virudhunagar,19,0
2006,Dhalai,3760,3
2006,North Tripura,1502,5
2006,South Tripura,10876,10
2006,West Tripura,1870,2
2006,Agra,267,0
2006,Aligarh,1736,0
2006,Ambedkar Nagar,0,0
2006,Amroha,261,0
2006,Auraiya,418,0
2006,Ayodhya,4,0
2006,Azamgarh,2,0
2006,Baghpat,163,0
2006,Bahraich,130,0
2006,Ballia,0,0
2006,Balrampur,8,0
2006,Banda,836,0
2006,Barabanki,0,0
2006,Bareilly,2668,0
2006,Basti,77,0
2006,Bhadohi,1773,0
2006,Bijnor,1374,0
2006,Budaun,3780,0
2006,Bulandshahr,1681,0
2006,Chandauli,882,0
2006,Chitrakoot,1476,0
2006,Deoria,18,0
2006,Etah,1440,0
2006,Etawah,896,0
2006,Farrukhabad,650,0
2006,Fatehpur,2558,0
2006,Firozabad,132,0
2006,Gautam Buddha Nagar,1036,0
2006,Ghaziabad,931,0
2006,Ghazipur,0,0
2006,Gonda,33,0
2006,Gorakhpur,4,0
2006,Hamirpur,2180,0
2006,Hardoi,86,0
2006,Hathras,762,0
2006,Jalaun,635,0
2006,Jaunpur,388,0
2006,Jhansi,1348,0
2006,Kannauj,668,0
2006,Kanpur Dehat,916,0
2006,Kanpur Nagar,654,0
2006,Kaushambi,504,0
2006,Kheri,1003,0
2006,Kushi Nagar,138,0
2006,Lalitpur,1093,0
2006,Lucknow,47,0
2006,Maharajganj,63,0
2006,Mahoba,1346,0
2006,Mainpuri,2225,0
2006,Mathura,352,0
2006,Mau,17,0
2006,Meerut,248,0
2006,Mirzapur,10715,0
2006,Moradabad,657,0
2006,Muzaffarnagar,4566,0
2006,Pilibhit,400,0
2006,Pratapgarh,271,0
2006,Prayagraj,5961,0
2006,Rae Bareli,58,0
2006,Rampur,753,0
2006,Saharanpur,366,0
2006,Sant Kabeer Nagar,6,0
2006,Shahjahanpur,109,0
2006,Shravasti,1,0
2006,Siddharth Nagar,290,0
2006,Sitapur,55,0
2006,Sonbhadra,40582,0
2006,Sultanpur,355,0
2006,Unnao,27,0
2006,Varanasi,224,0
2006,Almora,13,0
2006,Bageshwar,3,0
2006,Chamoli,23,0
2006,Champawat,0,0
2006,Dehradun,54,0
2006,Haridwar,311,0
2006,Nainital,332,0
2006,Pauri Garhwal,25,0
2006,Pithoragarh,0,0
2006,Rudra Prayag,1,0
2006,Tehri Garhwal,3,0
2006,Udam Singh Nagar,476,0
2006,Uttar Kashi,1,0
2006,24 Paraganas North,451,0
2006,24 Paraganas South,1167,4
2006,Bankura,2293,17
2006,Bardhaman,66,1
2006,Birbhum,783,15
2006,Coochbehar,3659,13
2006,Darjeeling,10489,14
2006,Dinajpur Dakshin,263,2
2006,Dinajpur Uttar,107,0
2006,Hooghly,155,3
2006,Howrah,415,8
2006,Jalpaiguri,76731,36
2006,KMUHO#,153,1
2006,Kolkata,57674,3
2006,Kolkata Urban#,8389,0
2006,Maldah,1299,0
2006,Medinipur East,1082,0
2006,Medinipur West,8017,22
2006,Murshidabad,1254,14
2006,Nadia,519,1
2006,Purulia,10998,21
2006,Andaman,1119,0
2006,Nicobars,1874,1
2006,Adilabad,902,0
2006,Anantapur,2118,0
2006,Chittoor,205,0
2006,East Godavari,8765,0
2006,Guntur,556,0
2006,Hyderabad,228,0
2006,Karimnagar,143,0
2006,Khammam,2033,0
2006,Krishna,3041,0
2006,Kurnool,807,0
2006,Mahabubnagar,152,0
2006,Medak,47,0
2006,Nalgonda,253,0
2006,Nizamabad,15,0
2006,Prakasam,1722,0
2006,Ranga Reddy,323,0
2006,SPSR Nellore,45,0
2006,Srikakulam,1176,0
2006,Visakhapatanam,5984,0
2006,Vizianagaram,2120,0
2006,Warangal,244,0
2006,West Godavari,677,0
2006,Y.S.R.,2525,0
2006,Changlang,4093,3
2006,Dibang Valley,8538,4
2006,East Kameng,3057,44
2006,East Siang,4201,14
2006,Lohit,5242,14
2006,Lower Subansiri,142,0
2006,Papum Pare,6314,50
2006,Tirap,2230,57
2006,Upper Siang,124,0
2006,Upper Subansiri,1215,5
2006,West Kameng,454,5
2006,West Siang,3572,0
2006,Barpeta,4316,9
2006,Bongaigaon,5766,2
2006,Cachar,4451,1
2006,Darrang,18171,5
2006,Dhemaji,2353,13
2006,Dhubri,2432,8
2006,Dibrugarh,111,3
2006,Dima Hasao,3116,1
2006,Goalpara,5792,4
2006,Golaghat,2113,44
2006,Hailakandi,5447,2
2006,Jorhat,320,8
2006,Kamrup,7215,26
2006,Karbi Anglong,17738,48
2006,Karimganj,1068,2
2006,Kokrajhar,8719,7
2006,Lakhimpur,11015,82
2006,Marigaon,2548,6
2006,Nagaon,7043,6
2006,Nalbari,5009,7
2006,Sivasagar,47,1
2006,Sonitpur,9604,9
2006,Tinsukia,1784,10
2006,Araria,0,0
2006,Arwal,0,0
2006,Aurangabad,1282,0
2006,Banka,9,0
2006,Begusarai,0,0
2006,Bhagalpur,14,0
2006,Bhojpur,1,0
2006,Buxar,1,0
2006,Darbhanga,0,0
2006,Gaya,191,1
2006,Gopalganj,2,0
2006,Jamui,791,0
2006,Jehanabad,2,0
2006,Kaimur (Bhabua),4,0
2006,Katihar,0,0
2006,Khagaria,0,0
2006,Kishanganj,0,0
2006,Lakhisarai,11,0
2006,Madhepura,0,0
2006,Madhubani,1,0
2006,Munger,133,0
2006,Muzaffarpur,4,0
2006,Nalanda,2,0
2006,Nawada,66,0
2006,Pashchim Champaran,3,0
2006,Patna,18,0
2006,Purbi Champaran,0,0
2006,Purnia,0,0
2006,Rohtas,196,0
2006,Saharsa,0,0
2006,Samastipur,3,0
2006,Saran,10,0
2006,Sheikhpura,0,0
2006,Sheohar,0,0
2006,Sitamarhi,0,0
2006,Siwan,0,0
2006,Supaul,0,0
2006,Vaishali,0,0
2006,Chandigarh,449,0
2006,Bastar,43603,0
2006,Bilaspur,5462,0
2006,Dantewada,41257,0
2006,Dhamtari,788,1
2006,Durg,1747,1
2006,Janjgir-Champa,1285,0
2006,Jashpur,16485,0
2006,Kabirdham,1895,0
2006,Kanker,21777,0
2006,Korba,8777,0
2006,Korea,8438,0
2006,Mahasamund,1406,1
2006,Raigarh,11282,0
2006,Raipur,2237,0
2006,RajnandGaon,3424,0
2006,Surguja,20727,0
2006,Dadra And Nagar Haveli,3786,0
2006,Daman,113,0
2006,Diu,27,0
2006,New Delhi,928,0
2006,North Goa,3966,5
2006,South Goa,1044,2
2006,Ahmadabad,1674,1
2006,Ahmadabad MC#,2818,22
2006,Amreli,4078,1
2006,Anand,3265,0
2006,Banas kantha,4616,0
2006,Bharuch,2888,1
2006,Bhavnagar,2533,3
2006,Dang,405,0
2006,Dohad,3977,0
2006,Gandhinagar,1406,0
2006,Jamnagar,2701,10
2006,Junagadh,4621,0
2006,Kachchh,5081,1
2006,Kheda,1872,0
2006,Mahesana,1487,2
2006,Narmada,1122,2
2006,Navsari,990,0
2006,Panch Mahals,3575,0
2006,Patan,4154,1
2006,Porbandar,371,0
2006,Rajkot,3012,0
2006,Sabar kantha,3032,0
2006,Surat,14315,0
2006,Surendranagar,6875,0
2006,Vadodara,7906,1
2006,Valsad,1061,0
2006,Ambala,293,0
2006,Bhiwani,1844,0
2006,Faridabad,285,0
2006,Fatehabad,939,0
2006,Gurugram,94,0
2006,Hisar,3355,0
2006,Jhajjar,1712,0
2006,Jind,5944,0
2006,Kaithal,1757,0
2006,Karnal,8834,0
2006,Kurukshetra,110,0
2006,Mahendragarh,449,0
2006,Nuh,383,0
2006,Panchkula,464,0
2006,Panipat,8157,0
2006,Rewari,284,0
2006,Rohtak,4496,0
2006,Sirsa,330,0
2006,Sonipat,7182,0
2006,Yamunanagar,230,0
2006,Bilaspur,14,0
2006,Chamba,10,0
2006,Hamirpur,23,0
2006,Kangra,30,0
2006,Kullu,1,0
2006,Mandi,3,0
2006,Shimla,27,0
2006,Sirmaur,0,0
2006,Solan,5,0
2006,Una,1,0
2006,Baramulla,0,0
2006,Doda,3,0
2006,Jammu,42,0
2006,Kargil,0,0
2006,Kathua,16,0
2006,Leh Ladakh,0,0
2006,Poonch,40,0
2006,Rajouri,24,0
2006,Udhampur,28,0
2006,UMCP Jammu#,11,0
2006,Bokaro,5635,0
2006,Chatra,9251,0
2006,Deoghar,240,0
2006,Dhanbad,2443,0
2006,Dumka,10004,0
2006,East Singhbum,5424,0
2006,Garhwa,21452,0
2006,Giridih,17961,0
2006,Godda,7047,0
2006,Gumla,4881,2
2006,Hazaribagh,7758,0
2006,Jamtara,52,0
2006,Koderma,1014,0
2006,Latehar,16880,0
2006,Lohardaga,1304,1
2006,Pakur,2859,0
2006,Palamu,37102,0
2006,Ranchi,7546,1
2006,Sahebganj,2544,0
2006,Saraikela Kharsawan,6032,0
2006,Simdega,8881,0
2006,West Singhbhum,17578,0
2006,A.M.U. Almatti#,532,0
2006,A.M.U. B. Gudi#,49,0
2006,A.M.U. Kembhavi#,182,0
2006,Bagalkote,1595,0
2006,Ballari,2605,0
2006,Belagavi,4149,10
2006,Bengaluru Rural,177,0
2006,Bengaluru Urban,97,0
2006,Bidar,389,0
2006,Chamarajanagara,577,0
2006,Chikkamagaluru,343,0
2006,Chitradurga,3015,0
2006,Dakshina Kannada,12998,11
2006,Davangere,239,0
2006,Dharwad,479,0
2006,Gadag,1002,1
2006,Hassan,412,0
2006,Haveri,574,1
2006,Kalaburagi,5067,1
2006,Kodagu,40,0
2006,Kolar,8175,7
2006,Koppal,3269,1
2006,Mandya,1554,0
2006,Mysuru,168,0
2006,Raichur,7599,0
2006,Shivamogga,183,0
2006,Tumakuru,4297,0
2006,U.K.P.N. PURA#,996,0
2006,Udupi,678,0
2006,Uttara Kannada,268,0
2006,Vijayapura,1134,0
2006,Alappuzha,220,0
2006,Ernakulam,148,3
2006,Idukki,72,0
2006,Kannur,237,0
2006,Kasaragod,280,0
2006,Kollam,150,1
2006,Kottayam,65,0
2006,Kozhikode,182,2
2006,Malappuram,191,0
2006,Palakkad,87,0
2006,Pathanamthitta,156,0
2006,Thiruvananthapuram,99,0
2006,Thrissur,223,0
2006,Wayanad,21,0
2006,Lakshadweep District,0,0
2006,Anuppur,1960,0
2006,Ashoknagar,3421,0
2006,Balaghat,1399,0
2006,Barwani,401,0
2006,Betul,1323,9
2006,Bhind,1014,0
2006,Bhopal,5010,1
2006,Burhanpur,514,0
2006,Chhatarpur,1394,0
2006,Chhindwara,2102,0
2006,Damoh,1244,2
2006,Datia,388,0
2006,Dewas,968,0
2006,Dhar,2300,0
2006,Dindori,2971,0
2006,East Nimar,1171,0
2006,Guna,4308,0
2006,Gwalior,1604,0
2006,Harda,451,1
2006,Indore,279,0
2006,Jabalpur,2181,0
2006,Jhabua,3334,1
2006,Katni,329,0
2006,Khargone,2594,0
2006,Mandla,2564,2
2006,Mandsaur,812,0
2006,Morena,828,0
2006,Narmadapuram,2379,1
2006,Narsinghpur,1307,0
2006,Neemuch,315,0
2006,Panna,1508,0
2006,Raisen,1896,4
2006,Rajgarh,2351,0
2006,Ratlam,2098,0
2006,Rewa,2011,0
2006,Sagar,4879,0
2006,Satna,5261,0
2006,Sehore,1510,0
2006,Seoni,2085,4
2006,Shahdol,4103,0
2006,Shajapur,462,1
2006,Sheopur,1595,0
2006,Shivpuri,2700,0
2006,Sidhi,7761,26
2006,Tikamgarh,612,0
2006,Ujjain,226,0
2006,Umaria,1630,0
2006,Vidisha,2607,4
2006,Ahmednagar,228,0
2006,Akola,273,0
2006,Amravati,1451,3
2006,Aurangabad,215,0
2006,Beed,324,0
2006,Bhandara,245,3
2006,Buldhana,356,0
2006,Chandrapur,2420,4
2006,Dhule,1754,0
2006,Gadchiroli,7737,3
2006,Gondia,970,5
2006,Hingoli,23,0
2006,Jalgaon,725,0
2006,Jalna,59,0
2006,Kolhapur,185,1
2006,Latur,174,0
2006,Mumbai,17826,107
2006,Nagpur,569,0
2006,Nagpur MC#,75,0
2006,Nanded,635,0
2006,Nandurbar,939,0
2006,Nashik,463,0
2006,Osmanabad,33,0
2006,Parbhani,65,0
2006,Pune,695,2
2006,Pune MC#,112,0
2006,Raigad,6060,0
2006,Ratnagiri,426,4
2006,Sangli,149,0
2006,Satara,345,0
2006,Sindhudurg,270,0
2006,Solapur,232,1
2006,Thane,4583,0
2006,Wardha,1053,0
2006,Washim,312,0
2006,Yavatmal,2439,0
2007,Bishnupur,17,0
2007,Chandel,258,0
2007,Churachandpur,303,8
2007,Imphal East,119,0
2007,Imphal West,58,0
2007,Jiribam,88,0
2007,Kangpokpi,239,0
2007,Senapati,52,0
2007,Tamenglong,1125,0
2007,Thoubal,73,0
2007,Ukhrul,377,0
2007,East Garo Hills,1158,6
2007,Khasi Hills,7552,51
2007,West Garo Hills,15220,44
2007,West Jaintia Hills,4543,53
2007,West Khasi Hills,1451,13
2007,Aizawl,629,0
2007,Aizawl West#,443,41
2007,Champhai,384,0
2007,Kolasib,2379,14
2007,Lawngtlai,141,0
2007,Lunglei,3516,26
2007,Mamit,1324,2
2007,Saiha,1227,22
2007,Serchhip,625,15
2007,Mon,201,0
2007,Dimapur,131,0
2007,Kiphire,302,0
2007,Kohima,513,10
2007,Longleng,109,0
2007,Mokokchung,764,6
2007,Peren,31,0
2007,Phek,467,0
2007,Tuensang,170,0
2007,UVBDS Dimapur#,207,59
2007,Wokha,417,0
2007,Zunheboto,49,0
2007,Anugul,16803,4
2007,Balangir,12035,0
2007,Baleshwar,2249,10
2007,Bargarh,4091,1
2007,Bhadrak,758,1
2007,Boudh,3102,21
2007,Cuttack,2658,2
2007,Deogarh,4751,1
2007,Dhenkanal,13734,0
2007,Gajapati,11005,1
2007,Ganjam,22441,2
2007,Jagatsinghapur,467,1
2007,Jajapur,5581,1
2007,Jharsuguda,2461,2
2007,Kalahandi,27640,2
2007,Kandhamal,32920,33
2007,Kendrapara,474,1
2007,Kendujhar,29896,48
2007,Khordha,3945,0
2007,Koraput,16512,34
2007,Malkangiri,16139,18
2007,Mayurbhanj,17906,8
2007,Nabarangpur,19408,4
2007,Nayagarh,5801,4
2007,Nuapada,18913,24
2007,Puri,168,0
2007,Rayagada,33734,15
2007,Sambalpur,20771,4
2007,Sonepur,4934,2
2007,Sundargarh,28919,13
2007,Karaikal,13,0
2007,Mahe,1,0
2007,Pondicherry,34,0
2007,Yanam,2,0
2007,Amritsar,80,0
2007,Barnala,3,0
2007,Bathinda,28,0
2007,Faridkot,144,0
2007,Fatehgarh Sahib,6,0
2007,Ferozepur,585,0
2007,Gurdaspur,23,0
2007,Hoshiarpur,25,0
2007,Jalandhar,39,0
2007,Kapurthala,10,0
2007,Ludhiana,192,0
2007,Mansa,205,0
2007,Moga,5,0
2007,Patiala,66,0
2007,Rupnagar,9,0
2007,S.A.S Nagar,3,0
2007,Sangrur,48,0
2007,"Shahid Bhagat Singh
Nagar",104,0
2007,Sri Muktsar Sahib,64,0
2007,Tarn taran,249,0
2007,Ajmer,2484,7
2007,Alwar,2941,4
2007,Banswara,2063,0
2007,Baran,1122,1
2007,Barmer,25673,0
2007,Bharatpur,1512,0
2007,Bhilwara,5808,0
2007,Bikaner,3487,20
2007,Bundi,2340,0
2007,Chittorgarh,3935,2
2007,Churu,1145,1
2007,Dausa,759,0
2007,Dholpur,363,0
2007,Dungarpur,2531,0
2007,Ganganagar,487,0
2007,Hanumangarh,1365,1
2007,Jaipur,1253,0
2007,Jaisalmer,9156,3
2007,Jalore,3177,2
2007,Jhalawar,1040,2
2007,Jhunjhunu,787,3
2007,Jodhpur,1985,0
2007,Karauli,1468,0
2007,Kota,1873,0
2007,Nagaur,4489,0
2007,Pali,3012,0
2007,Rajsamand,1153,2
2007,Sawai Madhopur,1461,0
2007,Sikar,750,5
2007,Sirohi,1851,0
2007,Tonk,1172,5
2007,Udaipur,6887,0
2007,Gangtok,69,0
2007,Gyalshing,0,0
2007,Mangan,0,0
2007,Namchi,24,0
2007,Aranthangi#,6,0
2007,Chengalpattu,51,0
2007,Chennai,18565,0
2007,Cheyyar#,129,0
2007,Coimbatore,5,0
2007,Cuddalore,42,0
2007,Dharapuram#,0,0
2007,Dharmapuri,208,0
2007,Dindigul,56,0
2007,Erode,0,0
2007,Kallakurichi,44,0
2007,Kanchipuram,5,0
2007,Kanniyakumari,1500,0
2007,Karur,0,0
2007,Kovilpatti#,650,0
2007,Krishnagiri,62,0
2007,Madurai,76,0
2007,Nagapattinam,204,0
2007,Namakkal,31,0
2007,Palani#,3,0
2007,Paramakudi#,165,0
2007,Perambalur,16,0
2007,Pudukkottai,7,0
2007,Ramanathapuram,2709,0
2007,Salem,52,0
2007,Sivaganga,52,0
2007,Sivakasi#,2,0
2007,Tenkasi,24,0
2007,Thanjavur,53,0
2007,The Nilgiris,1,0
2007,Theni,1,0
2007,Thiruvallur,1073,0
2007,Thiruvarur,65,0
2007,Tiruchirappalli,11,0
2007,Tirunelveli,32,0
2007,Tirupathur,69,0
2007,Tiruppur,0,0
2007,Tiruvannamalai,534,0
2007,Tuticorin,803,0
2007,Vellore,562,0
2007,Villupuram,341,0
2007,Virudhunagar,10,0
2007,Dhalai,7008,16
2007,North Tripura,2855,4
2007,South Tripura,10762,5
2007,West Tripura,2750,6
2007,Agra,332,0
2007,Aligarh,1454,0
2007,Ambedkar Nagar,0,0
2007,Amroha,207,0
2007,Auraiya,524,0
2007,Ayodhya,18,0
2007,Azamgarh,10,0
2007,Baghpat,125,0
2007,Bahraich,118,0
2007,Ballia,4,0
2007,Balrampur,12,0
2007,Banda,1017,0
2007,Barabanki,2,0
2007,Bareilly,1955,0
2007,Basti,73,0
2007,Bhadohi,3380,0
2007,Bijnor,1482,0
2007,Budaun,2925,0
2007,Bulandshahr,734,0
2007,Chandauli,780,0
2007,Chitrakoot,1746,0
2007,Deoria,19,0
2007,Etah,1485,0
2007,Etawah,573,0
2007,Farrukhabad,761,0
2007,Fatehpur,830,0
2007,Firozabad,374,0
2007,Gautam Buddha Nagar,718,0
2007,Ghaziabad,540,0
2007,Ghazipur,9,0
2007,Gonda,38,0
2007,Gorakhpur,3,0
2007,Hamirpur,992,0
2007,Hardoi,107,0
2007,Hathras,563,0
2007,Jalaun,379,0
2007,Jaunpur,298,0
2007,Jhansi,1104,0
2007,Kannauj,516,0
2007,Kanpur Dehat,639,0
2007,Kanpur Nagar,386,0
2007,Kaushambi,334,0
2007,Kheri,1005,0
2007,Kushi Nagar,100,0
2007,Lalitpur,1461,0
2007,Lucknow,14,0
2007,Maharajganj,15,0
2007,Mahoba,917,0
2007,Mainpuri,3494,0
2007,Mathura,303,0
2007,Mau,4,0
2007,Meerut,76,0
2007,Mirzapur,8480,0
2007,Moradabad,128,0
2007,Muzaffarnagar,2495,0
2007,Pilibhit,206,0
2007,Pratapgarh,328,0
2007,Prayagraj,7115,0
2007,Rae Bareli,172,0
2007,Rampur,373,0
2007,Saharanpur,333,0
2007,Sant Kabeer Nagar,7,0
2007,Shahjahanpur,123,0
2007,Shravasti,5,0
2007,Siddharth Nagar,288,0
2007,Sitapur,48,0
2007,Sonbhadra,36009,0
2007,Sultanpur,190,0
2007,Unnao,17,0
2007,Varanasi,294,0
2007,Almora,6,0
2007,Bageshwar,5,0
2007,Chamoli,0,0
2007,Champawat,15,0
2007,Dehradun,49,0
2007,Haridwar,131,0
2007,Nainital,365,0
2007,Pauri Garhwal,10,0
2007,Pithoragarh,0,0
2007,Rudra Prayag,5,0
2007,Tehri Garhwal,4,0
2007,Udam Singh Nagar,518,0
2007,Uttar Kashi,0,0
2007,24 Paraganas North,516,2
2007,24 Paraganas South,951,3
2007,Bankura,1314,14
2007,Bardhaman,52,3
2007,Birbhum,434,0
2007,Coochbehar,4392,24
2007,Darjeeling,5834,5
2007,Dinajpur Dakshin,293,1
2007,Dinajpur Uttar,129,0
2007,Hooghly,95,0
2007,Howrah,472,1
2007,Jalpaiguri,61796,97
2007,Kolkata,54704,1
2007,Kolkata Urban#,5894,0
2007,Maldah,1510,1
2007,Medinipur East,964,0
2007,Medinipur West,7592,10
2007,Murshidabad,1658,14
2007,Nadia,460,0
2007,Purulia,10586,27
2007,Pvt. Hospital & Others#,0,0
2007,Nicobars,2774,0
2007,"North And Middle
Andaman",175,0
2007,South Andamans,1024,0
2007,Adilabad,2165,0
2007,Anantapur,917,0
2007,Chittoor,221,0
2007,East Godavari,5062,0
2007,Guntur,609,0
2007,Hyderabad,262,0
2007,Karimnagar,134,2
2007,Khammam,2348,0
2007,Krishna,1834,0
2007,Kurnool,756,0
2007,Mahabubnagar,99,0
2007,Medak,32,0
2007,Nalgonda,311,0
2007,Nizamabad,18,0
2007,Prakasam,1336,0
2007,Ranga Reddy,249,0
2007,SPSR Nellore,57,0
2007,Srikakulam,1124,0
2007,Visakhapatanam,5251,0
2007,Vizianagaram,1896,0
2007,Warangal,136,0
2007,West Godavari,1058,0
2007,Y.S.R.,1928,0
2007,Anjaw,19,0
2007,Changlang,2197,0
2007,Dibang Valley,16,0
2007,East Kameng,1786,0
2007,East Siang,7002,8
2007,Kurung Kumey,29,0
2007,Lohit,4901,4
2007,Lower Dibang Valley,4773,7
2007,Lower Subansiri,142,0
2007,Papum Pare,3418,17
2007,Tirap,2477,0
2007,Upper Siang,453,0
2007,Upper Subansiri,721,0
2007,West Kameng,241,0
2007,West Siang,3897,0
2007,Barpeta,2598,2
2007,Bongaigaon,3579,12
2007,Cachar,3657,1
2007,Darrang,12557,5
2007,Dhemaji,595,3
2007,Dhubri,1976,18
2007,Dibrugarh,89,0
2007,Dima Hasao,2738,0
2007,Goalpara,6940,5
2007,Golaghat,715,12
2007,Hailakandi,3162,0
2007,Jorhat,189,3
2007,Kamrup,10249,18
2007,Karbi Anglong,16618,39
2007,Karimganj,461,2
2007,Kokrajhar,5317,1
2007,Lakhimpur,3235,8
2007,Marigaon,1449,3
2007,Nagaon,6888,7
2007,Nalbari,2427,7
2007,Sivasagar,88,3
2007,Sonitpur,7863,3
2007,Tinsukia,1463,0
2007,Araria,0,0
2007,Arwal,0,0
2007,Aurangabad,312,0
2007,Banka,0,0
2007,Begusarai,4,0
2007,Bhagalpur,13,0
2007,Bhojpur,0,0
2007,Buxar,0,0
2007,Darbhanga,0,0
2007,Gaya,126,1
2007,Gopalganj,1,0
2007,Jamui,110,0
2007,Jehanabad,1,0
2007,Kaimur (Bhabua),25,0
2007,Katihar,16,0
2007,Khagaria,0,0
2007,Kishanganj,0,0
2007,Lakhisarai,1,0
2007,Madhepura,0,0
2007,Madhubani,0,0
2007,Munger,440,0
2007,Muzaffarpur,0,0
2007,Nalanda,2,0
2007,Nawada,310,0
2007,Pashchim Champaran,1,0
2007,Patna,16,0
2007,Purbi Champaran,0,0
2007,Purnia,0,0
2007,Rohtas,204,0
2007,Saharsa,0,0
2007,Samastipur,3,0
2007,Saran,10,0
2007,Sheikhpura,0,0
2007,Sheohar,0,0
2007,Sitamarhi,0,0
2007,Siwan,0,0
2007,Supaul,0,0
2007,Vaishali,0,0
2007,Chandigarh,340,0
2007,Bastar,37087,0
2007,Bilaspur,2882,0
2007,Dantewada,14850,0
2007,Dhamtari,584,0
2007,Durg,1587,0
2007,Janjgir-Champa,590,0
2007,Jashpur,12001,0
2007,Kabirdham,1841,0
2007,Kanker,15532,0
2007,Korba,11099,0
2007,Korea,7061,0
2007,Mahasamund,643,0
2007,Raigarh,8601,0
2007,Raipur,2126,0
2007,RajnandGaon,2996,0
2007,Surguja,28045,0
2007,"Dadra And Nagar
Haveli",3780,0
2007,Daman,92,0
2007,Diu,7,0
2007,New Delhi,182,0
2007,North Goa,7199,7
2007,South Goa,2556,4
2007,Ahmadabad,538,1
2007,Ahmadabad MC#,5229,22
2007,Amreli,2852,0
2007,Anand,1407,2
2007,Banas kantha,3432,0
2007,Bharuch,2129,0
2007,Bhavnagar,1317,3
2007,Bhavnagar MC#,69,0
2007,Dang,294,0
2007,Dohad,1938,1
2007,Gandhinagar,793,0
2007,Jamnagar,5351,20
2007,Jamnagar MC#,154,3
2007,Junagadh,3397,0
2007,Junagadh MC#,362,0
2007,Kachchh,7305,0
2007,Kheda,770,1
2007,Mahesana,860,0
2007,Narmada,727,0
2007,Navsari,838,0
2007,Panch Mahals,2146,3
2007,Patan,2264,0
2007,Porbandar,702,0
2007,Rajkot,2252,1
2007,Rajkot MC#,539,1
2007,Sabar kantha,2352,0
2007,Surat,1961,0
2007,Surat MC#,9765,0
2007,Surendranagar,3803,4
2007,Vadodara,2165,2
2007,Vadodara MC#,2058,9
2007,Valsad,1352,0
2007,Ambala,49,0
2007,Bhiwani,2374,0
2007,Faridabad,239,0
2007,Fatehabad,2610,0
2007,Gurugram,60,0
2007,Hisar,4718,0
2007,Jhajjar,887,0
2007,Jind,7235,0
2007,Kaithal,1636,0
2007,Karnal,3594,0
2007,Kurukshetra,77,0
2007,Mahendragarh,308,0
2007,Nuh,599,0
2007,Panchkula,144,0
2007,Panipat,1549,0
2007,Rewari,132,0
2007,Rohtak,1851,0
2007,Sirsa,612,0
2007,Sonipat,2029,0
2007,Yamunanagar,192,0
2007,Bilaspur,22,0
2007,Chamba,2,0
2007,Hamirpur,17,0
2007,Kangra,24,0
2007,Kullu,4,0
2007,Mandi,3,0
2007,Shimla,16,0
2007,Sirmaur,0,0
2007,Solan,14,0
2007,Una,2,0
2007,Baramulla,0,0
2007,Doda,6,0
2007,Jammu,45,0
2007,Kargil,0,0
2007,Kathua,15,0
2007,Leh Ladakh,0,0
2007,Poonch,74,1
2007,Rajouri,16,0
2007,Udhampur,75,0
2007,UMCP Jammu#,9,0
2007,Bokaro,3972,0
2007,Chatra,10673,0
2007,Deoghar,371,3
2007,Dhanbad,1521,0
2007,Dumka,9033,1
2007,East Singhbum,3958,0
2007,Garhwa,16251,0
2007,Giridih,17834,0
2007,Godda,4435,7
2007,Gumla,4444,0
2007,Hazaribagh,9832,0
2007,Jamtara,5,0
2007,Koderma,1459,0
2007,Latehar,18644,0
2007,Lohardaga,643,0
2007,Pakur,1987,0
2007,Palamu,35188,0
2007,Ranchi,10851,1
2007,Sahebganj,4411,19
2007,Saraikela Kharsawan,5403,0
2007,Simdega,7702,0
2007,West Singhbhum,16261,0
2007,A.M.U. Almatti#,595,0
2007,A.M.U. B. Gudi#,69,0
2007,A.M.U. Kembhavi#,42,0
2007,Bagalkote,719,0
2007,Ballari,1878,0
2007,Belagavi,3908,2
2007,Bengaluru Rural,265,0
2007,Bengaluru Urban,32,1
2007,Bidar,437,0
2007,Chamarajanagara,537,0
2007,Chikkamagaluru,224,0
2007,Chitradurga,1317,0
2007,Dakshina Kannada,8685,5
2007,Davangere,225,0
2007,Dharwad,560,0
2007,Gadag,958,1
2007,Hassan,182,0
2007,Haveri,802,2
2007,Kalaburagi,5194,2
2007,Kodagu,30,0
2007,Kolar,5058,0
2007,Koppal,3163,0
2007,Mandya,466,0
2007,Mysuru,106,0
2007,Raichur,7592,0
2007,Shivamogga,158,0
2007,Tumakuru,1514,0
2007,U.K.P.N. PURA#,282,0
2007,Udupi,1293,3
2007,Uttara Kannada,298,0
2007,Vijayapura,2766,2
2007,Alappuzha,152,0
2007,Ernakulam,113,0
2007,Idukki,91,0
2007,Kannur,225,3
2007,Kasaragod,243,0
2007,Kollam,134,1
2007,Kottayam,52,0
2007,Kozhikode,161,1
2007,Malappuram,184,1
2007,Palakkad,68,0
2007,Pathanamthitta,155,0
2007,Thiruvananthapuram,145,0
2007,Thrissur,177,0
2007,Wayanad,27,0
2007,Lakshadweep District,0,0
2007,Anuppur,733,0
2007,Ashoknagar,3133,0
2007,Balaghat,2776,0
2007,Barwani,356,0
2007,Betul,2184,14
2007,Bhind,1562,1
2007,Bhopal,4752,0
2007,Burhanpur,1170,0
2007,Chhatarpur,741,0
2007,Chhindwara,2964,0
2007,Damoh,675,0
2007,Datia,206,0
2007,Dewas,759,0
2007,Dhar,2108,2
2007,Dindori,1176,0
2007,East Nimar,1765,1
2007,Guna,3413,0
2007,Gwalior,1047,0
2007,Harda,517,1
2007,Indore,212,0
2007,Jabalpur,1696,0
2007,Jhabua,1711,0
2007,Katni,293,0
2007,Khargone,2726,0
2007,Mandla,5547,0
2007,Mandsaur,693,0
2007,Morena,667,0
2007,Narmadapuram,3527,4
2007,Narsinghpur,1658,0
2007,Neemuch,286,0
2007,Panna,1766,0
2007,Raisen,1271,1
2007,Rajgarh,2305,0
2007,Ratlam,1538,0
2007,Rewa,1748,1
2007,Sagar,2632,0
2007,Satna,3577,0
2007,Sehore,1324,1
2007,Seoni,2003,3
2007,Shahdol,2190,0
2007,Shajapur,570,0
2007,Sheopur,4953,6
2007,Shivpuri,3100,0
2007,Sidhi,5833,1
2007,Tikamgarh,512,0
2007,Ujjain,145,0
2007,Umaria,2102,0
2007,Vidisha,2207,5
2007,Ahmednagar,381,6
2007,Akola,246,0
2007,Amravati,1114,1
2007,Aurangabad,270,0
2007,Beed,295,1
2007,Bhandara,226,0
2007,Buldhana,379,0
2007,Chandrapur,2832,9
2007,Dhule,2773,0
2007,Gadchiroli,9904,3
2007,Gondia,1104,5
2007,Hingoli,34,0
2007,Jalgaon,2086,4
2007,Jalna,71,0
2007,Kolhapur,219,1
2007,Latur,94,0
2007,Mumbai,25403,122
2007,Nagpur,568,1
2007,Nagpur MC#,73,0
2007,Nanded,641,1
2007,Nandurbar,1304,0
2007,Nashik,1552,6
2007,Osmanabad,51,0
2007,Parbhani,118,1
2007,Pune,1199,8
2007,Pune MC#,139,12
2007,Raigad,3051,0
2007,Ratnagiri,524,0
2007,Sangli,204,0
2007,Satara,497,1
2007,Sindhudurg,296,0
2007,Solapur,215,0
2007,Thane,7203,0
2007,Wardha,1071,0
2007,Washim,166,0
2007,Yavatmal,1547,0
2008,Bishnupur,43,0
2008,Chandel,151,0
2008,Churachandpur,101,4
2008,Imphal East,58,0
2008,Imphal West,91,0
2008,Jiribam,142,0
2008,Kangpokpi,35,0
2008,Senapati,46,0
2008,Tamenglong,311,0
2008,Thoubal,96,0
2008,Ukhrul,120,0
2008,East Garo Hills,1793,22
2008,East Khasi Hills,997,62
2008,Ri Bhoi,4550,0
2008,South Garo Hills,2717,0
2008,West Garo Hills,21057,117
2008,West Jaintia Hills,4235,22
2008,West Khasi Hills,988,14
2008,Aizawl,103,1
2008,Aizawl West#,125,12
2008,Champhai,143,4
2008,Kolasib,933,4
2008,Lawngtlai,214,8
2008,Lunglei,2873,28
2008,Mamit,654,5
2008,Saiha,754,9
2008,Serchhip,282,4
2008,Mon,297,0
2008,Bhandari#,357,0
2008,Chantgya#,245,0
2008,Chazjiba#,138,0
2008,Dimapur,192,0
2008,Kiphire,129,0
2008,Kohima,511,3
2008,Longleng,242,0
2008,M'lemba#,503,0
2008,Mokokchung,435,4
2008,Peren,19,0
2008,Pfutsero#,43,0
2008,Phek,420,0
2008,Tizit#,136,0
2008,Tuensang,435,0
2008,UVBDS Dimapur#,99,15
2008,Wokha,514,4
2008,Zunheboto,261,0
2008,Anugul,16469,7
2008,Balangir,10766,0
2008,Baleshwar,1101,3
2008,Bargarh,4088,0
2008,Bhadrak,785,0
2008,Boudh,2654,13
2008,Cuttack,2535,1
2008,Deogarh,6865,3
2008,Dhenkanal,11705,1
2008,Gajapati,8768,2
2008,Ganjam,19000,0
2008,Jagatsinghapur,466,0
2008,Jajapur,5589,0
2008,Jharsuguda,2003,6
2008,Kalahandi,27734,2
2008,Kandhamal,32647,29
2008,Kendrapara,482,0
2008,Kendujhar,30021,31
2008,Khordha,3796,0
2008,Koraput,21488,30
2008,Malkangiri,14038,11
2008,Mayurbhanj,14176,9
2008,Nabarangpur,21407,4
2008,Nayagarh,3785,0
2008,Nuapada,20557,23
2008,Puri,146,0
2008,Rayagada,40280,27
2008,Sambalpur,21122,0
2008,Sonepur,4266,7
2008,Sundargarh,23140,12
2008,Karaikal,6,0
2008,Mahe,2,0
2008,Pondicherry,57,0
2008,Yanam,3,0
2008,Amritsar,31,0
2008,Barnala,0,0
2008,Bathinda,33,0
2008,Faridkot,241,0
2008,Fatehgarh Sahib,6,0
2008,Ferozepur,518,0
2008,Gurdaspur,6,0
2008,Hoshiarpur,28,0
2008,Jalandhar,39,0
2008,Kapurthala,2,0
2008,Ludhiana,75,0
2008,Mansa,328,0
2008,Moga,2,0
2008,Patiala,46,0
2008,Rupnagar,5,0
2008,S.A.S Nagar,3,0
2008,Sangrur,87,0
2008,"Shahid Bhagat Singh
Nagar",47,0
2008,Sri Muktsar Sahib,102,0
2008,Tarn taran,418,0
2008,Ajmer,1686,2
2008,Alwar,2443,0
2008,Banswara,1607,0
2008,Baran,1280,0
2008,Barmer,6346,0
2008,Bharatpur,847,2
2008,Bhilwara,2519,0
2008,Bikaner,2202,14
2008,Bundi,3082,1
2008,Chittorgarh,2443,1
2008,Churu,1300,2
2008,Dausa,448,0
2008,Dholpur,228,0
2008,Dungarpur,1619,0
2008,Ganganagar,422,0
2008,Hanumangarh,1902,0
2008,Jaipur,828,3
2008,Jaisalmer,3880,3
2008,Jalore,1496,1
2008,Jhalawar,565,0
2008,Jhunjhunu,662,1
2008,Jodhpur,1654,0
2008,Karauli,964,5
2008,Kota,1917,0
2008,Nagaur,1736,3
2008,Pali,2320,2
2008,Rajsamand,944,1
2008,Sawai Madhopur,1305,0
2008,Sikar,301,2
2008,Sirohi,1787,0
2008,Tonk,667,3
2008,Udaipur,3643,0
2008,Gangtok,30,0
2008,Gyalshing,0,0
2008,Mangan,1,0
2008,Namchi,17,0
2008,Aranthangi#,6,0
2008,Chengalpattu,65,0
2008,Chennai,14002,0
2008,Cheyyar#,119,0
2008,Coimbatore,3,0
2008,Cuddalore,39,0
2008,Dharapuram#,0,0
2008,Dharmapuri,332,0
2008,Dindigul,19,0
2008,Erode,0,0
2008,Kallakurichi,31,0
2008,Kanchipuram,1,0
2008,Kanniyakumari,490,0
2008,Karur,1,1
2008,Kovilpatti#,407,0
2008,Krishnagiri,44,0
2008,Madurai,61,0
2008,Nagapattinam,253,0
2008,Namakkal,5,0
2008,Palani#,19,0
2008,Paramakudi#,206,0
2008,Perambalur,24,0
2008,Pudukkottai,14,0
2008,Ramanathapuram,3332,0
2008,Salem,43,0
2008,Sivaganga,19,0
2008,Sivakasi#,1,0
2008,Tenkasi,11,0
2008,Thanjavur,57,0
2008,The Nilgiris,2,0
2008,Theni,5,0
2008,Thiruvallur,826,0
2008,Thiruvarur,37,0
2008,Tiruchirappalli,23,0
2008,Tirunelveli,15,0
2008,Tirupathur,124,0
2008,Tiruppur,6,0
2008,Tiruvannamalai,325,0
2008,Tuticorin,482,0
2008,Vellore,487,0
2008,Villupuram,448,0
2008,Virudhunagar,5,0
2008,Dhalai,4774,20
2008,North Tripura,1746,3
2008,South Tripura,8412,5
2008,West Tripura,3542,23
2008,Agra,215,0
2008,Aligarh,1261,0
2008,Ambedkar Nagar,4,0
2008,Amroha,378,0
2008,Auraiya,649,0
2008,Ayodhya,5,0
2008,Azamgarh,5,0
2008,Baghpat,215,0
2008,Bahraich,148,0
2008,Ballia,3,0
2008,Balrampur,11,0
2008,Banda,1746,0
2008,Barabanki,3,0
2008,Bareilly,1557,0
2008,Basti,72,0
2008,Bhadohi,408,0
2008,Bijnor,1234,0
2008,Budaun,1577,0
2008,Bulandshahr,712,0
2008,Chandauli,690,0
2008,Chitrakoot,865,0
2008,Deoria,18,0
2008,Etah,1177,0
2008,Etawah,363,0
2008,Farrukhabad,1346,0
2008,Fatehpur,986,0
2008,Firozabad,325,0
2008,Gautam Buddha Nagar,147,0
2008,Ghaziabad,436,0
2008,Ghazipur,8,0
2008,Gonda,36,0
2008,Gorakhpur,5,0
2008,Hamirpur,681,0
2008,Hardoi,33,0
2008,Hathras,518,0
2008,Jalaun,314,0
2008,Jaunpur,301,0
2008,Jhansi,872,0
2008,Kannauj,626,0
2008,Kanpur Dehat,496,0
2008,Kanpur Nagar,535,0
2008,Kaushambi,336,0
2008,Kheri,613,0
2008,Kushi Nagar,93,0
2008,Lalitpur,1115,0
2008,Lucknow,17,0
2008,Maharajganj,31,0
2008,Mahoba,696,0
2008,Mainpuri,4021,0
2008,Mathura,225,0
2008,Mau,12,0
2008,Meerut,50,0
2008,Mirzapur,8850,0
2008,Moradabad,187,0
2008,Muzaffarnagar,1710,0
2008,Pilibhit,164,0
2008,Pratapgarh,185,0
2008,Prayagraj,7331,0
2008,Rae Bareli,83,0
2008,Rampur,319,0
2008,Saharanpur,307,0
2008,Sant Kabeer Nagar,18,0
2008,Shahjahanpur,91,0
2008,Shravasti,11,0
2008,Siddharth Nagar,271,0
2008,Sitapur,40,0
2008,Sonbhadra,34415,0
2008,Sultanpur,126,0
2008,Unnao,17,0
2008,Varanasi,223,0
2008,Almora,0,0
2008,Bageshwar,7,0
2008,Chamoli,3,0
2008,Champawat,0,0
2008,Dehradun,56,0
2008,Haridwar,93,0
2008,Nainital,202,0
2008,Pauri Garhwal,8,0
2008,Pithoragarh,0,0
2008,Rudra Prayag,3,0
2008,Tehri Garhwal,1,0
2008,Udam Singh Nagar,577,0
2008,Uttar Kashi,3,0
2008,24 Paraganas North,381,2
2008,24 Paraganas South,700,1
2008,Bankura,1058,4
2008,Bardhaman,62,6
2008,Birbhum,218,2
2008,Coochbehar,2011,5
2008,Darjeeling,1153,0
2008,Dinajpur Dakshin,276,0
2008,Dinajpur Uttar,84,0
2008,Hooghly,71,2
2008,Howrah,1934,0
2008,Jalpaiguri,27299,47
2008,KMUHO#,3292,1
2008,Kolkata,32619,1
2008,Maldah,1734,0
2008,Medinipur East,650,0
2008,Medinipur West,5014,4
2008,Murshidabad,2261,11
2008,Nadia,412,0
2008,Purulia,6525,10
2008,Nicobars,3759,0
2008,"North And Middle
Andaman",302,0
2008,South Andamans,627,0
2008,Adilabad,1882,0
2008,Anantapur,647,0
2008,Chittoor,251,0
2008,East Godavari,5193,0
2008,Guntur,461,0
2008,Hyderabad,285,0
2008,Karimnagar,167,0
2008,Khammam,2171,0
2008,Krishna,1753,0
2008,Kurnool,617,0
2008,Mahabubnagar,152,0
2008,Medak,39,0
2008,Nalgonda,556,0
2008,Nizamabad,14,0
2008,Prakasam,848,0
2008,Ranga Reddy,303,0
2008,SPSR Nellore,39,0
2008,Srikakulam,1177,0
2008,Visakhapatanam,4949,0
2008,Vizianagaram,1892,0
2008,Warangal,204,0
2008,West Godavari,904,0
2008,Y.S.R.,1920,0
2008,Anjaw,56,0
2008,Changlang,2232,0
2008,Dibang Valley,37,0
2008,East Kameng,2947,12
2008,East Siang,7386,0
2008,Kurung Kumey,1099,0
2008,Lohit,3125,0
2008,Lower Dibang Valley,2718,5
2008,Lower Subansiri,203,0
2008,Papum Pare,2505,10
2008,Tirap,1740,0
2008,Upper Siang,515,0
2008,Upper Subansiri,781,0
2008,West Kameng,154,0
2008,West Siang,3648,0
2008,Baksa,3324,3
2008,Barpeta,490,3
2008,Bongaigaon,696,0
2008,Cachar,2169,0
2008,Chirang,3350,0
2008,Darrang,350,4
2008,Dhemaji,468,0
2008,Dhubri,1411,0
2008,Dibrugarh,65,0
2008,Dima Hasao,2842,2
2008,Goalpara,5878,2
2008,Golaghat,631,5
2008,Hailakandi,4264,0
2008,Jorhat,169,5
2008,Kamrup,1814,1
2008,Kamrup Metro,868,0
2008,Karbi Anglong,23718,38
2008,Karimganj,706,0
2008,Kokrajhar,4588,2
2008,Lakhimpur,811,0
2008,Marigaon,864,1
2008,Nagaon,2815,5
2008,Nalbari,259,2
2008,Sivasagar,72,2
2008,Sonitpur,6003,4
2008,Tinsukia,1825,2
2008,Udalguri,13489,5
2008,Araria,0,0
2008,Arwal,0,0
2008,Aurangabad,234,0
2008,Banka,0,0
2008,Begusarai,0,0
2008,Bhagalpur,21,0
2008,Bhojpur,2,0
2008,Buxar,0,0
2008,Darbhanga,0,0
2008,Gaya,117,0
2008,Gopalganj,4,0
2008,Jamui,220,0
2008,Jehanabad,0,0
2008,Kaimur (Bhabua),16,0
2008,Katihar,0,0
2008,Khagaria,0,0
2008,Kishanganj,0,0
2008,Lakhisarai,0,0
2008,Madhepura,0,0
2008,Madhubani,0,0
2008,Munger,388,0
2008,Muzaffarpur,0,0
2008,Nalanda,3,0
2008,Nawada,1228,0
2008,Pashchim Champaran,0,0
2008,Patna,7,0
2008,Purbi Champaran,0,0
2008,Purnia,0,0
2008,Rohtas,290,0
2008,Saharsa,0,0
2008,Samastipur,2,0
2008,Saran,8,0
2008,Sheikhpura,0,0
2008,Sheohar,0,0
2008,Sitamarhi,0,0
2008,Siwan,1,0
2008,Supaul,0,0
2008,Vaishali,0,0
2008,Chandigarh,347,0
2008,Bastar,29483,0
2008,Bilaspur,2362,0
2008,Dantewada,22306,0
2008,Dhamtari,592,0
2008,Durg,1763,1
2008,Janjgir-Champa,313,0
2008,Jashpur,10009,0
2008,Kabirdham,863,0
2008,Kanker,12720,0
2008,Korba,9852,0
2008,Korea,9406,0
2008,Mahasamund,418,3
2008,Raigarh,6654,0
2008,Raipur,1755,0
2008,RajnandGaon,2356,0
2008,Surguja,12643,0
2008,"Dadra And Nagar
Haveli",3037,0
2008,Daman,103,0
2008,Diu,12,0
2008,New Delhi,253,0
2008,North Goa,7100,13
2008,South Goa,2722,8
2008,Ahmadabad,309,1
2008,Ahmadabad MC#,5375,6
2008,Amreli,1874,0
2008,Anand,1847,0
2008,Banas kantha,1088,0
2008,Bharuch,1108,0
2008,Bhavnagar,1136,3
2008,Bhavnagar MC#,121,0
2008,Dang,165,0
2008,Dohad,1471,0
2008,Gandhinagar,562,2
2008,Jamnagar,3389,6
2008,Jamnagar MC#,40,5
2008,Junagadh,2290,0
2008,Junagadh MC#,205,0
2008,Kachchh,3606,0
2008,Kheda,574,0
2008,Mahesana,609,0
2008,Narmada,645,1
2008,Navsari,484,0
2008,Panch Mahals,1460,0
2008,Patan,980,0
2008,Porbandar,589,0
2008,Rajkot,1898,0
2008,Rajkot MC#,334,1
2008,Sabar kantha,1429,0
2008,Surat,861,0
2008,Surat MC#,10141,17
2008,Surendranagar,1786,0
2008,Tapi,546,0
2008,Vadodara,1275,1
2008,Vadodara MC#,1876,0
2008,Valsad,1088,0
2008,Ambala,54,0
2008,Bhiwani,2660,0
2008,Faridabad,162,0
2008,Fatehabad,2725,0
2008,Gurugram,125,0
2008,Hisar,8268,0
2008,Jhajjar,644,0
2008,Jind,6558,0
2008,Kaithal,1773,0
2008,Karnal,5283,0
2008,Kurukshetra,203,0
2008,Mahendragarh,212,0
2008,Nuh,1139,0
2008,Panchkula,154,0
2008,Panipat,1060,0
2008,Rewari,122,0
2008,Rohtak,1529,0
2008,Sirsa,1359,0
2008,Sonipat,1053,0
2008,Yamunanagar,600,0
2008,Bilaspur,17,0
2008,Chamba,7,0
2008,Hamirpur,20,0
2008,Kangra,41,0
2008,Kullu,8,0
2008,Mandi,11,0
2008,Shimla,21,0
2008,Sirmaur,4,0
2008,Solan,14,0
2008,Una,3,0
2008,Baramulla,0,0
2008,Doda,4,0
2008,Jammu,46,0
2008,Kargil,0,0
2008,Kathua,16,1
2008,Kishtwar,1,0
2008,Leh Ladakh,0,0
2008,Poonch,93,0
2008,Rajouri,25,0
2008,Ramban,0,0
2008,Reasi,4,0
2008,Samba,3,0
2008,Udhampur,13,0
2008,UMCP Jammu#,12,0
2008,Bokaro,6581,0
2008,Chatra,7488,0
2008,Deoghar,286,0
2008,Dhanbad,2560,2
2008,Dumka,12429,0
2008,East Singhbum,6796,0
2008,Garhwa,14380,0
2008,Giridih,22871,0
2008,Godda,5858,0
2008,Gumla,4355,0
2008,Hazaribagh,9149,0
2008,Jamtara,38,0
2008,Khunti,5042,0
2008,Koderma,2176,0
2008,Latehar,21152,0
2008,Lohardaga,448,0
2008,Pakur,1416,0
2008,Palamu,31299,1
2008,Ramgarh,2246,0
2008,Ranchi,12874,6
2008,Sahebganj,4407,13
2008,Saraikela Kharsawan,6537,3
2008,Simdega,9317,0
2008,West Singhbhum,24594,0
2008,A.M.U. Almatti#,832,0
2008,A.M.U. B. Gudi#,89,0
2008,A.M.U. Kembhavi#,95,0
2008,Bagalkote,1848,1
2008,Ballari,2128,0
2008,Belagavi,2226,0
2008,Bengaluru Rural,55,0
2008,Bengaluru Urban,34,0
2008,Bidar,543,0
2008,Chamarajanagara,210,0
2008,ChikkaBallaPura,4564,0
2008,Chikkamagaluru,136,0
2008,Chitradurga,1684,0
2008,Dakshina Kannada,6267,0
2008,Davangere,113,0
2008,Dharwad,399,2
2008,Gadag,701,1
2008,Hassan,88,0
2008,Haveri,593,1
2008,Kalaburagi,7745,0
2008,Kodagu,24,0
2008,Kolar,508,0
2008,Koppal,4303,0
2008,Mandya,125,0
2008,Mysuru,35,0
2008,Raichur,6672,0
2008,Ramanagara,52,0
2008,Shivamogga,104,0
2008,Tumakuru,743,0
2008,U.K.P.N. PURA#,457,0
2008,Udupi,971,2
2008,Uttara Kannada,249,0
2008,Vijayapura,2751,1
2008,Alappuzha,136,2
2008,Ernakulam,171,1
2008,Idukki,66,0
2008,Kannur,211,1
2008,Kasaragod,137,0
2008,Kollam,89,0
2008,Kottayam,51,0
2008,Kozhikode,143,0
2008,Malappuram,246,0
2008,Palakkad,95,0
2008,Pathanamthitta,140,0
2008,Thiruvananthapuram,81,0
2008,Thrissur,214,0
2008,Wayanad,24,0
2008,Lakshadweep District,0,0
2008,Anuppur,1067,1
2008,Ashoknagar,3842,0
2008,Balaghat,2966,0
2008,Barwani,359,0
2008,Betul,2173,0
2008,Bhind,5235,0
2008,Bhopal,4159,2
2008,Burhanpur,582,0
2008,Chhatarpur,1193,1
2008,Chhindwara,2413,0
2008,Damoh,955,0
2008,Datia,574,0
2008,Dewas,350,0
2008,Dhar,1274,2
2008,Dindori,1242,0
2008,East Nimar,456,1
2008,Guna,4836,0
2008,Gwalior,3483,0
2008,Harda,354,1
2008,Indore,148,0
2008,Jabalpur,1200,1
2008,Jhabua,700,0
2008,Katni,212,0
2008,Khargone,1317,0
2008,Mandla,3201,0
2008,Mandsaur,483,0
2008,Morena,5067,2
2008,Narmadapuram,3871,1
2008,Narsinghpur,1421,0
2008,Neemuch,156,0
2008,Panna,3152,0
2008,Raisen,1861,0
2008,Rajgarh,2394,0
2008,Ratlam,1041,0
2008,Rewa,1264,0
2008,Sagar,2999,2
2008,Satna,2696,0
2008,Sehore,1103,1
2008,Seoni,1575,3
2008,Shahdol,1046,0
2008,Shajapur,521,0
2008,Sheopur,8085,8
2008,Shivpuri,12997,10
2008,Sidhi,3540,2
2008,Tikamgarh,1945,8
2008,Ujjain,150,0
2008,Umaria,1635,1
2008,Vidisha,2019,6
2008,Ahmednagar,250,1
2008,Akola,216,0
2008,Amravati,916,0
2008,Aurangabad,128,1
2008,Beed,274,0
2008,Bhandara,272,2
2008,Buldhana,232,0
2008,Chandrapur,2298,9
2008,Dhule,1885,0
2008,Gadchiroli,11372,5
2008,Gondia,1543,7
2008,Hingoli,19,0
2008,Jalgaon,792,3
2008,Jalna,26,0
2008,Kolhapur,161,1
2008,Latur,134,0
2008,Mumbai,26021,98
2008,Nagpur,647,0
2008,Nagpur MC#,84,0
2008,Nanded,537,0
2008,Nandurbar,1272,0
2008,Nashik,2046,4
2008,Osmanabad,84,0
2008,Parbhani,151,0
2008,Pune,819,7
2008,Pune MC#,104,0
2008,Raigad,1998,0
2008,Ratnagiri,644,2
2008,Sangli,259,0
2008,Satara,377,0
2008,Sindhudurg,186,1
2008,Solapur,200,1
2008,Thane,8987,5
2008,Wardha,898,1
2008,Washim,267,0
2008,Yavatmal,1234,0
2009,Bishnupur,9,0
2009,Chandel,88,0
2009,Churachandpur,111,1
2009,Imphal East,83,0
2009,Imphal Urban#,25,0
2009,Imphal West,40,0
2009,Jiribam,112,1
2009,Kangpokpi,14,0
2009,Senapati,13,0
2009,Tamenglong,125,0
2009,Thoubal,33,0
2009,Ukhrul,55,0
2009,East Garo Hills,6487,10
2009,East Khasi Hills,601,5
2009,Ri Bhoi,1848,8
2009,South Garo Hills,3077,5
2009,West Garo Hills,24919,30
2009,West Jaintia Hills,1609,1
2009,West Khasi Hills,1075,14
2009,Aizawl,137,8
2009,Aizawl West#,174,5
2009,Champhai,208,0
2009,Kolasib,856,27
2009,Lawngtlai,201,13
2009,Lunglei,2530,17
2009,Mamit,2089,13
2009,Saiha,823,7
2009,Serchhip,343,1
2009,Mon,487,0
2009,Dimapur,228,7
2009,Kiphire,145,0
2009,Kohima,621,1
2009,Longleng,132,0
2009,Mokokchung,1467,2
2009,Peren,29,0
2009,Phek,595,0
2009,Tuensang,473,0
2009,UVBDS Dimapur#,69,1
2009,Wokha,583,1
2009,Zunheboto,249,7
2009,Anugul,14695,1
2009,Balangir,10735,0
2009,Baleshwar,2022,8
2009,Bargarh,2901,0
2009,Bhadrak,679,3
2009,Boudh,3968,20
2009,Cuttack,1912,0
2009,Deogarh,9745,1
2009,Dhenkanal,10243,5
2009,Gajapati,8134,1
2009,Ganjam,17308,1
2009,Jagatsinghapur,538,0
2009,Jajapur,4202,0
2009,Jharsuguda,1289,2
2009,Kalahandi,29990,4
2009,Kandhamal,28617,49
2009,Kendrapara,450,0
2009,Kendujhar,29932,23
2009,Khordha,3136,0
2009,Koraput,32760,15
2009,Malkangiri,17601,7
2009,Mayurbhanj,12048,5
2009,Nabarangpur,24819,10
2009,Nayagarh,4474,2
2009,Nuapada,19368,21
2009,Puri,119,0
2009,Rayagada,36847,23
2009,Sambalpur,19608,0
2009,Sonepur,4520,16
2009,Sundargarh,22770,22
2009,Karaikal,26,0
2009,Mahe,3,0
2009,Pondicherry,43,0
2009,Yanam,0,0
2009,Amritsar,297,0
2009,Barnala,5,0
2009,Bathinda,80,0
2009,Faridkot,448,0
2009,Fatehgarh Sahib,7,0
2009,Ferozepur,346,0
2009,Gurdaspur,14,0
2009,Hoshiarpur,25,0
2009,Jalandhar,19,0
2009,Kapurthala,8,0
2009,Ludhiana,67,0
2009,Mansa,366,0
2009,Moga,2,0
2009,Patiala,63,0
2009,Rupnagar,3,0
2009,S.A.S Nagar,3,0
2009,Sangrur,69,0
2009,"Shahid Bhagat Singh
Nagar",73,0
2009,Sri Muktsar Sahib,229,0
2009,Tarn taran,370,0
2009,Ajmer,1413,5
2009,Alwar,3823,9
2009,Banswara,1235,0
2009,Baran,1066,0
2009,Barmer,2629,0
2009,Bharatpur,1947,0
2009,Bhilwara,2264,0
2009,Bikaner,3636,7
2009,Bundi,3222,2
2009,Chittorgarh,3114,0
2009,Churu,1164,0
2009,Dausa,1173,0
2009,Dholpur,1174,0
2009,Dungarpur,844,0
2009,Ganganagar,648,1
2009,Hanumangarh,3811,1
2009,Jaipur,1503,5
2009,Jaisalmer,2135,0
2009,Jalore,821,0
2009,Jhalawar,650,0
2009,Jhunjhunu,653,3
2009,Jodhpur,1249,0
2009,Karauli,2655,5
2009,Kota,2251,1
2009,Nagaur,2586,1
2009,Pali,1305,1
2009,Rajsamand,1122,0
2009,Sawai Madhopur,1881,6
2009,Sikar,302,4
2009,Sirohi,1059,1
2009,Tonk,772,2
2009,Udaipur,3375,0
2009,Gangtok,28,0
2009,Gyalshing,1,0
2009,Mangan,0,0
2009,Namchi,9,0
2009,Aranthangi#,5,0
2009,Chengalpattu,59,0
2009,Chennai,13503,0
2009,Cheyyar#,79,0
2009,Coimbatore,0,0
2009,Cuddalore,40,0
2009,Dharapuram#,0,0
2009,Dharmapuri,216,0
2009,Dindigul,824,0
2009,Erode,0,0
2009,Kallakurichi,32,0
2009,Kanchipuram,4,0
2009,Kanniyakumari,97,0
2009,Karur,8,0
2009,Kovilpatti#,259,0
2009,Krishnagiri,15,0
2009,Madurai,100,0
2009,Nagapattinam,122,0
2009,Namakkal,78,1
2009,Palani#,6,0
2009,Paramakudi#,275,0
2009,Perambalur,13,0
2009,Pudukkottai,9,0
2009,Ramanathapuram,2567,0
2009,Salem,54,0
2009,Sivaganga,19,0
2009,Sivakasi#,1,0
2009,Tenkasi,8,0
2009,Thanjavur,80,0
2009,The Nilgiris,0,0
2009,Theni,4,0
2009,Thiruvallur,627,0
2009,Thiruvarur,28,0
2009,Tiruchirappalli,71,1
2009,Tirunelveli,18,0
2009,Tirupathur,212,0
2009,Tiruppur,1,0
2009,Tiruvannamalai,441,0
2009,Tuticorin,537,0
2009,Vellore,511,0
2009,Villupuram,116,0
2009,Virudhunagar,7,0
2009,Dhalai,7306,22
2009,North Tripura,2267,11
2009,South Tripura,11300,7
2009,West Tripura,5021,11
2009,Agra,225,0
2009,Aligarh,1800,0
2009,Ambedkar Nagar,8,0
2009,Amroha,767,0
2009,Auraiya,973,0
2009,Ayodhya,11,0
2009,Azamgarh,10,0
2009,Baghpat,221,0
2009,Bahraich,57,0
2009,Ballia,3,0
2009,Balrampur,14,0
2009,Banda,1712,0
2009,Barabanki,3,0
2009,Bareilly,1189,0
2009,Basti,71,0
2009,Bhadohi,1231,0
2009,Bijnor,1348,0
2009,Budaun,2299,0
2009,Bulandshahr,935,0
2009,Chandauli,943,0
2009,Chitrakoot,692,0
2009,Deoria,18,0
2009,Etah,2065,0
2009,Etawah,827,0
2009,Farrukhabad,2411,0
2009,Fatehpur,1605,0
2009,Firozabad,825,0
2009,Gautam Buddha Nagar,829,0
2009,Ghaziabad,254,0
2009,Ghazipur,18,0
2009,Gonda,25,0
2009,Gorakhpur,2,0
2009,Hamirpur,1905,0
2009,Hardoi,64,0
2009,Hathras,1326,0
2009,Jalaun,1048,0
2009,Jaunpur,283,0
2009,Jhansi,1434,0
2009,Kannauj,847,0
2009,Kanpur Dehat,2538,0
2009,Kanpur Nagar,892,0
2009,Kasganj,1576,0
2009,Kaushambi,340,0
2009,Kheri,568,0
2009,Kushi Nagar,108,0
2009,Lalitpur,848,0
2009,Lucknow,62,0
2009,Maharajganj,20,0
2009,Mahoba,1529,0
2009,Mainpuri,4172,0
2009,Mathura,333,0
2009,Mau,12,0
2009,Meerut,88,0
2009,Mirzapur,12416,0
2009,Moradabad,271,0
2009,Muzaffarnagar,3984,0
2009,Pilibhit,131,0
2009,Pratapgarh,188,0
2009,Prayagraj,6675,0
2009,Rae Bareli,88,0
2009,Rampur,1428,0
2009,Saharanpur,1090,0
2009,Sant Kabeer Nagar,23,0
2009,Shahjahanpur,75,0
2009,Shravasti,16,0
2009,Siddharth Nagar,280,0
2009,Sitapur,16,0
2009,Sonbhadra,22985,0
2009,Sultanpur,137,0
2009,Unnao,34,0
2009,Varanasi,162,0
2009,Almora,4,0
2009,Bageshwar,16,0
2009,Chamoli,1,0
2009,Champawat,1,0
2009,Dehradun,99,0
2009,Haridwar,105,0
2009,Nainital,202,0
2009,Pauri Garhwal,4,0
2009,Pithoragarh,0,0
2009,Rudra Prayag,0,0
2009,Tehri Garhwal,2,0
2009,Udam Singh Nagar,623,0
2009,Uttar Kashi,2,0
2009,24 Paraganas North,520,0
2009,24 Paraganas South,726,4
2009,Bankura,1552,11
2009,Bardhaman,186,5
2009,Birbhum,473,3
2009,Coochbehar,971,3
2009,Darjeeling,455,0
2009,Dinajpur Dakshin,251,0
2009,Dinajpur Uttar,166,2
2009,Hooghly,159,4
2009,Howrah,657,3
2009,Jalpaiguri,9579,6
2009,KMUHO#,5071,2
2009,Kolkata,51266,4
2009,Maldah,2149,3
2009,Medinipur East,860,1
2009,Medinipur West,3456,17
2009,Murshidabad,3183,11
2009,Nadia,624,3
2009,Purulia,7139,22
2009,Nicobars,5096,0
2009,"North And Middle
Andaman",201,0
2009,South Andamans,463,0
2009,Adilabad,614,0
2009,Anantapur,635,0
2009,Chittoor,208,0
2009,East Godavari,4482,1
2009,Guntur,351,0
2009,Hyderabad,192,0
2009,Karimnagar,116,0
2009,Khammam,2925,1
2009,Krishna,1806,0
2009,Kurnool,415,0
2009,Mahabubnagar,158,0
2009,Medak,131,0
2009,Nalgonda,55,0
2009,Nizamabad,12,0
2009,Prakasam,767,1
2009,Ranga Reddy,276,0
2009,SPSR Nellore,77,0
2009,Srikakulam,1076,0
2009,Visakhapatanam,5863,0
2009,Vizianagaram,2010,0
2009,Warangal,198,0
2009,West Godavari,722,0
2009,Y.S.R.,2063,0
2009,Anjaw,24,0
2009,Changlang,3097,0
2009,Dibang Valley,153,0
2009,East Kameng,612,0
2009,East Siang,4700,0
2009,Kurung Kumey,423,0
2009,Lohit,3135,0
2009,Lower Dibang Valley,3168,3
2009,Lower Subansiri,161,0
2009,Papum Pare,1695,12
2009,Tirap,1626,0
2009,Upper Siang,440,0
2009,Upper Subansiri,430,0
2009,West Kameng,253,0
2009,West Siang,2149,0
2009,Baksa,3412,2
2009,Barpeta,456,5
2009,Bongaigaon,793,2
2009,Cachar,2707,0
2009,Chirang,5222,2
2009,Darrang,233,0
2009,Dhemaji,402,1
2009,Dhubri,1669,4
2009,Dibrugarh,91,1
2009,Dima Hasao,3524,1
2009,Goalpara,5957,0
2009,Golaghat,710,7
2009,Hailakandi,3346,2
2009,Jorhat,353,5
2009,Kamrup,2487,1
2009,Kamrup Metro,973,1
2009,Karbi Anglong,26639,12
2009,Karimganj,710,1
2009,Kokrajhar,5903,0
2009,Lakhimpur,509,0
2009,Marigaon,969,1
2009,Nagaon,2725,1
2009,Nalbari,224,3
2009,Sivasagar,125,0
2009,Sonitpur,4123,6
2009,Tinsukia,2230,5
2009,Udalguri,14921,0
2009,Araria,0,0
2009,Arwal,0,0
2009,Aurangabad,179,0
2009,Banka,90,0
2009,Begusarai,0,0
2009,Bhagalpur,17,0
2009,Bhojpur,2,0
2009,Buxar,0,0
2009,Darbhanga,0,0
2009,Gaya,82,0
2009,Gopalganj,1,0
2009,Jamui,115,0
2009,Jehanabad,0,0
2009,Kaimur (Bhabua),65,0
2009,Katihar,0,0
2009,Khagaria,0,0
2009,Kishanganj,0,0
2009,Lakhisarai,2,0
2009,Madhepura,0,0
2009,Madhubani,0,0
2009,Munger,2172,21
2009,Muzaffarpur,5,0
2009,Nalanda,4,0
2009,Nawada,272,0
2009,Pashchim Champaran,0,0
2009,Patna,10,0
2009,Purbi Champaran,0,0
2009,Purnia,0,0
2009,Rohtas,231,0
2009,Saharsa,0,0
2009,Samastipur,1,0
2009,Saran,3,0
2009,Sheikhpura,2,0
2009,Sheohar,0,0
2009,Sitamarhi,0,0
2009,Siwan,2,0
2009,Supaul,0,0
2009,Vaishali,0,0
2009,Chandigarh,430,0
2009,Bastar,24586,2
2009,Bilaspur,3275,0
2009,Dantewada,31119,1
2009,Dhamtari,579,0
2009,Durg,1593,0
2009,Janjgir-Champa,846,0
2009,Jashpur,13693,0
2009,Kabirdham,1293,0
2009,Kanker,10349,1
2009,Korba,8659,0
2009,Korea,8882,0
2009,Mahasamund,437,2
2009,Raigarh,7516,0
2009,Raipur,1248,0
2009,RajnandGaon,1772,0
2009,Surguja,13550,5
2009,"Dadra And Nagar
Haveli",3408,0
2009,Daman,91,0
2009,Diu,6,0
2009,New Delhi,169,0
2009,North Goa,3867,3
2009,South Goa,1189,7
2009,Ahmadabad,241,0
2009,Ahmadabad MC#,5677,13
2009,Amreli,2038,1
2009,Anand,1113,0
2009,Banas kantha,635,0
2009,Bharuch,1044,0
2009,Bhavnagar,842,0
2009,Bhavnagar MC#,76,1
2009,Dang,103,0
2009,Dohad,3200,0
2009,Gandhinagar,553,0
2009,Jamnagar,2441,10
2009,Jamnagar MC#,22,2
2009,Junagadh,2154,0
2009,Junagadh MC#,95,0
2009,Kachchh,2216,2
2009,Kheda,423,1
2009,Mahesana,427,0
2009,Narmada,413,0
2009,Navsari,625,0
2009,Panch Mahals,1063,0
2009,Patan,549,0
2009,Porbandar,535,0
2009,Rajkot,1279,0
2009,Rajkot MC#,441,0
2009,Sabar kantha,587,0
2009,Surat,1011,0
2009,Surat MC#,10250,3
2009,Surendranagar,1285,1
2009,Tapi,693,0
2009,Vadodara,1240,0
2009,Vadodara MC#,1863,0
2009,Valsad,768,0
2009,Ambala,55,0
2009,Bhiwani,2111,0
2009,Faridabad,105,0
2009,Fatehabad,1675,0
2009,Gurugram,0,0
2009,Hisar,9463,0
2009,Jhajjar,618,0
2009,Jind,3607,0
2009,Kaithal,943,0
2009,Karnal,4210,0
2009,Kurukshetra,130,0
2009,Mahendragarh,0,0
2009,Nuh,64,0
2009,Palwal,99,0
2009,Panchkula,181,0
2009,Panipat,823,0
2009,Rewari,44,0
2009,Rohtak,759,0
2009,Sirsa,1174,0
2009,Sonipat,1273,0
2009,Yamunanagar,2834,0
2009,Bilaspur,29,0
2009,Chamba,4,0
2009,Hamirpur,38,0
2009,Kangra,32,0
2009,Kullu,11,0
2009,Mandi,18,0
2009,Shimla,17,0
2009,Sirmaur,10,0
2009,Solan,29,0
2009,Una,4,0
2009,Baramulla,0,0
2009,Doda,0,0
2009,Jammu,97,0
2009,Kargil,0,0
2009,Kathua,26,0
2009,Kishtwar,6,0
2009,Leh Ladakh,0,0
2009,Poonch,48,0
2009,Rajouri,133,0
2009,Ramban,0,0
2009,Reasi,13,0
2009,Samba,4,0
2009,Udhampur,10,0
2009,UMCP Jammu#,9,0
2009,Bokaro,6600,0
2009,Chatra,7878,0
2009,Deoghar,266,0
2009,Dhanbad,2769,1
2009,Dumka,18647,9
2009,East Singhbum,5316,0
2009,Garhwa,13831,0
2009,Giridih,20878,0
2009,Godda,4613,7
2009,Gumla,6535,0
2009,Hazaribagh,7902,0
2009,Jamtara,10,0
2009,Khunti,6429,0
2009,Koderma,3443,0
2009,Latehar,26990,3
2009,Lohardaga,1906,1
2009,Pakur,2731,1
2009,Palamu,25447,1
2009,Ramgarh,1091,0
2009,Ranchi,13389,1
2009,Sahebganj,6194,0
2009,Saraikela Kharsawan,6462,0
2009,Simdega,10178,0
2009,West Singhbhum,31178,4
2009,A.M.U. Almatti#,774,0
2009,A.M.U. B. Gudi#,86,0
2009,A.M.U. Kembhavi#,93,0
2009,Bagalkote,1722,0
2009,Ballari,1258,0
2009,Belagavi,456,0
2009,Bengaluru Rural,17,0
2009,Bengaluru Urban,48,0
2009,Bidar,575,0
2009,Chamarajanagara,57,0
2009,ChikkaBallaPura,1554,0
2009,Chikkamagaluru,157,0
2009,Chitradurga,602,0
2009,Dakshina Kannada,5850,0
2009,Davangere,80,0
2009,Dharwad,263,0
2009,Gadag,624,0
2009,Hassan,61,0
2009,Haveri,397,0
2009,Kalaburagi,9001,0
2009,Kodagu,21,0
2009,Kolar,320,0
2009,Koppal,2521,0
2009,Mandya,79,0
2009,Mysuru,41,0
2009,Raichur,4108,0
2009,Ramanagara,46,0
2009,Shivamogga,134,0
2009,Tumakuru,2318,0
2009,U.K.P.N. PURA#,310,0
2009,Udupi,1189,0
2009,Uttara Kannada,263,0
2009,Vijayapura,1834,0
2009,Alappuzha,118,0
2009,Ernakulam,172,2
2009,Idukki,62,0
2009,Kannur,222,0
2009,Kasaragod,462,1
2009,Kollam,72,0
2009,Kottayam,47,1
2009,Kozhikode,125,1
2009,Malappuram,161,0
2009,Palakkad,87,0
2009,Pathanamthitta,130,0
2009,Thiruvananthapuram,188,0
2009,Thrissur,162,0
2009,Wayanad,38,0
2009,Lakshadweep District,8,0
2009,Anuppur,797,0
2009,Ashoknagar,2466,0
2009,Balaghat,2707,0
2009,Barwani,431,0
2009,Betul,1120,0
2009,Bhind,4498,0
2009,Bhopal,5062,1
2009,Burhanpur,423,0
2009,Chhatarpur,818,1
2009,Chhindwara,2362,1
2009,Damoh,1352,0
2009,Datia,1075,0
2009,Dewas,364,0
2009,Dhar,1355,0
2009,Dindori,3546,6
2009,East Nimar,281,0
2009,Guna,3247,0
2009,Gwalior,1548,0
2009,Harda,267,0
2009,Indore,140,0
2009,Jabalpur,1251,0
2009,Jhabua,2596,0
2009,Katni,308,0
2009,Khargone,865,0
2009,Mandla,2519,0
2009,Mandsaur,266,0
2009,Morena,2762,0
2009,Narmadapuram,2905,0
2009,Narsinghpur,1334,0
2009,Neemuch,227,0
2009,Panna,2125,0
2009,Raisen,2226,0
2009,Rajgarh,2057,0
2009,Ratlam,1364,0
2009,Rewa,698,2
2009,Sagar,3080,0
2009,Satna,1604,0
2009,Sehore,1121,0
2009,Seoni,1382,0
2009,Shahdol,612,0
2009,Shajapur,373,0
2009,Sheopur,8105,1
2009,Shivpuri,5803,4
2009,Sidhi,2836,1
2009,Tikamgarh,1769,3
2009,Ujjain,126,0
2009,Umaria,1661,5
2009,Vidisha,1794,1
2009,Ahmednagar,439,0
2009,Akola,178,0
2009,Amravati,549,0
2009,Aurangabad,214,0
2009,Beed,189,0
2009,Bhandara,309,2
2009,Buldhana,240,0
2009,Chandrapur,1409,6
2009,Dhule,1539,0
2009,Gadchiroli,7898,1
2009,Gondia,1039,4
2009,Hingoli,27,0
2009,Jalgaon,759,1
2009,Jalna,46,0
2009,Kolhapur,176,1
2009,Latur,202,0
2009,Mumbai,44035,198
2009,Nagpur,571,0
2009,Nagpur MC#,95,0
2009,Nanded,424,0
2009,Nandurbar,1773,0
2009,Nashik,3729,7
2009,Osmanabad,115,0
2009,Parbhani,115,0
2009,Pune,1227,0
2009,Pune MC#,137,0
2009,Raigad,4368,1
2009,Ratnagiri,1703,4
2009,Sangli,276,1
2009,Satara,442,0
2009,Sindhudurg,260,0
2009,Solapur,287,0
2009,Thane,17509,1
2009,Wardha,500,0
2009,Washim,126,0
2009,Yavatmal,913,0
2010,Bishnupur,31,0
2010,Chandel,94,0
2010,Churachandpur,205,0
2010,Imphal East,59,0
2010,Imphal Urban#,33,0
2010,Imphal West,87,0
2010,Jiribam,89,0
2010,Kangpokpi,19,0
2010,Senapati,36,0
2010,Tamenglong,260,1
2010,Thoubal,60,0
2010,Ukhrul,96,0
2010,East Garo Hills,14379,28
2010,East Khasi Hills,1062,5
2010,Ri Bhoi,3025,19
2010,South Garo Hills,10321,26
2010,West Garo Hills,43890,72
2010,West Jaintia Hills,1171,20
2010,West Khasi Hills,2911,22
2010,Aizawl,221,17
2010,Aizawl West#,229,24
2010,Champhai,296,4
2010,Kolasib,810,8
2010,Lawngtlai,1198,8
2010,Lunglei,3965,22
2010,Mamit,1502,12
2010,Saiha,937,11
2010,Serchhip,241,13
2010,Mon,669,2
2010,Dimapur,1392,19
2010,Kiphire,114,0
2010,Kohima,882,1
2010,Longleng,208,0
2010,Mokokchung,2552,1
2010,Peren,63,0
2010,Phek,433,0
2010,Tuensang,286,0
2010,UVBDS Dimapur#,217,11
2010,Wokha,1393,1
2010,Zunheboto,280,0
2010,Anugul,15479,0
2010,Balangir,12292,2
2010,Baleshwar,1692,11
2010,Bargarh,2674,0
2010,Bhadrak,830,1
2010,Boudh,3528,0
2010,Cuttack,1323,0
2010,Deogarh,10034,2
2010,Dhenkanal,10938,6
2010,Gajapati,9950,1
2010,Ganjam,15040,0
2010,Jagatsinghapur,325,1
2010,Jajapur,3529,0
2010,Jharsuguda,1020,2
2010,Kalahandi,28922,5
2010,Kandhamal,36463,35
2010,Kendrapara,376,0
2010,Kendujhar,35290,16
2010,Khordha,2430,0
2010,Koraput,31865,32
2010,Malkangiri,17658,7
2010,Mayurbhanj,10798,8
2010,Nabarangpur,23091,10
2010,Nayagarh,4662,3
2010,Nuapada,18067,18
2010,Puri,94,0
2010,Rayagada,39695,19
2010,Sambalpur,18770,0
2010,Sonepur,3273,7
2010,Sundargarh,20796,12
2010,Karaikal,13,0
2010,Mahe,3,0
2010,Pondicherry,46,0
2010,Yanam,3,0
2010,Amritsar,21,0
2010,Barnala,4,0
2010,Bathinda,247,0
2010,Faridkot,375,0
2010,Fatehgarh Sahib,19,0
2010,Ferozepur,387,0
2010,Gurdaspur,23,0
2010,Hoshiarpur,38,0
2010,Jalandhar,78,0
2010,Kapurthala,28,0
2010,Ludhiana,74,0
2010,Mansa,315,0
2010,Moga,5,0
2010,Patiala,74,0
2010,Rupnagar,1,0
2010,S.A.S Nagar,127,0
2010,Sangrur,221,0
2010,"Shahid Bhagat Singh
Nagar",42,0
2010,Sri Muktsar Sahib,439,0
2010,Tarn taran,437,0
2010,Ajmer,746,3
2010,Alwar,1327,2
2010,Banswara,1122,0
2010,Baran,951,0
2010,Barmer,1088,0
2010,Bharatpur,1345,0
2010,Bhilwara,1077,0
2010,Bikaner,1654,3
2010,Bundi,1013,0
2010,Chittorgarh,958,1
2010,Churu,590,1
2010,Dausa,291,1
2010,Dholpur,2437,0
2010,Dungarpur,672,0
2010,Ganganagar,276,0
2010,Hanumangarh,2894,1
2010,Jaipur,755,2
2010,Jaisalmer,1635,0
2010,Jalore,395,1
2010,Jhalawar,521,0
2010,Jhunjhunu,339,0
2010,Jodhpur,598,0
2010,Karauli,654,0
2010,Kota,2067,0
2010,Nagaur,1475,0
2010,Pali,695,1
2010,Pratapgarh,1305,0
2010,Rajsamand,723,1
2010,Sawai Madhopur,1116,1
2010,Sikar,300,0
2010,Sirohi,291,0
2010,Tonk,211,0
2010,Udaipur,1188,0
2010,Gangtok,39,1
2010,Gyalshing,0,0
2010,Mangan,0,0
2010,Namchi,3,0
2010,Aranthangi#,1,0
2010,Chengalpattu,111,0
2010,Chennai,8917,0
2010,Cheyyar#,61,0
2010,Coimbatore,8,0
2010,Cuddalore,58,0
2010,Dharapuram#,0,0
2010,Dharmapuri,156,0
2010,Dindigul,1108,0
2010,Erode,0,0
2010,Kallakurichi,31,0
2010,Kanchipuram,2,0
2010,Kanniyakumari,67,0
2010,Karur,11,0
2010,Kovilpatti#,130,0
2010,Krishnagiri,42,0
2010,Madurai,86,0
2010,Nagapattinam,80,0
2010,Namakkal,48,0
2010,Palani#,6,0
2010,Paramakudi#,159,0
2010,Perambalur,7,0
2010,Pudukkottai,4,0
2010,Ramanathapuram,1767,0
2010,Salem,20,0
2010,Sivaganga,11,0
2010,Sivakasi#,2,0
2010,Tenkasi,6,0
2010,Thanjavur,125,0
2010,The Nilgiris,0,0
2010,Theni,2,0
2010,Thiruvallur,546,0
2010,Thiruvarur,52,0
2010,Tiruchirappalli,40,1
2010,Tirunelveli,15,0
2010,Tirupathur,128,0
2010,Tiruppur,4,0
2010,Tiruvannamalai,384,0
2010,Tuticorin,341,0
2010,Vellore,403,0
2010,Villupuram,48,0
2010,Virudhunagar,1,0
2010,Dhalai,7658,15
2010,North Tripura,2331,39
2010,South Tripura,11676,2
2010,West Tripura,2765,6
2010,Agra,182,0
2010,Aligarh,730,0
2010,Ambedkar Nagar,7,0
2010,Amroha,692,0
2010,Auraiya,679,0
2010,Ayodhya,17,0
2010,Azamgarh,4,0
2010,Baghpat,146,0
2010,Bahraich,33,0
2010,Ballia,0,0
2010,Balrampur,8,0
2010,Banda,938,0
2010,Barabanki,2,0
2010,Bareilly,1003,0
2010,Basti,118,0
2010,Bhadohi,1430,0
2010,Bijnor,1061,0
2010,Budaun,1113,0
2010,Bulandshahr,935,0
2010,Chandauli,632,0
2010,Chitrakoot,734,0
2010,Deoria,12,0
2010,Etah,793,0
2010,Etawah,622,0
2010,Farrukhabad,949,0
2010,Fatehpur,958,0
2010,Firozabad,713,0
2010,Gautam Buddha Nagar,396,0
2010,Ghaziabad,368,0
2010,Ghazipur,29,0
2010,Gonda,24,0
2010,Gorakhpur,1,0
2010,Hamirpur,1518,0
2010,Hardoi,55,0
2010,Hathras,796,0
2010,Jalaun,690,0
2010,Jaunpur,234,0
2010,Jhansi,1298,0
2010,Kannauj,568,0
2010,Kanpur Dehat,2707,0
2010,Kanpur Nagar,731,0
2010,Kasganj,593,0
2010,Kaushambi,419,0
2010,Kheri,529,0
2010,Kushi Nagar,110,0
2010,Lalitpur,765,0
2010,Lucknow,38,0
2010,Maharajganj,33,0
2010,Mahoba,1247,0
2010,Mainpuri,1941,0
2010,Mathura,178,0
2010,Mau,11,0
2010,Meerut,104,0
2010,Mirzapur,6519,0
2010,Moradabad,73,0
2010,Muzaffarnagar,2116,0
2010,Pilibhit,15,0
2010,Pratapgarh,229,0
2010,Prayagraj,4233,0
2010,Rae Bareli,94,0
2010,Rampur,838,0
2010,Saharanpur,378,0
2010,Sant Kabeer Nagar,5,0
2010,Shahjahanpur,15,0
2010,Shravasti,33,0
2010,Siddharth Nagar,283,0
2010,Sitapur,5,0
2010,Sonbhadra,10394,0
2010,Sultanpur,159,0
2010,Unnao,17,0
2010,Varanasi,137,0
2010,Almora,4,0
2010,Bageshwar,31,0
2010,Chamoli,3,0
2010,Champawat,9,0
2010,Dehradun,203,0
2010,Haridwar,44,0
2010,Nainital,452,0
2010,Pauri Garhwal,21,0
2010,Pithoragarh,0,0
2010,Rudra Prayag,0,0
2010,Tehri Garhwal,6,0
2010,Udam Singh Nagar,491,0
2010,Uttar Kashi,0,0
2010,24 Paraganas North,1258,0
2010,24 Paraganas South,1106,1
2010,Bankura,1163,1
2010,Bardhaman,110,4
2010,Birbhum,336,1
2010,Coochbehar,966,7
2010,Darjeeling,445,1
2010,Dinajpur Dakshin,290,0
2010,Dinajpur Uttar,178,0
2010,Hooghly,252,1
2010,Howrah,4703,2
2010,Jalpaiguri,16902,22
2010,KMUHO#,7637,0
2010,Kolkata,87423,2
2010,Maldah,1882,10
2010,Medinipur East,1163,1
2010,Medinipur West,4212,6
2010,Murshidabad,4921,9
2010,Nadia,919,2
2010,Purulia,5345,4
2010,Nicobars,1460,0
2010,North And Middle Andaman,325,0
2010,South Andamans,699,0
2010,Adilabad,612,0
2010,Anantapur,368,0
2010,Chittoor,251,0
2010,East Godavari,2414,0
2010,Guntur,429,0
2010,Hyderabad,274,0
2010,Karimnagar,107,0
2010,Khammam,4811,3
2010,Krishna,2757,0
2010,Kurnool,279,0
2010,Mahabubnagar,240,0
2010,Medak,137,0
2010,Nalgonda,40,0
2010,Nizamabad,31,0
2010,Prakasam,1590,1
2010,Ranga Reddy,201,0
2010,SPSR Nellore,117,0
2010,Srikakulam,1289,3
2010,Visakhapatanam,12815,11
2010,Vizianagaram,2396,2
2010,Warangal,215,0
2010,West Godavari,366,0
2010,Y.S.R.,1654,0
2010,Anjaw,26,0
2010,Changlang,1382,2
2010,Dibang Valley,60,0
2010,East Kameng,759,32
2010,East Siang,3311,6
2010,Kurung Kumey,601,0
2010,Lohit,2748,14
2010,Lower Dibang Valley,1782,10
2010,Lower Subansiri,263,4
2010,Papum Pare,867,7
2010,Tirap,1401,4
2010,Upper Siang,782,1
2010,Upper Subansiri,1157,19
2010,West Kameng,165,2
2010,West Siang,2640,2
2010,Baksa,2626,0
2010,Barpeta,433,1
2010,Bongaigaon,470,0
2010,Cachar,1323,0
2010,Chirang,7384,2
2010,Darrang,163,0
2010,Dhemaji,309,1
2010,Dhubri,775,0
2010,Dibrugarh,44,0
2010,Dima Hasao,2673,1
2010,Goalpara,3271,0
2010,Golaghat,297,2
2010,Hailakandi,1818,0
2010,Jorhat,118,0
2010,Kamrup,1110,0
2010,Kamrup Metro,516,0
2010,Karbi Anglong,18178,8
2010,Karimganj,442,2
2010,Kokrajhar,6104,3
2010,Lakhimpur,295,0
2010,Marigaon,424,3
2010,Nagaon,1397,1
2010,Nalbari,131,0
2010,Sivasagar,111,1
2010,Sonitpur,2611,8
2010,Tinsukia,1663,1
2010,Udalguri,13667,2
2010,Araria,0,0
2010,Arwal,0,0
2010,Aurangabad,108,0
2010,Banka,4,0
2010,Begusarai,0,0
2010,Bhagalpur,13,0
2010,Bhojpur,1,0
2010,Buxar,0,0
2010,Darbhanga,0,0
2010,Gaya,67,0
2010,Gopalganj,0,0
2010,Jamui,186,0
2010,Jehanabad,0,0
2010,Kaimur (Bhabua),57,0
2010,Katihar,0,0
2010,Khagaria,0,0
2010,Kishanganj,0,0
2010,Lakhisarai,348,0
2010,Madhepura,0,0
2010,Madhubani,0,0
2010,Munger,590,1
2010,Muzaffarpur,0,0
2010,Nalanda,2,0
2010,Nawada,281,0
2010,Pashchim Champaran,0,0
2010,Patna,4,0
2010,Purbi Champaran,0,0
2010,Purnia,0,0
2010,Rohtas,236,0
2010,Saharsa,0,0
2010,Samastipur,1,0
2010,Saran,7,0
2010,Sheikhpura,3,0
2010,Sheohar,0,0
2010,Sitamarhi,0,0
2010,Siwan,0,0
2010,Supaul,0,0
2010,Vaishali,0,0
2010,Chandigarh,351,0
2010,Bastar,15238,0
2010,Bijapur,8389,2
2010,Bilaspur,8405,9
2010,Dantewada,31732,7
2010,Dhamtari,746,0
2010,Durg,2272,0
2010,Janjgir-Champa,858,7
2010,Jashpur,15063,0
2010,Kabirdham,2234,1
2010,Kanker,8029,0
2010,Korba,15945,2
2010,Korea,12327,5
2010,Mahasamund,496,2
2010,Narayanpur,1564,0
2010,Raigarh,7903,4
2010,Raipur,1280,0
2010,RajnandGaon,3628,8
2010,Surguja,16100,0
2010,"Dadra And Nagar
Haveli",5703,0
2010,Daman,195,0
2010,Diu,9,0
2010,New Delhi,251,0
2010,North Goa,1395,0
2010,South Goa,973,1
2010,Ahmadabad,345,0
2010,Ahmadabad MC#,7193,20
2010,Amreli,2032,1
2010,Anand,665,0
2010,Banas kantha,1979,1
2010,Bharuch,1063,0
2010,Bhavnagar,532,0
2010,Bhavnagar MC#,111,0
2010,Dang,296,0
2010,Dohad,7265,0
2010,Gandhinagar,626,0
2010,Jamnagar,3289,5
2010,Jamnagar MC#,42,4
2010,Junagadh,1783,0
2010,Junagadh MC#,83,0
2010,Kachchh,3237,3
2010,Kheda,581,0
2010,Mahesana,602,2
2010,Narmada,1000,0
2010,Navsari,1542,0
2010,Panch Mahals,1438,3
2010,Patan,1526,0
2010,Porbandar,576,1
2010,Rajkot,2473,6
2010,Rajkot MC#,499,1
2010,Sabar kantha,537,0
2010,Surat,1273,4
2010,Surat MC#,13593,14
2010,Surendranagar,2112,1
2010,Tapi,918,0
2010,Vadodara,1551,2
2010,Vadodara MC#,3029,3
2010,Valsad,2710,0
2010,Ambala,139,0
2010,Bhiwani,1335,0
2010,Faridabad,125,0
2010,Fatehabad,983,0
2010,Gurugram,138,0
2010,Hisar,5726,0
2010,Jhajjar,290,0
2010,Jind,583,0
2010,Kaithal,174,0
2010,Karnal,1833,0
2010,Kurukshetra,264,0
2010,Mahendragarh,138,0
2010,Nuh,216,0
2010,Palwal,280,0
2010,Panchkula,214,0
2010,Panipat,399,0
2010,Rewari,64,0
2010,Rohtak,826,0
2010,Sirsa,1167,0
2010,Sonipat,546,0
2010,Yamunanagar,3481,0
2010,Bilaspur,45,0
2010,Chamba,9,0
2010,Hamirpur,37,0
2010,Kangra,32,0
2010,Kullu,5,0
2010,Mandi,15,0
2010,Shimla,49,0
2010,Sirmaur,7,0
2010,Solan,8,0
2010,Una,3,0
2010,Baramulla,2,0
2010,Doda,1,0
2010,Jammu,267,0
2010,Kargil,0,0
2010,Kathua,39,0
2010,Kishtwar,5,0
2010,Leh Ladakh,0,0
2010,Poonch,254,0
2010,Rajouri,159,0
2010,Ramban,2,0
2010,Reasi,5,0
2010,Samba,4,0
2010,Udhampur,27,0
2010,UMCP Jammu#,37,0
2010,Bokaro,5089,0
2010,Chatra,8641,0
2010,Deoghar,227,4
2010,Dhanbad,2485,0
2010,Dumka,24796,1
2010,East Singhbum,4097,0
2010,Garhwa,12407,0
2010,Giridih,16065,0
2010,Godda,5255,2
2010,Gumla,7553,0
2010,Hazaribagh,8450,0
2010,Jamtara,31,0
2010,Khunti,2830,0
2010,Koderma,3895,0
2010,Latehar,17531,1
2010,Lohardaga,2371,0
2010,Pakur,6477,0
2010,Palamu,19656,1
2010,Ramgarh,895,0
2010,Ranchi,7996,0
2010,Sahebganj,7777,1
2010,Saraikela Kharsawan,5937,0
2010,Simdega,11265,6
2010,West Singhbhum,18116,0
2010,A.M.U. Almatti#,1841,0
2010,A.M.U. B. Gudi#,101,0
2010,A.M.U. Kembhavi#,64,0
2010,Bagalkote,3702,0
2010,Ballari,3343,5
2010,Belagavi,537,1
2010,Bengaluru Rural,4,0
2010,Bengaluru Urban,69,0
2010,Bidar,852,0
2010,Chamarajanagara,20,0
2010,ChikkaBallaPura,877,0
2010,Chikkamagaluru,257,0
2010,Chitradurga,784,0
2010,Dakshina Kannada,7025,0
2010,Davangere,174,0
2010,Dharwad,309,1
2010,Gadag,519,1
2010,Hassan,58,0
2010,Haveri,435,1
2010,Kalaburagi,7100,1
2010,Kodagu,26,0
2010,Kolar,739,1
2010,Koppal,4118,0
2010,Mandya,83,0
2010,Mysuru,36,0
2010,Raichur,3181,0
2010,Ramanagara,270,0
2010,Shivamogga,105,0
2010,Tumakuru,1973,0
2010,U.K.P.N. PURA#,865,0
2010,Udupi,1528,0
2010,Uttara Kannada,238,0
2010,Vijayapura,2047,0
2010,Yadgir,1039,0
2010,Alappuzha,115,0
2010,Ernakulam,157,2
2010,Idukki,54,0
2010,Kannur,235,0
2010,Kasaragod,328,0
2010,Kollam,118,1
2010,Kottayam,52,0
2010,Kozhikode,228,2
2010,Malappuram,347,0
2010,Palakkad,110,0
2010,Pathanamthitta,154,0
2010,Thiruvananthapuram,138,1
2010,Thrissur,219,1
2010,Wayanad,44,0
2010,Lakshadweep District,6,0
2010,Anuppur,1495,0
2010,Ashoknagar,1480,0
2010,Balaghat,1620,0
2010,Barwani,799,1
2010,Betul,1470,0
2010,Bhind,2210,0
2010,Bhopal,2785,1
2010,Burhanpur,456,0
2010,Chhatarpur,729,1
2010,Chhindwara,5041,2
2010,Damoh,1123,0
2010,Datia,932,3
2010,Dewas,287,0
2010,Dhar,5946,1
2010,Dindori,4201,3
2010,East Nimar,1765,0
2010,Guna,2346,0
2010,Gwalior,2508,6
2010,Harda,205,1
2010,Indore,158,0
2010,Jabalpur,1858,2
2010,Jhabua,6910,0
2010,Katni,270,0
2010,Khargone,2452,1
2010,Mandla,2656,0
2010,Mandsaur,358,0
2010,Morena,2293,4
2010,Narmadapuram,2365,0
2010,Narsinghpur,725,0
2010,Neemuch,203,0
2010,Panna,1675,0
2010,Raisen,1528,0
2010,Rajgarh,1423,0
2010,Ratlam,2062,0
2010,Rewa,875,0
2010,Sagar,2562,0
2010,Satna,1093,0
2010,Sehore,673,0
2010,Seoni,1056,0
2010,Shahdol,1189,0
2010,Shajapur,381,0
2010,Sheopur,4409,0
2010,Shivpuri,3267,0
2010,Sidhi,3137,2
2010,Tikamgarh,1186,3
2010,Ujjain,145,0
2010,Umaria,1249,0
2010,Vidisha,1609,0
2010,Ahmednagar,948,3
2010,Akola,252,1
2010,Amravati,856,0
2010,Aurangabad,296,0
2010,Beed,250,2
2010,Bhandara,290,0
2010,Buldhana,399,0
2010,Chandrapur,1780,3
2010,Dhule,2403,1
2010,Gadchiroli,10765,4
2010,Gondia,1150,4
2010,Hingoli,37,0
2010,Jalgaon,1173,1
2010,Jalna,52,0
2010,Kolhapur,225,0
2010,Latur,246,0
2010,Mumbai,76755,145
2010,Nagpur,969,3
2010,Nagpur MC#,188,0
2010,Nanded,974,1
2010,Nandurbar,2094,0
2010,Nashik,4103,4
2010,Osmanabad,112,0
2010,Parbhani,120,0
2010,Pune,1308,4
2010,Pune MC#,137,0
2010,Raigad,4669,1
2010,Ratnagiri,2783,2
2010,Sangli,483,0
2010,Satara,897,0
2010,Sindhudurg,516,1
2010,Solapur,315,0
2010,Thane,19524,20
2010,Wardha,637,0
2010,Washim,172,0
2010,Yavatmal,1320,0
2011,Bishnupur,8,0
2011,Chandel,37,0
2011,Churachandpur,205,0
2011,Imphal East,41,0
2011,Imphal Urban#,27,0
2011,Imphal West,39,0
2011,Jiribam,112,0
2011,Kangpokpi,57,0
2011,Senapati,12,0
2011,Tamenglong,306,2
2011,Thoubal,74,0
2011,Ukhrul,29,2
2011,East Garo Hills,4922,16
2011,East Khasi Hills,726,3
2011,Ri Bhoi,1947,2
2011,South Garo Hills,9184,11
2011,West Garo Hills,22095,32
2011,West Jaintia Hills,986,10
2011,West Khasi Hills,1782,13
2011,Aizawl,245,5
2011,Aizawl West#,167,0
2011,Champhai,67,0
2011,Kolasib,1381,4
2011,Lawngtlai,3930,1
2011,Lunglei,6110,11
2011,Mamit,2597,6
2011,Saiha,833,1
2011,Serchhip,264,3
2011,Mon,297,0
2011,Dimapur,1460,1
2011,Kiphire,72,0
2011,Kohima,540,0
2011,Longleng,291,0
2011,Mokokchung,1118,0
2011,Peren,97,2
2011,Phek,157,0
2011,Tuensang,127,0
2011,UVBDS Dimapur#,304,11
2011,Wokha,367,0
2011,Zunheboto,129,0
2011,Anugul,18894,9
2011,Balangir,10111,0
2011,Baleshwar,1649,2
2011,Bargarh,2052,0
2011,Bhadrak,655,0
2011,Boudh,2677,0
2011,Cuttack,1146,0
2011,Deogarh,6031,0
2011,Dhenkanal,11101,13
2011,Gajapati,8835,0
2011,Ganjam,12787,0
2011,Jagatsinghapur,234,0
2011,Jajapur,3166,0
2011,Jharsuguda,938,6
2011,Kalahandi,26721,38
2011,Kandhamal,36551,39
2011,Kendrapara,283,0
2011,Kendujhar,30582,8
2011,Khordha,3238,1
2011,Koraput,48559,33
2011,Malkangiri,25602,8
2011,Mayurbhanj,23723,5
2011,Nabarangpur,20044,5
2011,Nayagarh,2964,0
2011,Nuapada,15322,15
2011,Puri,56,0
2011,Rayagada,51825,20
2011,Sambalpur,11894,2
2011,Sonepur,1927,5
2011,Sundargarh,16084,38
2011,Karaikal,6,0
2011,Mahe,2,0
2011,Pondicherry,167,0
2011,Yanam,0,0
2011,Amritsar,198,0
2011,Barnala,3,0
2011,Bathinda,171,0
2011,Faridkot,280,0
2011,Fatehgarh Sahib,18,0
2011,Ferozepur,259,0
2011,Gurdaspur,57,0
2011,Hoshiarpur,58,0
2011,Jalandhar,154,0
2011,Kapurthala,25,0
2011,Ludhiana,319,0
2011,Mansa,416,0
2011,Moga,131,0
2011,Patiala,63,0
2011,Rupnagar,9,0
2011,S.A.S Nagar,22,0
2011,Sangrur,86,0
2011,"Shahid Bhagat Singh
Nagar",63,0
2011,Sri Muktsar Sahib,538,0
2011,Tarn taran,607,0
2011,Ajmer,931,0
2011,Alwar,947,0
2011,Banswara,766,0
2011,Baran,662,0
2011,Barmer,10120,0
2011,Bharatpur,1793,1
2011,Bhilwara,1310,0
2011,Bikaner,5091,8
2011,Bundi,762,0
2011,Chittorgarh,664,0
2011,Churu,781,1
2011,Dausa,509,1
2011,Dholpur,1349,0
2011,Dungarpur,579,0
2011,Ganganagar,517,2
2011,Hanumangarh,1019,1
2011,Jaipur,1329,5
2011,Jaisalmer,8317,1
2011,Jalore,664,0
2011,Jhalawar,190,0
2011,Jhunjhunu,391,0
2011,Jodhpur,1582,0
2011,Karauli,579,3
2011,Kota,1073,0
2011,Nagaur,1900,0
2011,Pali,906,0
2011,Pratapgarh,1222,0
2011,Rajsamand,625,1
2011,Sawai Madhopur,916,0
2011,Sikar,454,2
2011,Sirohi,626,0
2011,Tonk,315,0
2011,Udaipur,2074,0
2011,Gangtok,38,0
2011,Gyalshing,6,0
2011,Mangan,0,0
2011,Namchi,5,0
2011,Aranthangi#,6,0
2011,Chengalpattu,86,0
2011,Chennai,9789,1
2011,Cheyyar#,96,0
2011,Coimbatore,0,0
2011,Cuddalore,64,0
2011,Dharapuram#,0,0
2011,Dharmapuri,122,0
2011,Dindigul,334,0
2011,Erode,0,0
2011,Kallakurichi,56,0
2011,Kanchipuram,21,0
2011,Kanniyakumari,242,0
2011,Karur,1,0
2011,Kovilpatti#,185,0
2011,Krishnagiri,13,0
2011,Madurai,76,1
2011,Nagapattinam,133,0
2011,Namakkal,63,1
2011,Palani#,10,0
2011,Paramakudi#,265,0
2011,Perambalur,13,0
2011,Pudukkottai,8,0
2011,Ramanathapuram,2988,0
2011,Salem,58,0
2011,Sivaganga,10,0
2011,Sivakasi#,2,0
2011,Tenkasi,6,0
2011,Thanjavur,158,0
2011,The Nilgiris,0,0
2011,Theni,5,0
2011,Thiruvallur,493,0
2011,Thiruvarur,18,0
2011,Tiruchirappalli,54,0
2011,Tirunelveli,13,0
2011,Tirupathur,252,0
2011,Tiruppur,1,0
2011,Tiruvannamalai,427,0
2011,Tuticorin,291,0
2011,Vellore,643,0
2011,Villupuram,79,0
2011,Virudhunagar,5,0
2011,Dhalai,6171,9
2011,North Tripura,2065,4
2011,South Tripura,13519,2
2011,West Tripura,2184,0
2011,Agra,164,0
2011,Aligarh,1512,0
2011,Ambedkar Nagar,14,0
2011,Amroha,486,0
2011,Auraiya,1021,0
2011,Ayodhya,31,0
2011,Azamgarh,12,0
2011,Baghpat,252,0
2011,Bahraich,53,0
2011,Ballia,3,0
2011,Balrampur,13,0
2011,Banda,883,0
2011,Barabanki,0,0
2011,Bareilly,1558,0
2011,Basti,107,0
2011,Bhadohi,1560,0
2011,Bijnor,1161,0
2011,Budaun,2123,0
2011,Bulandshahr,1432,0
2011,Chandauli,388,0
2011,Chitrakoot,683,0
2011,Deoria,30,0
2011,Etah,1124,0
2011,Etawah,1421,0
2011,Farrukhabad,1239,0
2011,Fatehpur,943,0
2011,Firozabad,285,0
2011,Gautam Buddha Nagar,683,0
2011,Ghaziabad,699,0
2011,Ghazipur,8,0
2011,Gonda,24,0
2011,Gorakhpur,5,0
2011,Hamirpur,1147,0
2011,Hardoi,156,0
2011,Hathras,713,0
2011,Jalaun,409,0
2011,Jaunpur,260,0
2011,Jhansi,974,0
2011,Kannauj,669,0
2011,Kanpur Dehat,1814,0
2011,Kanpur Nagar,861,0
2011,Kasganj,914,0
2011,Kaushambi,285,0
2011,Kheri,420,0
2011,Kushi Nagar,138,0
2011,Lalitpur,886,0
2011,Lucknow,28,0
2011,Maharajganj,23,0
2011,Mahoba,949,0
2011,Mainpuri,1272,0
2011,Mathura,273,0
2011,Mau,13,0
2011,Meerut,224,0
2011,Mirzapur,6355,0
2011,Moradabad,214,0
2011,Muzaffarnagar,5549,0
2011,Pilibhit,11,0
2011,Pratapgarh,191,0
2011,Prayagraj,4432,0
2011,Rae Bareli,94,0
2011,Rampur,618,0
2011,Saharanpur,1896,0
2011,Sant Kabeer Nagar,32,0
2011,Shahjahanpur,30,0
2011,Shravasti,67,0
2011,Siddharth Nagar,343,0
2011,Sitapur,5,0
2011,Sonbhadra,12068,0
2011,Sultanpur,154,0
2011,Unnao,26,0
2011,Varanasi,176,0
2011,Almora,2,0
2011,Bageshwar,15,0
2011,Chamoli,4,0
2011,Champawat,6,0
2011,Dehradun,528,0
2011,Haridwar,252,0
2011,Nainital,444,0
2011,Pauri Garhwal,17,0
2011,Pithoragarh,9,0
2011,Rudra Prayag,0,0
2011,Tehri Garhwal,15,0
2011,Udam Singh Nagar,379,0
2011,Uttar Kashi,1,0
2011,24 Paraganas North,1828,1
2011,24 Paraganas South,1500,1
2011,Bankura,1028,0
2011,Bardhaman,164,7
2011,Birbhum,647,0
2011,Coochbehar,776,3
2011,Darjeeling,369,0
2011,Dinajpur Dakshin,291,0
2011,Dinajpur Uttar,150,0
2011,Hooghly,276,1
2011,Howrah,4490,6
2011,Jalpaiguri,5470,8
2011,KMUHO#,4546,0
2011,Kolkata,96693,0
2011,Maldah,1888,6
2011,Medinipur East,1078,0
2011,Medinipur West,3550,2
2011,Murshidabad,4537,7
2011,Nadia,988,1
2011,Purulia,4526,4
2011,Nicobars,1325,0
2011,"North And Middle
Andaman",244,0
2011,South Andamans,349,0
2011,Adilabad,1162,0
2011,Anantapur,538,0
2011,Chittoor,322,0
2011,East Godavari,4362,0
2011,Guntur,486,0
2011,Hyderabad,208,1
2011,Karimnagar,76,0
2011,Khammam,3171,0
2011,Krishna,2341,0
2011,Kurnool,264,0
2011,Mahabubnagar,222,0
2011,Medak,53,0
2011,Nalgonda,30,0
2011,Nizamabad,24,0
2011,Prakasam,1802,0
2011,Ranga Reddy,101,0
2011,SPSR Nellore,139,0
2011,Srikakulam,2760,0
2011,Visakhapatanam,8977,4
2011,Vizianagaram,5449,0
2011,Warangal,103,0
2011,West Godavari,1199,0
2011,Y.S.R.,1160,0
2011,Anjaw,40,0
2011,Changlang,517,2
2011,Dibang Valley,0,0
2011,East Kameng,1232,9
2011,East Siang,2323,0
2011,Kurung Kumey,305,0
2011,Lohit,2071,0
2011,Lower Dibang Valley,1664,1
2011,Lower Subansiri,473,0
2011,Papum Pare,670,2
2011,Tirap,1166,0
2011,Upper Siang,476,0
2011,Upper Subansiri,1528,0
2011,West Kameng,225,3
2011,West Siang,1260,0
2011,Baksa,1728,1
2011,Barpeta,247,1
2011,Bongaigaon,240,0
2011,Cachar,912,0
2011,Chirang,5599,12
2011,Darrang,215,1
2011,Dhemaji,151,0
2011,Dhubri,417,0
2011,Dibrugarh,135,0
2011,Dima Hasao,1585,0
2011,Goalpara,2250,1
2011,Golaghat,113,0
2011,Hailakandi,985,4
2011,Jorhat,108,0
2011,Kamrup,814,0
2011,Kamrup Metro,315,0
2011,Karbi Anglong,13188,15
2011,Karimganj,364,0
2011,Kokrajhar,3864,0
2011,Lakhimpur,453,0
2011,Marigaon,281,5
2011,Nagaon,851,2
2011,Nalbari,104,1
2011,Sivasagar,95,0
2011,Sonitpur,1387,1
2011,Tinsukia,1382,0
2011,Udalguri,9614,1
2011,Araria,0,0
2011,Arwal,0,0
2011,Aurangabad,261,0
2011,Banka,1,0
2011,Begusarai,0,0
2011,Bhagalpur,5,0
2011,Bhojpur,1,0
2011,Buxar,0,0
2011,Darbhanga,0,0
2011,Gaya,256,0
2011,Gopalganj,5,0
2011,Jamui,146,0
2011,Jehanabad,0,0
2011,Kaimur (Bhabua),85,0
2011,Katihar,33,0
2011,Khagaria,0,0
2011,Kishanganj,0,0
2011,Lakhisarai,143,0
2011,Madhepura,0,0
2011,Madhubani,1,0
2011,Munger,843,0
2011,Muzaffarpur,0,0
2011,Nalanda,6,0
2011,Nawada,542,0
2011,Pashchim Champaran,0,0
2011,Patna,6,0
2011,Purbi Champaran,0,0
2011,Purnia,0,0
2011,Rohtas,286,0
2011,Saharsa,0,0
2011,Samastipur,3,0
2011,Saran,2,0
2011,Sheikhpura,18,0
2011,Sheohar,0,0
2011,Sitamarhi,0,0
2011,Siwan,0,0
2011,Supaul,0,0
2011,Vaishali,0,0
2011,Chandigarh,582,0
2011,Bastar,14600,9
2011,Bijapur,6753,10
2011,Bilaspur,6758,0
2011,Dantewada,25007,8
2011,Dhamtari,586,0
2011,Durg,2879,1
2011,Janjgir-Champa,846,3
2011,Jashpur,11877,1
2011,Kabirdham,2098,0
2011,Kanker,7741,1
2011,Korba,17716,1
2011,Korea,8588,2
2011,Mahasamund,376,0
2011,Narayanpur,3967,0
2011,Raigarh,8943,6
2011,Raipur,2295,0
2011,RajnandGaon,2070,0
2011,Surguja,13799,0
2011,"Dadra And Nagar
Haveli",5150,0
2011,Daman,251,0
2011,Diu,11,0
2011,New Delhi,413,0
2011,North Goa,586,0
2011,South Goa,601,3
2011,Ahmadabad,638,3
2011,Ahmadabad MC#,13531,78
2011,Amreli,2444,0
2011,Anand,995,0
2011,Banas kantha,3309,1
2011,Bharuch,1210,0
2011,Bhavnagar,845,0
2011,Bhavnagar MC#,192,0
2011,Dang,519,0
2011,Dohad,8693,0
2011,Gandhinagar,332,3
2011,Gandhinagar MC#,973,0
2011,Jamnagar,2914,1
2011,Jamnagar MC#,33,0
2011,Junagadh,1738,1
2011,Junagadh MC#,95,0
2011,Kachchh,4545,3
2011,Kheda,883,1
2011,Mahesana,940,1
2011,Narmada,832,0
2011,Navsari,1969,1
2011,Panch Mahals,2781,1
2011,Patan,2757,1
2011,Porbandar,860,0
2011,Rajkot,5693,7
2011,Rajkot MC#,364,10
2011,Sabar kantha,1165,0
2011,Surat,1586,0
2011,Surat MC#,12369,4
2011,Surendranagar,2771,3
2011,Tapi,827,0
2011,Vadodara,1858,4
2011,Vadodara MC#,3634,2
2011,Valsad,5469,2
2011,Ambala,280,0
2011,Bhiwani,3661,0
2011,Faridabad,259,0
2011,Fatehabad,1044,0
2011,Gurugram,530,0
2011,Hisar,9308,0
2011,Jhajjar,920,0
2011,Jind,656,0
2011,Kaithal,252,0
2011,Karnal,2559,0
2011,Kurukshetra,525,0
2011,Mahendragarh,360,0
2011,Nuh,1567,0
2011,Palwal,489,0
2011,Panchkula,418,0
2011,Panipat,535,0
2011,Rewari,130,0
2011,Rohtak,1315,0
2011,Sirsa,2575,0
2011,Sonipat,806,0
2011,Yamunanagar,5212,1
2011,Bilaspur,38,0
2011,Chamba,4,0
2011,Hamirpur,23,0
2011,Kangra,60,0
2011,Kullu,11,0
2011,Mandi,27,0
2011,Shimla,32,0
2011,Sirmaur,13,0
2011,Solan,28,0
2011,Una,11,0
2011,Baramulla,2,0
2011,Doda,2,0
2011,Jammu,305,0
2011,Kargil,0,0
2011,Kathua,98,0
2011,Kishtwar,12,0
2011,Leh Ladakh,0,0
2011,Poonch,264,0
2011,Rajouri,258,0
2011,Ramban,1,0
2011,Reasi,16,0
2011,Samba,22,0
2011,Udhampur,38,0
2011,UMCP Jammu#,73,0
2011,Bokaro,3867,0
2011,Chatra,7663,0
2011,Deoghar,156,0
2011,Dhanbad,2301,2
2011,Dumka,13118,2
2011,East Singhbum,4542,0
2011,Garhwa,9285,0
2011,Giridih,12096,0
2011,Godda,3138,1
2011,Gumla,4885,0
2011,Hazaribagh,8212,0
2011,Jamtara,39,0
2011,Khunti,3612,0
2011,Koderma,3763,0
2011,Latehar,16220,5
2011,Lohardaga,1736,0
2011,Pakur,2239,0
2011,Palamu,17817,3
2011,Ramgarh,1030,0
2011,Ranchi,6351,0
2011,Sahebganj,5230,3
2011,Saraikela Kharsawan,4637,0
2011,Simdega,11103,1
2011,West Singhbhum,17613,0
2011,A.M.U. Almatti#,281,0
2011,A.M.U. B. Gudi#,63,0
2011,A.M.U. Kembhavi#,39,0
2011,Bagalkote,885,0
2011,Ballari,1966,0
2011,Belagavi,257,0
2011,Bengaluru Rural,12,0
2011,Bengaluru Urban,39,0
2011,Bidar,477,0
2011,Chamarajanagara,58,0
2011,ChikkaBallaPura,242,0
2011,Chikkamagaluru,147,0
2011,Chitradurga,509,0
2011,Dakshina Kannada,6418,0
2011,Davangere,114,0
2011,Dharwad,180,0
2011,Gadag,507,0
2011,Hassan,41,0
2011,Haveri,290,0
2011,Kalaburagi,3948,0
2011,Kodagu,27,0
2011,Kolar,115,0
2011,Koppal,1530,0
2011,Mandya,120,0
2011,Mysuru,84,0
2011,Raichur,1638,0
2011,Ramanagara,66,0
2011,Shivamogga,111,0
2011,Tumakuru,566,0
2011,U.K.P.N. PURA#,379,0
2011,Udupi,1250,0
2011,Uttara Kannada,299,0
2011,Vijayapura,830,0
2011,Yadgir,749,0
2011,Alappuzha,119,0
2011,Ernakulam,163,1
2011,Idukki,38,0
2011,Kannur,239,1
2011,Kasaragod,279,0
2011,Kollam,95,0
2011,Kottayam,47,0
2011,Kozhikode,154,0
2011,Malappuram,236,0
2011,Palakkad,120,0
2011,Pathanamthitta,189,0
2011,Thiruvananthapuram,99,0
2011,Thrissur,172,0
2011,Wayanad,43,0
2011,Lakshadweep District,8,0
2011,Anuppur,1211,0
2011,Ashoknagar,1602,0
2011,Balaghat,1979,6
2011,Barwani,807,4
2011,Betul,1220,0
2011,Bhind,3142,0
2011,Bhopal,2048,2
2011,Burhanpur,557,0
2011,Chhatarpur,830,0
2011,Chhindwara,3334,4
2011,Damoh,1007,1
2011,Datia,1104,0
2011,Dewas,270,0
2011,Dhar,4532,3
2011,Dindori,1463,1
2011,East Nimar,283,0
2011,Guna,2427,0
2011,Gwalior,2226,0
2011,Harda,161,0
2011,Indore,157,0
2011,Jabalpur,1127,7
2011,Jhabua,6513,0
2011,Katni,242,0
2011,Khargone,3252,1
2011,Mandla,1994,0
2011,Mandsaur,1041,2
2011,Morena,2619,0
2011,Narmadapuram,2128,0
2011,Narsinghpur,886,2
2011,Neemuch,304,1
2011,Panna,1821,1
2011,Raisen,1560,0
2011,Rajgarh,1401,0
2011,Ratlam,1997,0
2011,Rewa,975,0
2011,Sagar,2200,1
2011,Satna,1576,3
2011,Sehore,598,0
2011,Seoni,1104,2
2011,Shahdol,1296,0
2011,Shajapur,561,0
2011,Sheopur,3289,0
2011,Shivpuri,5516,0
2011,Sidhi,12664,56
2011,Tikamgarh,1578,7
2011,Ujjain,387,0
2011,Umaria,1477,5
2011,Vidisha,1385,0
2011,Ahmednagar,366,0
2011,Akola,240,1
2011,Amravati,770,0
2011,Aurangabad,213,0
2011,Beed,195,0
2011,Bhandara,195,0
2011,Buldhana,348,0
2011,Chandrapur,2466,3
2011,Dhule,1699,1
2011,Gadchiroli,13670,6
2011,Gondia,1425,5
2011,Hingoli,16,0
2011,Jalgaon,890,1
2011,Jalna,26,0
2011,Kolhapur,177,0
2011,Latur,227,0
2011,Mumbai,39822,69
2011,Nagpur,860,0
2011,Nagpur MC#,147,0
2011,Nanded,592,0
2011,Nandurbar,1694,0
2011,Nashik,3652,5
2011,Osmanabad,81,1
2011,Parbhani,126,0
2011,Pune,949,4
2011,Pune MC#,94,0
2011,Raigad,4211,2
2011,Ratnagiri,1962,0
2011,Sangli,323,0
2011,Satara,779,0
2011,Sindhudurg,308,0
2011,Solapur,204,0
2011,Thane,15777,19
2011,Wardha,788,1
2011,Washim,144,0
2011,Yavatmal,1141,0
2012,Bishnupur,6,0
2012,Chandel,42,1
2012,Churachandpur,163,0
2012,Imphal East,18,0
2012,Imphal Urban#,6,0
2012,Imphal West,8,0
2012,Jiribam,20,0
2012,Kangpokpi,16,0
2012,Senapati,6,0
2012,Tamenglong,361,0
2012,Thoubal,25,0
2012,Ukhrul,43,0
2012,East Garo Hills,6454,6
2012,East Khasi Hills,721,7
2012,Ri Bhoi,1546,3
2012,South Garo Hills,3437,8
2012,West Garo Hills,10501,13
2012,West Jaintia Hills,560,7
2012,West Khasi Hills,1924,9
2012,Aizawl,92,5
2012,Aizawl West#,49,3
2012,Champhai,72,0
2012,Kolasib,478,1
2012,Lawngtlai,3038,11
2012,Lunglei,3434,2
2012,Mamit,1283,2
2012,Saiha,353,3
2012,Serchhip,62,3
2012,Mon,68,0
2012,Dimapur,666,0
2012,Kiphire,68,0
2012,Kohima,568,0
2012,Longleng,112,0
2012,Mokokchung,781,0
2012,Peren,15,1
2012,Phek,344,1
2012,Tuensang,90,0
2012,UVBDS Dimapur#,230,2
2012,Wokha,298,0
2012,Zunheboto,123,0
2012,Anugul,10316,2
2012,Balangir,6552,1
2012,Baleshwar,1216,0
2012,Bargarh,1532,5
2012,Bhadrak,182,0
2012,Boudh,1893,0
2012,Cuttack,752,0
2012,Deogarh,5765,0
2012,Dhenkanal,3938,1
2012,Gajapati,11127,2
2012,Ganjam,10362,2
2012,Jagatsinghapur,175,0
2012,Jajapur,2274,0
2012,Jharsuguda,444,1
2012,Kalahandi,20932,17
2012,Kandhamal,25954,4
2012,Kendrapara,223,0
2012,Kendujhar,19333,2
2012,Khordha,2546,0
2012,Koraput,43267,9
2012,Malkangiri,20700,9
2012,Mayurbhanj,12530,3
2012,Nabarangpur,16914,3
2012,Nayagarh,1809,0
2012,Nuapada,9991,4
2012,Puri,38,0
2012,Rayagada,55686,11
2012,Sambalpur,8125,0
2012,Sonepur,1344,1
2012,Sundargarh,13048,22
2012,Karaikal,39,0
2012,Mahe,5,0
2012,Pondicherry,142,1
2012,Yanam,10,0
2012,Amritsar,151,0
2012,Barnala,9,0
2012,Bathinda,67,0
2012,Faridkot,323,0
2012,Fatehgarh Sahib,14,0
2012,Ferozepur,131,0
2012,Gurdaspur,25,0
2012,Hoshiarpur,61,0
2012,Jalandhar,87,0
2012,Kapurthala,17,0
2012,Ludhiana,384,0
2012,Mansa,377,0
2012,Moga,20,0
2012,Patiala,89,3
2012,Rupnagar,8,0
2012,S.A.S Nagar,27,0
2012,Sangrur,71,0
2012,"Shahid Bhagat Singh
Nagar",89,0
2012,Sri Muktsar Sahib,429,0
2012,Tarn taran,314,0
2012,Ajmer,1996,4
2012,Alwar,1499,2
2012,Banswara,1408,0
2012,Baran,909,0
2012,Barmer,8320,0
2012,Bharatpur,1816,0
2012,Bhilwara,2144,1
2012,Bikaner,6631,7
2012,Bundi,977,0
2012,Chittorgarh,791,0
2012,Churu,1634,1
2012,Dausa,456,0
2012,Dholpur,1176,0
2012,Dungarpur,669,0
2012,Ganganagar,1449,2
2012,Hanumangarh,1556,1
2012,Jaipur,1927,4
2012,Jaisalmer,1529,1
2012,Jalore,1272,2
2012,Jhalawar,184,0
2012,Jhunjhunu,486,0
2012,Jodhpur,1985,0
2012,Karauli,465,1
2012,Kota,751,0
2012,Nagaur,2283,2
2012,Pali,940,0
2012,Pratapgarh,1392,0
2012,Rajsamand,776,0
2012,Sawai Madhopur,1158,5
2012,Sikar,687,0
2012,Sirohi,1114,0
2012,Tonk,587,3
2012,Udaipur,3327,9
2012,Gangtok,42,0
2012,Gyalshing,4,0
2012,Mangan,1,0
2012,Namchi,4,0
2012,Aranthangi#,5,0
2012,Chengalpattu,78,0
2012,Chennai,14927,0
2012,Cheyyar#,75,0
2012,Coimbatore,46,0
2012,Cuddalore,114,0
2012,Dharapuram#,0,0
2012,Dharmapuri,77,0
2012,Dindigul,78,0
2012,Erode,0,0
2012,Kallakurichi,111,0
2012,Kanchipuram,32,0
2012,Kanniyakumari,376,0
2012,Karur,10,0
2012,Kovilpatti#,137,0
2012,Krishnagiri,10,0
2012,Madurai,110,0
2012,Nagapattinam,136,0
2012,Namakkal,36,0
2012,Palani#,11,0
2012,Paramakudi#,472,0
2012,Perambalur,11,0
2012,Pudukkottai,7,0
2012,Ramanathapuram,3472,0
2012,Salem,36,0
2012,Sivaganga,9,0
2012,Sivakasi#,3,0
2012,Tenkasi,17,0
2012,Thanjavur,152,0
2012,The Nilgiris,0,0
2012,Theni,0,0
2012,Thiruvallur,257,0
2012,Thiruvarur,38,0
2012,Tiruchirappalli,60,0
2012,Tirunelveli,12,0
2012,Tirupathur,174,0
2012,Tiruppur,0,0
2012,Tiruvannamalai,365,0
2012,Tuticorin,166,0
2012,Vellore,453,0
2012,Villupuram,83,0
2012,Virudhunagar,15,0
2012,Dhalai,4377,4
2012,North Tripura,973,4
2012,South Tripura,8066,2
2012,West Tripura,1001,2
2012,Agra,151,0
2012,Aligarh,1186,0
2012,Ambedkar Nagar,81,0
2012,Amroha,379,0
2012,Auraiya,1680,0
2012,Ayodhya,69,0
2012,Azamgarh,18,0
2012,Baghpat,254,0
2012,Bahraich,40,0
2012,Ballia,6,0
2012,Balrampur,11,0
2012,Banda,609,0
2012,Barabanki,0,0
2012,Bareilly,1138,0
2012,Basti,117,0
2012,Bhadohi,1218,0
2012,Bijnor,894,0
2012,Budaun,969,0
2012,Bulandshahr,1033,0
2012,Chandauli,156,0
2012,Chitrakoot,522,0
2012,Deoria,29,0
2012,Etah,1096,0
2012,Etawah,382,0
2012,Farrukhabad,757,0
2012,Fatehpur,1120,0
2012,Firozabad,380,0
2012,Gautam Buddha Nagar,577,0
2012,Ghaziabad,460,0
2012,Ghazipur,36,0
2012,Gonda,31,0
2012,Gorakhpur,3,0
2012,Hamirpur,914,0
2012,Hardoi,94,0
2012,Hathras,613,0
2012,Jalaun,465,0
2012,Jaunpur,202,0
2012,Jhansi,739,0
2012,Kannauj,595,0
2012,Kanpur Dehat,1377,0
2012,Kanpur Nagar,501,0
2012,Kasganj,617,0
2012,Kaushambi,458,0
2012,Kheri,333,0
2012,Kushi Nagar,142,0
2012,Lalitpur,987,0
2012,Lucknow,149,0
2012,Maharajganj,34,0
2012,Mahoba,834,0
2012,Mainpuri,631,0
2012,Mathura,289,0
2012,Mau,15,0
2012,Meerut,265,0
2012,Mirzapur,6476,0
2012,Moradabad,192,0
2012,Muzaffarnagar,5961,0
2012,Pilibhit,24,0
2012,Pratapgarh,192,0
2012,Prayagraj,4715,0
2012,Rae Bareli,78,0
2012,Rampur,287,0
2012,Saharanpur,4231,0
2012,Sant Kabeer Nagar,37,0
2012,Shahjahanpur,8,0
2012,Shravasti,66,0
2012,Siddharth Nagar,339,0
2012,Sitapur,7,0
2012,Sonbhadra,8245,0
2012,Sultanpur,229,0
2012,Unnao,67,0
2012,Varanasi,158,0
2012,Almora,0,0
2012,Bageshwar,14,0
2012,Chamoli,1,0
2012,Champawat,0,0
2012,Dehradun,529,1
2012,Haridwar,364,0
2012,Nainital,109,0
2012,Pauri Garhwal,34,0
2012,Pithoragarh,0,0
2012,Rudra Prayag,0,0
2012,Tehri Garhwal,8,0
2012,Udam Singh Nagar,218,0
2012,Uttar Kashi,0,0
2012,24 Paraganas North,1236,2
2012,24 Paraganas South,702,0
2012,Bankura,1104,2
2012,Bardhaman,155,5
2012,Birbhum,663,1
2012,Coochbehar,858,0
2012,Darjeeling,278,0
2012,Dinajpur Dakshin,177,0
2012,Dinajpur Uttar,134,0
2012,Hooghly,290,1
2012,Howrah,2998,0
2012,Jalpaiguri,2586,3
2012,KMUHO#,1489,0
2012,Kolkata,42724,0
2012,Maldah,2126,1
2012,Medinipur East,691,0
2012,Medinipur West,1553,1
2012,Murshidabad,3240,0
2012,Nadia,532,1
2012,Purulia,2832,2
2012,Nicobars,1048,0
2012,"North And Middle
Andaman",147,0
2012,South Andamans,344,0
2012,Adilabad,707,0
2012,Anantapur,372,0
2012,Chittoor,277,0
2012,East Godavari,2750,0
2012,Guntur,526,0
2012,Hyderabad,472,0
2012,Karimnagar,24,0
2012,Khammam,1153,0
2012,Krishna,1585,0
2012,Kurnool,233,1
2012,Mahabubnagar,175,0
2012,Medak,40,0
2012,Nalgonda,11,0
2012,Nizamabad,38,0
2012,Prakasam,962,0
2012,Ranga Reddy,85,0
2012,SPSR Nellore,73,0
2012,Srikakulam,1424,0
2012,Visakhapatanam,7474,1
2012,Vizianagaram,4992,0
2012,Warangal,222,0
2012,West Godavari,436,0
2012,Y.S.R.,668,0
2012,Anjaw,50,0
2012,Changlang,563,0
2012,Dibang Valley,133,0
2012,East Kameng,480,13
2012,East Siang,847,0
2012,Kurung Kumey,164,0
2012,Lohit,1148,2
2012,Lower Dibang Valley,792,0
2012,Lower Subansiri,196,0
2012,Papum Pare,549,0
2012,Tirap,1132,0
2012,Upper Siang,313,0
2012,Upper Subansiri,1259,0
2012,West Kameng,212,0
2012,West Siang,530,0
2012,Baksa,1553,1
2012,Barpeta,181,0
2012,Bongaigaon,111,0
2012,Cachar,608,0
2012,Chirang,2112,3
2012,Darrang,134,0
2012,Dhemaji,151,0
2012,Dhubri,248,0
2012,Dibrugarh,36,1
2012,Dima Hasao,1413,0
2012,Goalpara,1697,0
2012,Golaghat,106,0
2012,Hailakandi,588,1
2012,Jorhat,93,0
2012,Kamrup,391,0
2012,Kamrup Metro,146,0
2012,Karbi Anglong,8383,6
2012,Karimganj,236,0
2012,Kokrajhar,1342,1
2012,Lakhimpur,257,0
2012,Marigaon,88,0
2012,Nagaon,374,0
2012,Nalbari,72,0
2012,Sivasagar,23,0
2012,Sonitpur,652,0
2012,Tinsukia,954,0
2012,Udalguri,8050,0
2012,Araria,0,0
2012,Arwal,0,0
2012,Aurangabad,267,0
2012,Banka,13,0
2012,Begusarai,1,0
2012,Bhagalpur,60,0
2012,Bhojpur,0,0
2012,Buxar,0,0
2012,Darbhanga,0,0
2012,Gaya,208,0
2012,Gopalganj,1,0
2012,Jamui,222,0
2012,Jehanabad,1,0
2012,Kaimur (Bhabua),29,0
2012,Katihar,36,0
2012,Khagaria,0,0
2012,Kishanganj,0,0
2012,Lakhisarai,208,0
2012,Madhepura,0,0
2012,Madhubani,26,0
2012,Munger,370,0
2012,Muzaffarpur,2,0
2012,Nalanda,7,0
2012,Nawada,684,0
2012,Pashchim Champaran,0,0
2012,Patna,14,0
2012,Purbi Champaran,0,0
2012,Purnia,8,0
2012,Rohtas,394,0
2012,Saharsa,0,0
2012,Samastipur,12,0
2012,Saran,2,0
2012,Sheikhpura,40,0
2012,Sheohar,0,0
2012,Sitamarhi,0,0
2012,Siwan,0,0
2012,Supaul,0,0
2012,Vaishali,0,0
2012,Chandigarh,201,0
2012,Balod,671,0
2012,Baloda Bazar,472,1
2012,Balrampur,4365,0
2012,Bastar,6378,8
2012,Bemetara,219,3
2012,Bijapur,5671,3
2012,Bilaspur,2076,9
2012,Dantewada,11585,8
2012,Dhamtari,568,3
2012,Durg,1237,1
2012,Gariyaband,3260,6
2012,Janjgir-Champa,524,5
2012,Jashpur,12710,1
2012,Kabirdham,1769,5
2012,Kanker,6574,0
2012,Kondagaon,9680,2
2012,Korba,21522,3
2012,Korea,9064,4
2012,Mahasamund,401,3
2012,Mungeli,264,1
2012,Narayanpur,2310,0
2012,Raigarh,6446,1
2012,Raipur,76,15
2012,RajnandGaon,1999,3
2012,Sukma,6559,5
2012,Surajpur,4335,0
2012,Surguja,3271,0
2012,"Dadra And Nagar
Haveli",4940,1
2012,Daman,185,0
2012,Diu,1,0
2012,New Delhi,382,0
2012,North Goa,826,0
2012,South Goa,888,0
2012,Ahmadabad,621,0
2012,Ahmadabad MC#,18802,10
2012,Amreli,1797,0
2012,Anand,917,0
2012,Banas kantha,2952,1
2012,Bharuch,966,1
2012,Bhavnagar,825,0
2012,Bhavnagar MC#,239,0
2012,Dang,575,0
2012,Dohad,4473,0
2012,Gandhinagar,489,0
2012,Gandhinagar MC#,723,0
2012,Jamnagar,1513,0
2012,Jamnagar MC#,43,1
2012,Junagadh,1266,0
2012,Junagadh MC#,73,0
2012,Kachchh,2756,0
2012,Kheda,765,0
2012,Mahesana,771,0
2012,Narmada,520,0
2012,Navsari,1094,0
2012,Panch Mahals,2343,0
2012,Patan,2370,0
2012,Porbandar,421,0
2012,Rajkot,3394,3
2012,Rajkot MC#,257,0
2012,Sabar kantha,1089,1
2012,Surat,1049,0
2012,Surat MC#,11641,9
2012,Surendranagar,1859,0
2012,Tapi,674,1
2012,Vadodara,1827,0
2012,Vadodara MC#,3396,2
2012,Valsad,3746,0
2012,Ambala,461,0
2012,Bhiwani,2655,0
2012,Faridabad,785,0
2012,Fatehabad,1026,0
2012,Gurugram,611,0
2012,Hisar,4436,0
2012,Jhajjar,949,0
2012,Jind,771,0
2012,Kaithal,194,0
2012,Karnal,2425,0
2012,Kurukshetra,765,0
2012,Mahendragarh,307,0
2012,Nuh,1314,0
2012,Palwal,696,0
2012,Panchkula,337,0
2012,Panipat,782,0
2012,Rewari,32,0
2012,Rohtak,1154,0
2012,Sirsa,2918,0
2012,Sonipat,540,0
2012,Yamunanagar,3661,1
2012,Bilaspur,31,0
2012,Chamba,7,0
2012,Hamirpur,28,0
2012,Kangra,39,0
2012,Kullu,13,0
2012,Mandi,26,0
2012,Shimla,37,0
2012,Sirmaur,13,0
2012,Solan,17,0
2012,Una,5,0
2012,Baramulla,3,0
2012,Doda,0,0
2012,Jammu,282,0
2012,Kargil,0,0
2012,Kathua,114,0
2012,Kishtwar,6,0
2012,Leh Ladakh,0,0
2012,Poonch,205,0
2012,Rajouri,123,0
2012,Ramban,0,0
2012,Reasi,27,0
2012,Samba,30,0
2012,Udhampur,32,0
2012,UMCP Jammu#,42,0
2012,Bokaro,3315,0
2012,Chatra,7448,0
2012,Deoghar,96,0
2012,Dhanbad,1098,0
2012,Dumka,5442,1
2012,East Singhbum,5221,4
2012,Garhwa,8378,0
2012,Giridih,10631,0
2012,Godda,2628,0
2012,Gumla,2849,0
2012,Hazaribagh,9167,0
2012,Jamtara,39,0
2012,Khunti,3083,0
2012,Koderma,2147,0
2012,Latehar,14086,0
2012,Lohardaga,1375,0
2012,Pakur,1318,0
2012,Palamu,14754,0
2012,Ramgarh,934,0
2012,Ranchi,5888,0
2012,Sahebganj,3784,3
2012,Saraikela Kharsawan,5013,0
2012,Simdega,9168,0
2012,West Singhbhum,13614,2
2012,A.M.U. Almatti#,39,0
2012,A.M.U. B. Gudi#,32,0
2012,A.M.U. Kembhavi#,10,0
2012,Bagalkote,578,0
2012,Ballari,305,0
2012,Belagavi,66,0
2012,Bengaluru Rural,10,0
2012,Bengaluru Urban,28,0
2012,Bidar,288,0
2012,Chamarajanagara,97,0
2012,ChikkaBallaPura,62,0
2012,Chikkamagaluru,128,0
2012,Chitradurga,42,0
2012,Dakshina Kannada,6215,0
2012,Davangere,135,0
2012,Dharwad,293,0
2012,Gadag,519,0
2012,Hassan,62,0
2012,Haveri,419,0
2012,Kalaburagi,1158,0
2012,Kodagu,43,0
2012,Kolar,111,0
2012,Koppal,821,0
2012,Mandya,66,0
2012,Mysuru,94,0
2012,Raichur,722,0
2012,Ramanagara,54,0
2012,Shivamogga,148,0
2012,Tumakuru,162,0
2012,U.K.P.N. PURA#,376,0
2012,Udupi,2217,0
2012,Uttara Kannada,316,0
2012,Vijayapura,304,0
2012,Yadgir,546,0
2012,Alappuzha,123,0
2012,Ernakulam,108,0
2012,Idukki,53,2
2012,Kannur,339,0
2012,Kasaragod,286,0
2012,Kollam,115,0
2012,Kottayam,71,0
2012,Kozhikode,181,0
2012,Malappuram,237,0
2012,Palakkad,107,0
2012,Pathanamthitta,105,0
2012,Thiruvananthapuram,70,0
2012,Thrissur,194,1
2012,Wayanad,47,0
2012,Lakshadweep District,9,0
2012,Alirajpur,1352,0
2012,Anuppur,834,0
2012,Ashoknagar,1317,1
2012,Balaghat,2300,2
2012,Barwani,703,0
2012,Betul,946,0
2012,Bhind,3154,2
2012,Bhopal,1369,0
2012,Burhanpur,745,0
2012,Chhatarpur,505,1
2012,Chhindwara,3446,0
2012,Damoh,731,1
2012,Datia,722,0
2012,Dewas,222,0
2012,Dhar,2196,1
2012,Dindori,829,2
2012,East Nimar,410,2
2012,Guna,1648,0
2012,Gwalior,2122,6
2012,Harda,223,0
2012,Indore,159,0
2012,Jabalpur,508,2
2012,Jhabua,3715,0
2012,Katni,310,1
2012,Khargone,2959,0
2012,Mandla,1044,0
2012,Mandsaur,896,0
2012,Morena,1937,0
2012,Narmadapuram,1293,0
2012,Narsinghpur,928,2
2012,Neemuch,263,0
2012,Panna,1691,0
2012,Raisen,1095,0
2012,Rajgarh,943,0
2012,Ratlam,1418,2
2012,Rewa,861,0
2012,Sagar,1273,0
2012,Satna,1201,2
2012,Sehore,552,0
2012,Seoni,1019,0
2012,Shahdol,792,1
2012,Shajapur,375,0
2012,Sheopur,3074,0
2012,Shivpuri,4712,0
2012,Sidhi,10899,11
2012,Singrauli,3236,0
2012,Tikamgarh,1841,4
2012,Ujjain,352,0
2012,Umaria,534,0
2012,Vidisha,884,0
2012,Ahmednagar,357,0
2012,Akola,218,0
2012,Amravati,721,1
2012,Aurangabad,148,1
2012,Beed,88,0
2012,Bhandara,190,0
2012,Buldhana,210,0
2012,Chandrapur,2069,8
2012,Dhule,1047,2
2012,Gadchiroli,6596,4
2012,Gondia,754,7
2012,Hingoli,10,0
2012,Jalgaon,551,1
2012,Jalna,15,0
2012,Kolhapur,99,0
2012,Latur,108,0
2012,Mumbai,16086,45
2012,Nagpur,515,1
2012,Nagpur MC#,125,0
2012,Nanded,303,0
2012,Nandurbar,1073,1
2012,Nashik,2305,1
2012,Osmanabad,32,0
2012,Parbhani,25,0
2012,Pune,512,5
2012,Pune MC#,78,0
2012,Raigad,4361,1
2012,Ratnagiri,810,0
2012,Sangli,162,0
2012,Satara,600,0
2012,Sindhudurg,243,2
2012,Solapur,125,0
2012,Thane,16141,14
2012,Wardha,712,2
2012,Washim,96,0
2012,Yavatmal,1032,0
2013,Bishnupur,0,0
2013,Chandel,27,0
2013,Churachandpur,63,0
2013,Imphal East,9,0
2013,Imphal Urban#,3,0
2013,Imphal West,8,0
2013,Jiribam,8,0
2013,Kangpokpi,2,0
2013,Senapati,0,0
2013,Tamenglong,122,0
2013,Thoubal,11,0
2013,Ukhrul,2,0
2013,East Garo Hills,7461,19
2013,East Khasi Hills,553,2
2013,Ri Bhoi,966,3
2013,South Garo Hills,3009,7
2013,West Garo Hills,6908,9
2013,West Jaintia Hills,170,5
2013,West Khasi Hills,1767,7
2013,Aizawl,137,0
2013,Aizawl West#,219,9
2013,Champhai,96,1
2013,Kolasib,329,1
2013,Lawngtlai,5034,7
2013,Lunglei,3042,3
2013,Mamit,774,1
2013,Saiha,182,1
2013,Serchhip,70,2
2013,Mon,53,0
2013,Dimapur,513,0
2013,Kiphire,96,0
2013,Kohima,409,0
2013,Longleng,162,0
2013,Mokokchung,548,0
2013,Peren,13,0
2013,Phek,349,1
2013,Tuensang,133,0
2013,UVBDS Dimapur#,311,0
2013,Wokha,190,0
2013,Zunheboto,114,0
2013,Anugul,7724,1
2013,Balangir,3920,6
2013,Baleshwar,441,0
2013,Bargarh,994,0
2013,Bhadrak,358,0
2013,Boudh,1657,0
2013,Cuttack,480,0
2013,Deogarh,5922,1
2013,Dhenkanal,2360,0
2013,Gajapati,7626,1
2013,Ganjam,6287,2
2013,Jagatsinghapur,191,0
2013,Jajapur,1147,0
2013,Jharsuguda,326,1
2013,Kalahandi,19053,13
2013,Kandhamal,18116,6
2013,Kendrapara,146,0
2013,Kendujhar,21213,3
2013,Khordha,1069,0
2013,Koraput,38867,5
2013,Malkangiri,14257,5
2013,Mayurbhanj,8673,2
2013,Nabarangpur,14600,4
2013,Nayagarh,915,0
2013,Nuapada,8150,6
2013,Puri,29,0
2013,Rayagada,52117,8
2013,Sambalpur,9209,0
2013,Sonepur,691,1
2013,Sundargarh,16304,14
2013,Karaikal,23,0
2013,Mahe,12,0
2013,Pondicherry,99,0
2013,Yanam,9,0
2013,Amritsar,28,0
2013,Barnala,2,0
2013,Bathinda,57,0
2013,Faridkot,249,0
2013,Fatehgarh Sahib,12,0
2013,Ferozepur,44,0
2013,Gurdaspur,11,0
2013,Hoshiarpur,38,0
2013,Jalandhar,57,0
2013,Kapurthala,10,0
2013,Ludhiana,197,0
2013,Mansa,328,0
2013,Moga,8,0
2013,Patiala,94,0
2013,Rupnagar,9,0
2013,S.A.S Nagar,15,0
2013,Sangrur,100,0
2013,"Shahid Bhagat Singh
Nagar",130,0
2013,Sri Muktsar Sahib,233,0
2013,Tarn taran,67,0
2013,Ajmer,1309,2
2013,Alwar,2014,0
2013,Banswara,1162,0
2013,Baran,717,0
2013,Barmer,4998,0
2013,Bharatpur,3096,2
2013,Bhilwara,1570,1
2013,Bikaner,3955,2
2013,Bundi,1364,0
2013,Chittorgarh,1151,0
2013,Churu,1411,1
2013,Dausa,688,2
2013,Dholpur,1483,0
2013,Dungarpur,742,0
2013,Ganganagar,1388,3
2013,Hanumangarh,788,0
2013,Jaipur,2000,3
2013,Jaisalmer,831,2
2013,Jalore,763,0
2013,Jhalawar,329,0
2013,Jhunjhunu,481,0
2013,Jodhpur,1987,0
2013,Karauli,482,0
2013,Kota,613,0
2013,Nagaur,1940,0
2013,Pali,780,0
2013,Pratapgarh,1308,0
2013,Rajsamand,847,1
2013,Sawai Madhopur,1289,0
2013,Sikar,674,0
2013,Sirohi,736,0
2013,Tonk,558,0
2013,Udaipur,2355,3
2013,Gangtok,68,0
2013,Gyalshing,2,0
2013,Mangan,2,0
2013,Namchi,5,0
2013,Aranthangi#,8,0
2013,Ariyalur,0,0
2013,Chengalpattu,41,0
2013,Chennai,11090,0
2013,Cheyyar#,75,0
2013,Coimbatore,47,0
2013,Cuddalore,86,0
2013,Dharapuram#,1,0
2013,Dharmapuri,54,0
2013,Dindigul,47,0
2013,Erode,0,0
2013,Kallakurichi,153,0
2013,Kanchipuram,11,0
2013,Kanniyakumari,669,0
2013,Karur,13,0
2013,Kovilpatti#,83,0
2013,Krishnagiri,23,0
2013,Madurai,141,0
2013,Nagapattinam,117,0
2013,Namakkal,15,0
2013,Palani#,17,0
2013,Paramakudi#,350,0
2013,Perambalur,5,0
2013,Poonamallee#,9,0
2013,Pudukkottai,15,0
2013,Ramanathapuram,3982,0
2013,Salem,13,0
2013,Sivaganga,1,0
2013,Sivakasi#,11,0
2013,Tenkasi,26,0
2013,Thanjavur,170,0
2013,The Nilgiris,0,0
2013,Theni,16,0
2013,Thiruvallur,295,0
2013,Thiruvarur,38,0
2013,Tiruchirappalli,63,0
2013,Tirunelveli,75,0
2013,Tirupathur,173,0
2013,Tiruppur,1,0
2013,Tiruvannamalai,322,0
2013,Tuticorin,118,0
2013,Vellore,419,0
2013,Villupuram,46,0
2013,Virudhunagar,30,0
2013,Dhalai,2766,6
2013,North Tripura,491,0
2013,South Tripura,7261,1
2013,West Tripura,1047,0
2013,Agra,113,0
2013,Aligarh,1050,0
2013,Ambedkar Nagar,23,0
2013,Amroha,198,0
2013,Auraiya,937,0
2013,Ayodhya,28,0
2013,Azamgarh,12,0
2013,Baghpat,220,0
2013,Bahraich,32,0
2013,Ballia,2,0
2013,Balrampur,6,0
2013,Banda,606,0
2013,Barabanki,3,0
2013,Bareilly,551,0
2013,Basti,98,0
2013,Bhadohi,1293,0
2013,Bijnor,720,0
2013,Budaun,761,0
2013,Bulandshahr,734,0
2013,Chandauli,120,0
2013,Chitrakoot,572,0
2013,Deoria,14,0
2013,Etah,585,0
2013,Etawah,493,0
2013,Farrukhabad,329,0
2013,Fatehpur,1301,0
2013,Firozabad,363,0
2013,Gautam Buddha Nagar,452,0
2013,Ghaziabad,341,0
2013,Ghazipur,80,0
2013,Gonda,20,0
2013,Gorakhpur,1,0
2013,Hamirpur,759,0
2013,Hardoi,35,0
2013,Hathras,622,0
2013,Jalaun,432,0
2013,Jaunpur,191,0
2013,Jhansi,853,0
2013,Kannauj,435,0
2013,Kanpur Dehat,1021,0
2013,Kanpur Nagar,447,0
2013,Kasganj,640,0
2013,Kaushambi,304,0
2013,Kheri,242,0
2013,Kushi Nagar,192,0
2013,Lalitpur,766,0
2013,Lucknow,53,0
2013,Maharajganj,113,0
2013,Mahoba,788,0
2013,Mainpuri,310,0
2013,Mathura,259,0
2013,Mau,2,0
2013,Meerut,149,0
2013,Mirzapur,5229,0
2013,Moradabad,164,0
2013,Muzaffarnagar,2750,0
2013,Pilibhit,19,0
2013,Pratapgarh,176,0
2013,Prayagraj,5598,0
2013,Rae Bareli,72,0
2013,Rampur,262,0
2013,Saharanpur,1982,0
2013,Sant Kabeer Nagar,22,0
2013,Shahjahanpur,10,0
2013,Shravasti,29,0
2013,Siddharth Nagar,224,0
2013,Sitapur,21,0
2013,Sonbhadra,9581,0
2013,Sultanpur,241,0
2013,Unnao,53,0
2013,Varanasi,296,0
2013,Almora,26,0
2013,Bageshwar,3,0
2013,Chamoli,13,0
2013,Champawat,16,0
2013,Dehradun,1101,0
2013,Haridwar,373,0
2013,Nainital,220,0
2013,Pauri Garhwal,42,0
2013,Pithoragarh,0,0
2013,Rudra Prayag,0,0
2013,Tehri Garhwal,4,0
2013,Udam Singh Nagar,150,0
2013,Uttar Kashi,0,0
2013,24 Paraganas North,952,0
2013,24 Paraganas South,672,0
2013,Bankura,1625,11
2013,Bardhaman,127,2
2013,Birbhum,351,2
2013,Coochbehar,540,0
2013,Darjeeling,176,1
2013,Dinajpur Dakshin,133,0
2013,Dinajpur Uttar,245,0
2013,Hooghly,277,2
2013,Howrah,2878,0
2013,Jalpaiguri,758,3
2013,KMUHO#,863,0
2013,Kolkata,32659,0
2013,Maldah,1665,0
2013,Medinipur East,412,0
2013,Medinipur West,1783,2
2013,Murshidabad,2703,2
2013,Nadia,599,0
2013,Purulia,2227,5
2013,Pvt. Hospital & Others#,4148,0
2013,Nicobars,649,0
2013,North And Middle Andaman,72,0
2013,South Andamans,284,0
2013,Adilabad,995,0
2013,Anantapur,222,0
2013,Chittoor,149,0
2013,East Godavari,3460,0
2013,Guntur,498,0
2013,Hyderabad,196,0
2013,Karimnagar,36,0
2013,Khammam,1697,0
2013,Krishna,592,0
2013,Kurnool,150,0
2013,Mahabubnagar,128,0
2013,Medak,48,0
2013,Nalgonda,22,0
2013,Nizamabad,106,0
2013,Prakasam,631,0
2013,Ranga Reddy,52,0
2013,SPSR Nellore,179,0
2013,Srikakulam,774,0
2013,Visakhapatanam,5950,0
2013,Vizianagaram,2808,0
2013,Warangal,155,0
2013,West Godavari,692,0
2013,Y.S.R.,247,0
2013,Anjaw,52,0
2013,Changlang,360,0
2013,Dibang Valley,67,0
2013,East Kameng,554,10
2013,East Siang,837,0
2013,Kurung Kumey,134,0
2013,Lohit,721,0
2013,Lower Dibang Valley,644,0
2013,Lower Subansiri,136,0
2013,Papum Pare,184,0
2013,Tirap,743,4
2013,Upper Siang,214,0
2013,Upper Subansiri,1245,7
2013,West Kameng,133,0
2013,West Siang,374,0
2013,Baksa,1901,0
2013,Barpeta,143,0
2013,Bongaigaon,45,0
2013,Cachar,279,1
2013,Chirang,1088,0
2013,Darrang,70,0
2013,Dhemaji,78,0
2013,Dhubri,176,0
2013,Dibrugarh,25,0
2013,Dima Hasao,972,0
2013,Goalpara,994,0
2013,Golaghat,40,0
2013,Hailakandi,437,0
2013,Jorhat,81,0
2013,Kamrup,286,0
2013,Kamrup Metro,199,0
2013,Karbi Anglong,4989,2
2013,Karimganj,364,3
2013,Kokrajhar,2660,0
2013,Lakhimpur,182,0
2013,Marigaon,59,0
2013,Nagaon,123,1
2013,Nalbari,46,0
2013,Sivasagar,47,0
2013,Sonitpur,213,0
2013,Tinsukia,171,0
2013,Udalguri,3874,0
2013,Araria,0,0
2013,Arwal,1,0
2013,Aurangabad,532,0
2013,Banka,118,0
2013,Begusarai,0,0
2013,Bhagalpur,37,0
2013,Bhojpur,1,0
2013,Buxar,0,0
2013,Darbhanga,0,0
2013,Gaya,119,0
2013,Gopalganj,0,0
2013,Jamui,99,0
2013,Jehanabad,0,0
2013,Kaimur (Bhabua),60,0
2013,Katihar,67,0
2013,Khagaria,0,0
2013,Kishanganj,0,0
2013,Lakhisarai,220,0
2013,Madhepura,0,0
2013,Madhubani,30,0
2013,Munger,408,0
2013,Muzaffarpur,0,0
2013,Nalanda,26,0
2013,Nawada,349,0
2013,Pashchim Champaran,0,0
2013,Patna,32,1
2013,Purbi Champaran,0,0
2013,Purnia,439,0
2013,Rohtas,133,0
2013,Saharsa,0,0
2013,Samastipur,5,0
2013,Saran,2,0
2013,Sheikhpura,14,0
2013,Sheohar,0,0
2013,Sitamarhi,1,0
2013,Siwan,0,0
2013,Supaul,0,0
2013,Vaishali,0,0
2013,Chandigarh,150,0
2013,Balod,283,0
2013,Baloda Bazar,392,3
2013,Balrampur,3959,0
2013,Bastar,6367,6
2013,Bemetara,167,0
2013,Bijapur,9904,4
2013,Bilaspur,2406,2
2013,Dantewada,10786,2
2013,Dhamtari,424,0
2013,Durg,1597,0
2013,Gariyaband,1720,1
2013,Janjgir-Champa,314,0
2013,Jashpur,10810,0
2013,Kabirdham,2906,0
2013,Kanker,5444,0
2013,Kondagaon,3774,6
2013,Korba,15742,3
2013,Korea,7001,5
2013,Mahasamund,389,1
2013,Mungeli,227,0
2013,Narayanpur,2920,0
2013,Raigarh,4353,3
2013,Raipur,81,2
2013,RajnandGaon,1701,1
2013,Sukma,9039,3
2013,Surajpur,3407,1
2013,Surguja,4032,0
2013,"Dadra And Nagar
Haveli",1778,0
2013,Daman,87,0
2013,Diu,4,0
2013,New Delhi,353,0
2013,North Goa,881,0
2013,South Goa,649,0
2013,Ahmadabad,513,1
2013,Ahmadabad MC#,12680,21
2013,Amreli,1227,0
2013,Anand,571,0
2013,Banas kantha,1458,0
2013,Bharuch,744,1
2013,Bhavnagar,348,0
2013,Bhavnagar MC#,210,0
2013,Dang,434,0
2013,Dohad,5117,0
2013,Gandhinagar,374,0
2013,Gandhinagar MC#,414,0
2013,Jamnagar,789,0
2013,Jamnagar MC#,39,0
2013,Junagadh,593,0
2013,Junagadh MC#,33,0
2013,Kachchh,1291,0
2013,Kheda,648,0
2013,Mahesana,631,0
2013,Narmada,286,0
2013,Navsari,994,2
2013,Panch Mahals,3138,1
2013,Patan,1638,0
2013,Porbandar,395,0
2013,Rajkot,2369,0
2013,Rajkot MC#,204,0
2013,Sabar kantha,1248,1
2013,Surat,840,2
2013,Surat MC#,9209,8
2013,Surendranagar,1325,0
2013,Tapi,306,0
2013,Vadodara,1580,0
2013,Vadodara MC#,2320,1
2013,Valsad,4547,0
2013,Ambala,485,0
2013,Bhiwani,953,0
2013,Faridabad,933,0
2013,Fatehabad,874,0
2013,Gurugram,208,0
2013,Hisar,1748,0
2013,Jhajjar,623,0
2013,Jind,322,1
2013,Kaithal,89,0
2013,Karnal,1195,0
2013,Kurukshetra,298,0
2013,Mahendragarh,153,0
2013,Nuh,1097,0
2013,Palwal,803,0
2013,Panchkula,215,0
2013,Panipat,583,1
2013,Rewari,48,0
2013,Rohtak,318,0
2013,Sirsa,1602,1
2013,Sonipat,385,0
2013,Yamunanagar,1539,0
2013,Bilaspur,12,0
2013,Chamba,8,0
2013,Hamirpur,23,0
2013,Kangra,36,0
2013,Kullu,7,0
2013,Mandi,20,0
2013,Shimla,5,0
2013,Sirmaur,8,0
2013,Solan,14,0
2013,Una,8,0
2013,Baramulla,0,0
2013,Doda,0,0
2013,Jammu,226,0
2013,Kargil,0,0
2013,Kathua,99,0
2013,Kishtwar,0,0
2013,Leh Ladakh,0,0
2013,Poonch,129,0
2013,Rajouri,145,0
2013,Ramban,4,0
2013,Reasi,12,0
2013,Samba,14,0
2013,Udhampur,27,0
2013,UMCP Jammu#,42,0
2013,Bokaro,2908,0
2013,Chatra,3834,0
2013,Deoghar,79,0
2013,Dhanbad,1157,1
2013,Dumka,2464,0
2013,East Singhbum,3527,4
2013,Garhwa,7189,0
2013,Giridih,9468,0
2013,Godda,1814,0
2013,Gumla,2059,0
2013,Hazaribagh,5687,0
2013,Jamtara,68,0
2013,Khunti,2674,0
2013,Koderma,1708,0
2013,Latehar,10147,0
2013,Lohardaga,901,0
2013,Pakur,752,0
2013,Palamu,9605,0
2013,Ramgarh,994,0
2013,Ranchi,2827,0
2013,Sahebganj,3152,0
2013,Saraikela Kharsawan,3839,0
2013,Simdega,5081,2
2013,West Singhbhum,15852,1
2013,A.M.U. Almatti#,36,0
2013,A.M.U. B. Gudi#,16,0
2013,A.M.U. Kembhavi#,3,0
2013,Bagalkote,589,0
2013,Ballari,182,0
2013,Belagavi,71,0
2013,Bengaluru Rural,7,0
2013,Bengaluru Urban,14,0
2013,Bidar,214,0
2013,Chamarajanagara,50,0
2013,ChikkaBallaPura,30,0
2013,Chikkamagaluru,122,0
2013,Chitradurga,75,0
2013,Dakshina Kannada,5660,0
2013,Davangere,57,0
2013,Dharwad,200,0
2013,Gadag,664,0
2013,Hassan,74,0
2013,Haveri,287,0
2013,Kalaburagi,435,0
2013,Kodagu,32,0
2013,Kolar,107,0
2013,Koppal,599,0
2013,Mandya,22,0
2013,Mysuru,63,0
2013,Raichur,230,0
2013,Ramanagara,18,0
2013,Shivamogga,117,0
2013,Tumakuru,82,0
2013,U.K.P.N. PURA#,148,0
2013,Udupi,2205,0
2013,Uttara Kannada,253,0
2013,Vijayapura,296,0
2013,Yadgir,344,0
2013,Alappuzha,77,0
2013,Ernakulam,76,0
2013,Idukki,49,0
2013,Kannur,200,0
2013,Kasaragod,306,0
2013,Kollam,82,0
2013,Kottayam,30,0
2013,Kozhikode,174,0
2013,Malappuram,185,0
2013,Palakkad,82,0
2013,Pathanamthitta,96,0
2013,Thiruvananthapuram,124,0
2013,Thrissur,115,0
2013,Wayanad,38,0
2013,Lakshadweep District,8,0
2013,Alirajpur,1572,0
2013,Anuppur,856,3
2013,Ashoknagar,1268,0
2013,Balaghat,2594,4
2013,Barwani,1312,0
2013,Betul,2688,1
2013,Bhind,5213,5
2013,Bhopal,822,2
2013,Burhanpur,518,0
2013,Chhatarpur,1102,1
2013,Chhindwara,2299,0
2013,Damoh,677,0
2013,Datia,1338,0
2013,Dewas,213,0
2013,Dhar,2984,1
2013,Dindori,1253,1
2013,East Nimar,927,0
2013,Guna,1146,0
2013,Gwalior,1868,8
2013,Harda,126,1
2013,Indore,96,0
2013,Jabalpur,478,0
2013,Jhabua,5013,0
2013,Katni,797,0
2013,Khargone,3288,0
2013,Mandla,1034,0
2013,Mandsaur,313,0
2013,Morena,2656,2
2013,Narmadapuram,1938,0
2013,Narsinghpur,652,0
2013,Neemuch,198,0
2013,Panna,1628,0
2013,Raisen,793,1
2013,Rajgarh,719,0
2013,Ratlam,1935,0
2013,Rewa,791,0
2013,Sagar,1159,1
2013,Satna,1203,0
2013,Sehore,489,0
2013,Seoni,808,2
2013,Shahdol,765,0
2013,Shajapur,321,0
2013,Sheopur,3967,8
2013,Shivpuri,6052,1
2013,Sidhi,4203,3
2013,Singrauli,2688,0
2013,Tikamgarh,1937,4
2013,Ujjain,403,0
2013,Umaria,448,0
2013,Vidisha,712,0
2013,Ahmednagar,137,0
2013,Akola,149,0
2013,Amravati,767,1
2013,Aurangabad,106,0
2013,Beed,56,0
2013,Bhandara,172,0
2013,Buldhana,176,0
2013,Chandrapur,1429,5
2013,Dhule,605,2
2013,Gadchiroli,6436,6
2013,Gondia,594,4
2013,Hingoli,19,0
2013,Jalgaon,270,1
2013,Jalna,12,0
2013,Kolhapur,82,0
2013,Latur,69,1
2013,Mumbai,10565,30
2013,Nagpur,355,0
2013,Nagpur MC#,79,0
2013,Nanded,197,0
2013,Nandurbar,736,0
2013,Nashik,1015,4
2013,Osmanabad,30,0
2013,Parbhani,49,0
2013,Pune,329,1
2013,Pune MC#,47,0
2013,Raigad,4989,8
2013,Ratnagiri,604,0
2013,Sangli,111,0
2013,Satara,311,1
2013,Sindhudurg,206,0
2013,Solapur,71,0
2013,Thane,11522,16
2013,Wardha,456,0
2013,Washim,71,0
2013,Yavatmal,855,0
2014,Bishnupur,0,0
2014,Chandel,5,0
2014,Churachandpur,33,0
2014,Imphal East,4,0
2014,Imphal Urban#,0,0
2014,Imphal West,3,0
2014,Jiribam,22,0
2014,Kangpokpi,4,0
2014,Senapati,1,0
2014,Tamenglong,44,0
2014,Thoubal,3,0
2014,Ukhrul,1,0
2014,East Garo Hills,10575,21
2014,East Khasi Hills,592,7
2014,Ri Bhoi,1741,10
2014,South Garo Hills,4058,9
2014,West Garo Hills,5371,5
2014,West Jaintia Hills,475,3
2014,West Khasi Hills,1915,7
2014,Aizawl,232,0
2014,Aizawl West#,312,2
2014,Champhai,92,1
2014,Kolasib,312,3
2014,Lawngtlai,4619,1
2014,Lunglei,3972,1
2014,Mamit,1649,9
2014,Saiha,488,1
2014,Serchhip,71,3
2014,Mon,22,0
2014,Dimapur,257,0
2014,Kiphire,70,0
2014,Kohima,325,0
2014,Longleng,185,0
2014,Mokokchung,572,0
2014,Peren,14,0
2014,Phek,339,0
2014,Tuensang,122,0
2014,UVBDS Dimapur#,166,0
2014,Wokha,107,1
2014,Zunheboto,106,0
2014,Anugul,11533,5
2014,Balangir,6752,8
2014,Baleshwar,310,0
2014,Bargarh,1493,4
2014,Bhadrak,292,2
2014,Boudh,1832,0
2014,Cuttack,462,0
2014,Deogarh,5308,1
2014,Dhenkanal,2860,1
2014,Gajapati,5594,0
2014,Ganjam,5635,0
2014,Jagatsinghapur,274,0
2014,Jajapur,676,0
2014,Jharsuguda,624,3
2014,Kalahandi,20120,12
2014,Kandhamal,18395,1
2014,Kendrapara,109,0
2014,Kendujhar,17134,2
2014,Khordha,693,0
2014,Koraput,25000,5
2014,Malkangiri,11658,2
2014,Mayurbhanj,7793,0
2014,Nabarangpur,13515,3
2014,Nayagarh,1458,1
2014,Nuapada,6588,2
2014,Puri,105,0
2014,Rayagada,31514,2
2014,Sambalpur,11846,1
2014,Sonepur,1130,2
2014,Sundargarh,18155,10
2014,Karaikal,27,0
2014,Mahe,1,0
2014,Pondicherry,87,0
2014,Yanam,12,0
2014,Amritsar,22,0
2014,Barnala,13,0
2014,Bathinda,160,0
2014,Faridkot,172,0
2014,Fatehgarh Sahib,5,0
2014,Fazilka,34,0
2014,Ferozepur,16,0
2014,Gurdaspur,24,0
2014,Hoshiarpur,27,0
2014,Jalandhar,32,0
2014,Kapurthala,5,0
2014,Ludhiana,210,0
2014,Mansa,503,0
2014,Moga,3,0
2014,Pathankot,0,0
2014,Patiala,79,0
2014,Rupnagar,6,0
2014,S.A.S Nagar,5,0
2014,Sangrur,57,0
2014,"Shahid Bhagat Singh
Nagar",88,0
2014,Sri Muktsar Sahib,242,0
2014,Tarn taran,57,0
2014,Ajmer,729,0
2014,Alwar,2322,1
2014,Banswara,1337,0
2014,Baran,917,1
2014,Barmer,2864,0
2014,Bharatpur,2993,1
2014,Bhilwara,925,2
2014,Bikaner,1983,0
2014,Bundi,892,1
2014,Chittorgarh,835,0
2014,Churu,842,0
2014,Dausa,481,2
2014,Dholpur,1891,0
2014,Dungarpur,735,0
2014,Ganganagar,701,0
2014,Hanumangarh,311,0
2014,Jaipur,1001,0
2014,Jaisalmer,549,0
2014,Jalore,320,0
2014,Jhalawar,176,0
2014,Jhunjhunu,259,0
2014,Jodhpur,1385,0
2014,Karauli,779,0
2014,Kota,391,0
2014,Nagaur,1179,0
2014,Pali,757,0
2014,Pratapgarh,1047,0
2014,Rajsamand,703,2
2014,Sawai Madhopur,850,0
2014,Sikar,237,0
2014,Sirohi,413,0
2014,Tonk,231,0
2014,Udaipur,2104,5
2014,Gangtok,25,0
2014,Gyalshing,10,0
2014,Mangan,1,0
2014,Namchi,3,0
2014,Aranthangi#,12,0
2014,Ariyalur,6,0
2014,Chengalpattu,37,0
2014,Chennai,8537,0
2014,Cheyyar#,69,0
2014,Coimbatore,27,0
2014,Cuddalore,72,0
2014,Dharapuram#,0,0
2014,Dharmapuri,36,0
2014,Dindigul,23,0
2014,Erode,0,0
2014,Kallakurichi,73,0
2014,Kanchipuram,4,0
2014,Kanniyakumari,1172,0
2014,Karur,6,0
2014,Kovilpatti#,120,0
2014,Krishnagiri,19,0
2014,Madurai,93,0
2014,Nagapattinam,72,0
2014,Namakkal,93,0
2014,Palani#,16,0
2014,Paramakudi#,308,0
2014,Perambalur,3,0
2014,Poonamallee#,0,0
2014,Pudukkottai,7,0
2014,Ramanathapuram,2208,0
2014,Salem,30,0
2014,Sivaganga,0,0
2014,Sivakasi#,1,0
2014,Tenkasi,14,0
2014,Thanjavur,116,0
2014,The Nilgiris,2,0
2014,Theni,10,0
2014,Thiruvallur,388,0
2014,Thiruvarur,27,0
2014,Tiruchirappalli,63,0
2014,Tirunelveli,320,0
2014,Tirupathur,103,0
2014,Tiruppur,1,0
2014,Tiruvannamalai,339,0
2014,Tuticorin,147,0
2014,Vellore,411,0
2014,Villupuram,47,0
2014,Virudhunagar,49,0
2014,Dhalai,2561,1
2014,Gomati,1890,1
2014,Khowai,323,0
2014,North Tripura,417,5
2014,Sepahijala,113,0
2014,South Tripura,1811,0
2014,Unakoti,62,0
2014,West Tripura,219,0
2014,Agra,115,0
2014,Aligarh,274,0
2014,Ambedkar Nagar,39,0
2014,Amethi,40,0
2014,Amroha,397,0
2014,Auraiya,797,0
2014,Ayodhya,28,0
2014,Azamgarh,30,0
2014,Baghpat,304,0
2014,Bahraich,63,0
2014,Ballia,2,0
2014,Balrampur,13,0
2014,Banda,851,0
2014,Barabanki,7,0
2014,Bareilly,439,0
2014,Basti,35,0
2014,Bhadohi,1258,0
2014,Bijnor,685,0
2014,Budaun,612,0
2014,Bulandshahr,495,0
2014,Chandauli,136,0
2014,Chitrakoot,720,0
2014,Deoria,14,0
2014,Etah,442,0
2014,Etawah,353,0
2014,Farrukhabad,574,0
2014,Fatehpur,858,0
2014,Firozabad,547,0
2014,Gautam Buddha Nagar,674,0
2014,Ghaziabad,251,0
2014,Ghazipur,64,0
2014,Gonda,57,0
2014,Gorakhpur,2,0
2014,Hamirpur,956,0
2014,Hapur,293,0
2014,Hardoi,76,0
2014,Hathras,278,0
2014,Jalaun,655,0
2014,Jaunpur,241,0
2014,Jhansi,719,0
2014,Kannauj,407,0
2014,Kanpur Dehat,679,0
2014,Kanpur Nagar,356,0
2014,Kasganj,217,0
2014,Kaushambi,253,0
2014,Kheri,276,0
2014,Kushi Nagar,109,0
2014,Lalitpur,470,0
2014,Lucknow,125,0
2014,Maharajganj,30,0
2014,Mahoba,1531,0
2014,Mainpuri,1099,0
2014,Mathura,1044,0
2014,Mau,2,0
2014,Meerut,105,0
2014,Mirzapur,4192,0
2014,Moradabad,286,0
2014,Muzaffarnagar,1594,0
2014,Pilibhit,20,0
2014,Pratapgarh,178,0
2014,Prayagraj,6703,0
2014,Rae Bareli,52,0
2014,Rampur,327,0
2014,Saharanpur,1746,0
2014,Sambhal,104,0
2014,Sant Kabeer Nagar,43,0
2014,Shahjahanpur,14,0
2014,Shamli,1213,0
2014,Shravasti,21,0
2014,Siddharth Nagar,218,0
2014,Sitapur,6,0
2014,Sonbhadra,9997,0
2014,Sultanpur,160,0
2014,Unnao,40,0
2014,Varanasi,335,0
2014,Almora,21,0
2014,Bageshwar,3,0
2014,Chamoli,2,0
2014,Champawat,19,0
2014,Dehradun,720,0
2014,Haridwar,359,0
2014,Nainital,96,0
2014,Pauri Garhwal,36,0
2014,Pithoragarh,0,0
2014,Rudra Prayag,3,0
2014,Tehri Garhwal,7,0
2014,Udam Singh Nagar,160,0
2014,Uttar Kashi,0,0
2014,24 Paraganas North,581,0
2014,24 Paraganas South,624,0
2014,Bankura,988,3
2014,Bardhaman,75,3
2014,Birbhum,140,1
2014,Coochbehar,347,0
2014,Darjeeling,120,0
2014,Dinajpur Dakshin,121,0
2014,Dinajpur Uttar,124,0
2014,Hooghly,164,0
2014,Howrah,1777,0
2014,Jalpaiguri,394,1
2014,KMUHO#,530,0
2014,Kolkata,16828,0
2014,Maldah,1149,1
2014,Medinipur East,253,0
2014,Medinipur West,747,1
2014,Murshidabad,2041,2
2014,Nadia,640,0
2014,OS: (Jharkhand)^,0,1
2014,Purulia,1081,4
2014,Pvt. Hospital & Others#,5993,0
2014,Nicobars,425,0
2014,"North And Middle
Andaman",23,0
2014,South Andamans,109,0
2014,Anantapur,515,0
2014,Chittoor,108,0
2014,East Godavari,5246,0
2014,Guntur,428,0
2014,Krishna,412,0
2014,Kurnool,155,0
2014,Prakasam,499,0
2014,SPSR Nellore,229,0
2014,Srikakulam,903,0
2014,Visakhapatanam,8410,0
2014,Vizianagaram,2778,0
2014,West Godavari,987,0
2014,Y.S.R.,407,0
2014,Anjaw,65,1
2014,Changlang,730,0
2014,Dibang Valley,54,0
2014,East Kameng,313,0
2014,East Siang,610,0
2014,Kurung Kumey,198,0
2014,Lohit,666,1
2014,Longding,444,2
2014,Lower Dibang Valley,680,4
2014,Lower Subansiri,67,0
2014,Papum Pare,259,0
2014,Tirap,406,0
2014,Upper Siang,253,0
2014,Upper Subansiri,700,0
2014,West Kameng,125,0
2014,West Siang,512,1
2014,Baksa,915,2
2014,Barpeta,100,0
2014,Bongaigaon,57,0
2014,Cachar,211,0
2014,Chirang,631,0
2014,Darrang,34,0
2014,Dhemaji,57,0
2014,Dhubri,116,0
2014,Dibrugarh,30,0
2014,Dima Hasao,1581,2
2014,Goalpara,565,0
2014,Golaghat,78,0
2014,Hailakandi,406,0
2014,Jorhat,47,0
2014,Kamrup,181,0
2014,Kamrup Metro,437,3
2014,Karbi Anglong,4182,0
2014,Karimganj,293,2
2014,Kokrajhar,834,0
2014,Lakhimpur,276,0
2014,Marigaon,86,0
2014,Nagaon,134,0
2014,Nalbari,51,0
2014,Sivasagar,39,1
2014,Sonitpur,155,0
2014,Tinsukia,148,0
2014,Udalguri,2896,1
2014,Araria,35,0
2014,Arwal,0,0
2014,Aurangabad,321,0
2014,Banka,42,0
2014,Begusarai,0,0
2014,Bhagalpur,13,0
2014,Bhojpur,0,0
2014,Buxar,0,0
2014,Darbhanga,0,0
2014,Gaya,85,0
2014,Gopalganj,0,0
2014,Jamui,170,0
2014,Jehanabad,8,0
2014,Kaimur (Bhabua),22,0
2014,Katihar,61,0
2014,Khagaria,0,0
2014,Kishanganj,0,0
2014,Lakhisarai,209,0
2014,Madhepura,7,0
2014,Madhubani,92,0
2014,Munger,263,0
2014,Muzaffarpur,0,0
2014,Nalanda,1,0
2014,Nawada,241,0
2014,Pashchim Champaran,0,0
2014,Patna,4,0
2014,Purbi Champaran,0,0
2014,Purnia,279,0
2014,Rohtas,178,0
2014,Saharsa,0,0
2014,Samastipur,3,0
2014,Saran,6,0
2014,Sheikhpura,3,0
2014,Sheohar,0,0
2014,Sitamarhi,0,0
2014,Siwan,0,0
2014,Supaul,0,0
2014,Vaishali,0,0
2014,Chandigarh,114,0
2014,Balod,724,4
2014,Baloda Bazar,574,2
2014,Balrampur,6160,0
2014,Bastar,11490,10
2014,Bemetara,102,0
2014,Bijapur,12515,11
2014,Bilaspur,1159,0
2014,Dantewada,16256,3
2014,Dhamtari,824,1
2014,Durg,2927,0
2014,Gariyaband,2206,0
2014,Janjgir-Champa,889,1
2014,Jashpur,9622,0
2014,Kabirdham,5014,0
2014,Kanker,7877,0
2014,Kondagaon,6087,10
2014,Korba,8411,0
2014,Korea,5719,0
2014,Mahasamund,449,2
2014,Mungeli,322,0
2014,Narayanpur,4265,0
2014,Raigarh,3717,0
2014,Raipur,68,0
2014,RajnandGaon,4483,1
2014,Sukma,10336,4
2014,Surajpur,3419,4
2014,Surguja,3378,0
2014,"Dadra And Nagar
Haveli",669,1
2014,Daman,48,0
2014,Diu,8,0
2014,New Delhi,98,0
2014,North Goa,458,0
2014,South Goa,366,0
2014,Ahmadabad,304,0
2014,Ahmadabad MC#,7152,8
2014,Amreli,826,0
2014,Anand,338,0
2014,Arvalli,126,0
2014,Banas kantha,731,0
2014,Bharuch,581,0
2014,Bhavnagar,333,0
2014,Bhavnagar MC#,182,0
2014,Botad,37,0
2014,Chhotaudepur,932,0
2014,Dang,528,0
2014,Devbhumi Dwarka,137,0
2014,Dohad,4475,0
2014,Gandhinagar,237,0
2014,Gandhinagar MC#,296,0
2014,Gir Somnath,203,0
2014,Jamnagar,281,0
2014,Jamnagar MC#,11,0
2014,Junagadh,471,0
2014,Junagadh MC#,88,2
2014,Kachchh,840,0
2014,Kheda,354,0
2014,Mahesana,671,1
2014,Mahisagar,346,0
2014,Morbi,2978,0
2014,Narmada,236,0
2014,Navsari,742,0
2014,Panch Mahals,1313,0
2014,Patan,850,0
2014,Porbandar,270,0
2014,Rajkot,796,0
2014,Rajkot MC#,106,0
2014,Sabar kantha,467,0
2014,Surat,646,1
2014,Surat MC#,7737,4
2014,Surendranagar,1203,0
2014,Tapi,228,0
2014,Vadodara,509,0
2014,Vadodara MC#,1233,0
2014,Valsad,1814,0
2014,Ambala,83,0
2014,Bhiwani,293,0
2014,Faridabad,135,0
2014,Fatehabad,368,0
2014,Gurugram,79,0
2014,Hisar,577,0
2014,Jhajjar,153,0
2014,Jind,52,0
2014,Kaithal,40,0
2014,Karnal,249,1
2014,Kurukshetra,126,0
2014,Mahendragarh,36,0
2014,Nuh,301,0
2014,Palwal,415,0
2014,Panchkula,121,0
2014,Panipat,109,0
2014,Rewari,22,0
2014,Rohtak,72,0
2014,Sirsa,608,0
2014,Sonipat,87,0
2014,Yamunanagar,559,0
2014,Bilaspur,13,0
2014,Chamba,2,0
2014,Hamirpur,19,0
2014,Kangra,25,0
2014,Kullu,8,0
2014,Mandi,12,0
2014,Shimla,11,0
2014,Sirmaur,2,0
2014,Solan,9,0
2014,Una,1,0
2014,Baramulla,0,0
2014,Doda,0,0
2014,Jammu,101,0
2014,Kargil,0,0
2014,Kathua,42,0
2014,Kishtwar,0,0
2014,Leh Ladakh,0,0
2014,Poonch,48,0
2014,Rajouri,53,0
2014,Ramban,0,0
2014,Reasi,3,0
2014,Samba,15,0
2014,Udhampur,9,0
2014,UMCP Jammu#,20,0
2014,Bokaro,4383,0
2014,Chatra,3229,0
2014,Deoghar,79,0
2014,Dhanbad,2755,0
2014,Dumka,1758,0
2014,East Singhbum,3937,1
2014,Garhwa,6161,0
2014,Giridih,10517,0
2014,Godda,3025,0
2014,Gumla,2411,0
2014,Hazaribagh,5698,0
2014,Jamtara,35,0
2014,Khunti,3214,0
2014,Koderma,1698,0
2014,Latehar,11068,0
2014,Lohardaga,1558,0
2014,Pakur,675,0
2014,Palamu,9910,0
2014,Ramgarh,1549,0
2014,Ranchi,2649,0
2014,Sahebganj,2691,0
2014,Saraikela Kharsawan,3068,1
2014,Simdega,5869,2
2014,West Singhbhum,15798,4
2014,A.M.U. Almatti#,69,0
2014,A.M.U. B. Gudi#,24,0
2014,A.M.U. Kembhavi#,4,0
2014,Bagalkote,678,0
2014,Ballari,148,0
2014,Belagavi,57,0
2014,Bengaluru Rural,6,0
2014,Bengaluru Urban,16,0
2014,Bidar,119,0
2014,Chamarajanagara,68,0
2014,ChikkaBallaPura,9,0
2014,Chikkamagaluru,169,0
2014,Chitradurga,39,0
2014,Dakshina Kannada,8240,2
2014,Davangere,93,0
2014,Dharwad,200,0
2014,Gadag,544,0
2014,Hassan,68,0
2014,Haveri,377,0
2014,Kalaburagi,298,0
2014,Kodagu,32,0
2014,Kolar,52,0
2014,Koppal,580,0
2014,Mandya,27,0
2014,Mysuru,54,0
2014,Raichur,283,0
2014,Ramanagara,26,0
2014,Shivamogga,139,0
2014,Tumakuru,44,0
2014,U.K.P.N. PURA#,145,0
2014,Udupi,1639,0
2014,Uttara Kannada,187,0
2014,Vijayapura,183,0
2014,Yadgir,177,0
2014,Alappuzha,81,0
2014,Ernakulam,152,0
2014,Idukki,30,1
2014,Kannur,186,1
2014,Kasaragod,344,0
2014,Kollam,78,1
2014,Kottayam,51,0
2014,Kozhikode,195,0
2014,Malappuram,230,2
2014,Palakkad,67,0
2014,Pathanamthitta,89,0
2014,Thiruvananthapuram,82,0
2014,Thrissur,148,1
2014,Wayanad,18,0
2014,Lakshadweep District,0,0
2014,Alirajpur,2257,0
2014,Anuppur,1620,0
2014,Ashoknagar,994,0
2014,Balaghat,7601,7
2014,Barwani,922,0
2014,Betul,4246,0
2014,Bhind,3939,0
2014,Bhopal,876,0
2014,Burhanpur,648,0
2014,Chhatarpur,909,0
2014,Chhindwara,4020,0
2014,Damoh,602,0
2014,Datia,1722,0
2014,Dewas,187,0
2014,Dhar,2933,1
2014,Dindori,3243,1
2014,East Nimar,1166,0
2014,Guna,1432,1
2014,Gwalior,1802,0
2014,Harda,276,0
2014,Indore,89,0
2014,Jabalpur,350,0
2014,Jhabua,8705,0
2014,Katni,659,0
2014,Khargone,2203,0
2014,Mandla,3007,2
2014,Mandsaur,264,0
2014,Morena,2156,0
2014,Narmadapuram,2973,0
2014,Narsinghpur,1303,0
2014,Neemuch,103,0
2014,Panna,1332,0
2014,Raisen,870,0
2014,Rajgarh,553,0
2014,Ratlam,2553,0
2014,Rewa,979,0
2014,Sagar,1260,0
2014,Satna,1221,0
2014,Sehore,449,1
2014,Seoni,1569,0
2014,Shahdol,773,0
2014,Shajapur,207,0
2014,Sheopur,4606,6
2014,Shivpuri,7827,0
2014,Sidhi,4315,3
2014,Singrauli,2075,0
2014,Tikamgarh,1220,4
2014,Ujjain,303,0
2014,Umaria,691,0
2014,Vidisha,869,0
2014,Ahmednagar,101,0
2014,Akola,196,0
2014,Amravati,578,0
2014,Aurangabad,91,0
2014,Beed,48,0
2014,Bhandara,93,0
2014,Buldhana,208,0
2014,Chandrapur,1965,5
2014,Dhule,410,1
2014,Gadchiroli,24469,18
2014,Gondia,1465,9
2014,Hingoli,11,0
2014,Jalgaon,312,0
2014,Jalna,14,0
2014,Kolhapur,94,0
2014,Latur,57,1
2014,Mumbai,9068,18
2014,Nagpur,285,0
2014,Nagpur MC#,48,0
2014,Nanded,110,0
2014,Nandurbar,644,1
2014,Nashik,408,0
2014,Osmanabad,11,0
2014,Parbhani,38,0
2014,Pune,231,1
2014,Pune MC#,22,3
2014,Raigad,3254,0
2014,Ratnagiri,309,0
2014,Sangli,92,0
2014,Satara,260,0
2014,Sindhudurg,142,0
2014,Solapur,32,1
2014,Thane,7503,10
2014,Wardha,242,0
2014,Washim,76,0
2014,Yavatmal,498,0
2015,Bishnupur,2,0
2015,Chandel,16,0
2015,Churachandpur,57,0
2015,Imphal East,4,0
2015,Imphal Urban#,2,0
2015,Imphal West,4,0
2015,Jiribam,11,0
2015,Kangpokpi,4,0
2015,Senapati,2,0
2015,Tamenglong,31,0
2015,Thoubal,10,0
2015,Ukhrul,2,0
2015,East Garo Hills,14545,28
2015,East Khasi Hills,426,6
2015,Ri Bhoi,1436,7
2015,South Garo Hills,5417,8
2015,West Garo Hills,11525,6
2015,West Jaintia Hills,1153,6
2015,West Khasi Hills,4666,12
2015,Aizawl,509,2
2015,Aizawl West#,714,5
2015,Champhai,82,2
2015,Kolasib,864,3
2015,Lawngtlai,8890,3
2015,Lunglei,6020,7
2015,Mamit,5066,7
2015,Saiha,822,0
2015,Serchhip,178,2
2015,Mon,48,0
2015,Dimapur,98,0
2015,Kiphire,38,0
2015,Kohima,157,2
2015,Longleng,188,0
2015,Mokokchung,562,0
2015,Peren,70,0
2015,Phek,82,0
2015,Tuensang,106,0
2015,UVBDS Dimapur#,233,0
2015,Wokha,205,0
2015,Zunheboto,149,0
2015,Anugul,27600,7
2015,Balangir,11492,7
2015,Baleshwar,800,2
2015,Bargarh,2135,1
2015,Bhadrak,324,0
2015,Boudh,6835,3
2015,Cuttack,1466,0
2015,Deogarh,5002,2
2015,Dhenkanal,5200,1
2015,Gajapati,8979,0
2015,Ganjam,17492,3
2015,Jagatsinghapur,295,0
2015,Jajapur,894,0
2015,Jharsuguda,1437,1
2015,Kalahandi,29533,6
2015,Kandhamal,30823,7
2015,Kendrapara,181,0
2015,Kendujhar,27822,4
2015,Khordha,991,0
2015,Koraput,37247,4
2015,Malkangiri,18687,10
2015,Mayurbhanj,31563,3
2015,Nabarangpur,20310,5
2015,Nayagarh,7192,1
2015,Nuapada,7060,6
2015,Puri,170,0
2015,Rayagada,41745,5
2015,Sambalpur,20483,1
2015,Sonepur,3202,0
2015,Sundargarh,28075,10
2015,Karaikal,22,0
2015,Mahe,3,0
2015,Pondicherry,50,0
2015,Yanam,4,0
2015,Amritsar,53,0
2015,Barnala,20,0
2015,Bathinda,185,0
2015,Faridkot,106,0
2015,Fatehgarh Sahib,1,0
2015,Fazilka,21,0
2015,Ferozepur,10,0
2015,Gurdaspur,14,0
2015,Hoshiarpur,22,0
2015,Jalandhar,10,0
2015,Kapurthala,2,0
2015,Ludhiana,85,0
2015,Mansa,194,0
2015,Moga,9,0
2015,Pathankot,4,0
2015,Patiala,43,0
2015,Rupnagar,1,0
2015,S.A.S Nagar,7,0
2015,Sangrur,29,0
2015,"Shahid Bhagat Singh
Nagar",29,0
2015,Sri Muktsar Sahib,153,0
2015,Tarn taran,38,0
2015,Ajmer,314,0
2015,Alwar,882,0
2015,Banswara,629,0
2015,Baran,711,0
2015,Barmer,726,0
2015,Bharatpur,891,1
2015,Bhilwara,537,0
2015,Bikaner,648,1
2015,Bundi,384,0
2015,Chittorgarh,529,0
2015,Churu,298,0
2015,Dausa,230,0
2015,Dholpur,670,0
2015,Dungarpur,653,0
2015,Ganganagar,525,0
2015,Hanumangarh,228,0
2015,Jaipur,457,0
2015,Jaisalmer,92,0
2015,Jalore,176,0
2015,Jhalawar,149,0
2015,Jhunjhunu,114,0
2015,Jodhpur,602,0
2015,Karauli,241,1
2015,Kota,411,0
2015,Nagaur,526,0
2015,OS: (Gujarat)^,0,1
2015,Pali,383,0
2015,Pratapgarh,567,0
2015,Rajsamand,743,0
2015,Sawai Madhopur,355,0
2015,Sikar,57,0
2015,Sirohi,170,0
2015,Tonk,140,0
2015,Udaipur,1080,0
2015,Gangtok,19,0
2015,Gyalshing,3,0
2015,Mangan,10,0
2015,Namchi,3,0
2015,Aranthangi#,252,0
2015,Ariyalur,11,0
2015,Chengalpattu,35,0
2015,Chennai,4669,0
2015,Cheyyar#,42,0
2015,Coimbatore,17,0
2015,Cuddalore,57,0
2015,Dharmapuri,90,0
2015,Dindigul,14,0
2015,Erode,0,0
2015,Kallakurichi,21,0
2015,Kanchipuram,9,0
2015,Kanniyakumari,366,0
2015,Karur,6,0
2015,Kovilpatti#,103,0
2015,Krishnagiri,15,0
2015,Madurai,67,0
2015,Nagapattinam,69,0
2015,Namakkal,32,0
2015,Palani#,13,0
2015,Paramakudi#,508,0
2015,Perambalur,4,0
2015,Poonamallee#,0,0
2015,Pudukkottai,16,0
2015,Ramanathapuram,1357,0
2015,Salem,9,0
2015,Sivaganga,1,0
2015,Sivakasi#,3,0
2015,Tenkasi,15,0
2015,Thanjavur,43,0
2015,The Nilgiris,2,0
2015,Theni,13,0
2015,Thiruvallur,157,0
2015,Thiruvarur,15,0
2015,Tiruchirappalli,49,0
2015,Tirunelveli,31,0
2015,Tirupathur,34,0
2015,Tiruppur,12,0
2015,Tiruvannamalai,171,0
2015,Tuticorin,97,0
2015,Vellore,244,0
2015,Villupuram,37,0
2015,Virudhunagar,23,0
2015,Adilabad,1498,0
2015,Hyderabad,116,0
2015,Karimnagar,202,0
2015,Khammam,2990,0
2015,Mahabubnagar,85,0
2015,Medak,54,0
2015,Nalgonda,19,0
2015,Nizamabad,72,0
2015,Ranga Reddy,32,0
2015,Warangal,121,0
2015,Dhalai,21332,53
2015,Gomati,10999,5
2015,Khowai,2394,3
2015,North Tripura,4023,20
2015,Sepahijala,382,1
2015,South Tripura,10449,12
2015,Unakoti,817,1
2015,West Tripura,844,1
2015,Agra,91,0
2015,Aligarh,647,0
2015,Ambedkar Nagar,19,0
2015,Amethi,56,0
2015,Amroha,171,0
2015,Auraiya,313,0
2015,Ayodhya,30,0
2015,Azamgarh,19,0
2015,Baghpat,135,0
2015,Bahraich,17,0
2015,Ballia,1,0
2015,Balrampur,15,0
2015,Banda,430,0
2015,Barabanki,4,0
2015,Bareilly,146,0
2015,Basti,33,0
2015,Bhadohi,1372,0
2015,Bijnor,494,0
2015,Budaun,356,0
2015,Bulandshahr,433,0
2015,Chandauli,78,0
2015,Chitrakoot,764,0
2015,Deoria,15,0
2015,Etah,439,0
2015,Etawah,204,0
2015,Farrukhabad,490,0
2015,Fatehpur,594,0
2015,Firozabad,135,0
2015,Gautam Buddha Nagar,427,0
2015,Ghaziabad,247,0
2015,Ghazipur,51,0
2015,Gonda,42,0
2015,Gorakhpur,1,0
2015,Hamirpur,501,0
2015,Hapur,369,0
2015,Hardoi,47,0
2015,Hathras,277,0
2015,Jalaun,508,0
2015,Jaunpur,324,0
2015,Jhansi,483,0
2015,Kannauj,238,0
2015,Kanpur Dehat,294,0
2015,Kanpur Nagar,166,0
2015,Kasganj,407,0
2015,Kaushambi,445,0
2015,Kheri,372,0
2015,Kushi Nagar,82,0
2015,Lalitpur,331,0
2015,Lucknow,57,0
2015,Maharajganj,21,0
2015,Mahoba,655,0
2015,Mainpuri,107,0
2015,Mathura,124,0
2015,Mau,9,0
2015,Meerut,83,0
2015,Mirzapur,4396,0
2015,Moradabad,168,0
2015,Muzaffarnagar,1440,0
2015,Pilibhit,3,0
2015,Pratapgarh,113,0
2015,Prayagraj,5735,0
2015,Rae Bareli,40,0
2015,Rampur,284,0
2015,Saharanpur,2449,0
2015,Sambhal,164,0
2015,Sant Kabeer Nagar,48,0
2015,Shahjahanpur,18,0
2015,Shamli,466,0
2015,Shravasti,35,0
2015,Siddharth Nagar,258,0
2015,Sitapur,5,0
2015,Sonbhadra,11312,0
2015,Sultanpur,156,0
2015,Unnao,23,0
2015,Varanasi,330,0
2015,Almora,12,0
2015,Bageshwar,2,0
2015,Chamoli,7,0
2015,Champawat,4,0
2015,Dehradun,311,0
2015,Haridwar,617,0
2015,Nainital,92,0
2015,Pauri Garhwal,14,0
2015,Pithoragarh,0,0
2015,Rudra Prayag,0,0
2015,Tehri Garhwal,9,0
2015,Udam Singh Nagar,103,0
2015,Uttar Kashi,0,0
2015,24 Paraganas North,666,0
2015,24 Paraganas South,368,0
2015,Bankura,1339,10
2015,Bardhaman,176,9
2015,Birbhum,230,1
2015,Coochbehar,311,0
2015,Darjeeling,180,0
2015,Dinajpur Dakshin,246,0
2015,Dinajpur Uttar,190,0
2015,Hooghly,229,0
2015,Howrah,1607,1
2015,Jalpaiguri,527,2
2015,KMUHO#,280,0
2015,Kolkata,9445,0
2015,Maldah,1274,3
2015,Medinipur East,283,0
2015,Medinipur West,980,19
2015,Murshidabad,2329,13
2015,Nadia,557,3
2015,OS: (Jharkhand)^,0,1
2015,Purulia,2207,4
2015,Pvt. Hospital & Others#,3060,0
2015,Nicobars,267,0
2015,"North And Middle
Andaman",14,0
2015,South Andamans,128,0
2015,Anantapur,559,0
2015,Chittoor,74,0
2015,East Godavari,6806,0
2015,Guntur,413,0
2015,Krishna,521,0
2015,Kurnool,402,0
2015,Prakasam,466,0
2015,SPSR Nellore,186,0
2015,Srikakulam,1143,0
2015,Visakhapatanam,10197,0
2015,Vizianagaram,3241,0
2015,West Godavari,682,0
2015,Y.S.R.,352,0
2015,Anjaw,29,0
2015,Changlang,587,2
2015,Dibang Valley,16,0
2015,East Kameng,240,0
2015,East Siang,501,0
2015,Kurung Kumey,87,0
2015,Lohit,610,0
2015,Longding,210,0
2015,Lower Dibang Valley,467,4
2015,Lower Subansiri,81,1
2015,Papum Pare,303,0
2015,Tirap,784,0
2015,Upper Siang,101,0
2015,Upper Subansiri,507,0
2015,West Kameng,78,0
2015,West Siang,487,0
2015,Baksa,883,0
2015,Barpeta,75,0
2015,Bongaigaon,60,1
2015,Cachar,167,0
2015,Chirang,1185,0
2015,Darrang,27,0
2015,Dhemaji,65,0
2015,Dhubri,90,0
2015,Dibrugarh,42,0
2015,Dima Hasao,1107,1
2015,Goalpara,732,0
2015,Golaghat,54,0
2015,Hailakandi,249,0
2015,Jorhat,42,0
2015,Kamrup,195,1
2015,Kamrup Metro,106,0
2015,Karbi Anglong,3695,1
2015,Karimganj,230,0
2015,Kokrajhar,3140,0
2015,Lakhimpur,202,0
2015,Marigaon,106,0
2015,Nagaon,289,0
2015,Nalbari,34,0
2015,Sivasagar,22,0
2015,Sonitpur,192,0
2015,Tinsukia,176,0
2015,Udalguri,2392,0
2015,Araria,33,0
2015,Arwal,0,0
2015,Aurangabad,485,1
2015,Banka,7,0
2015,Begusarai,1,0
2015,Bhagalpur,16,0
2015,Bhojpur,7,0
2015,Buxar,0,0
2015,Darbhanga,0,0
2015,Gaya,1284,0
2015,Gopalganj,1,0
2015,Jamui,215,0
2015,Jehanabad,0,0
2015,Kaimur (Bhabua),1,0
2015,Katihar,97,0
2015,Khagaria,0,0
2015,Kishanganj,0,0
2015,Lakhisarai,117,0
2015,Madhepura,12,0
2015,Madhubani,54,0
2015,Munger,957,0
2015,Muzaffarpur,0,0
2015,Nalanda,6,0
2015,Nawada,146,0
2015,Pashchim Champaran,0,0
2015,Patna,13,0
2015,Purbi Champaran,0,0
2015,Purnia,129,0
2015,Rohtas,403,0
2015,Saharsa,2,0
2015,Samastipur,5,0
2015,Saran,7,0
2015,Sheikhpura,3,0
2015,Sheohar,0,0
2015,Sitamarhi,0,0
2015,Siwan,0,0
2015,Supaul,5,0
2015,Vaishali,0,0
2015,Chandigarh,152,1
2015,Balod,1258,4
2015,Baloda Bazar,1515,0
2015,Balrampur,8460,0
2015,Bastar,11480,4
2015,Bemetara,101,0
2015,Bijapur,17761,2
2015,Bilaspur,969,0
2015,Dantewada,17955,3
2015,Dhamtari,1772,2
2015,Durg,2287,1
2015,Gariyaband,2088,0
2015,Janjgir-Champa,588,1
2015,Jashpur,7445,0
2015,Kabirdham,7175,0
2015,Kanker,12818,0
2015,Kondagaon,9102,3
2015,Korba,5169,0
2015,Korea,5034,0
2015,Mahasamund,774,0
2015,Mungeli,406,0
2015,Narayanpur,4659,0
2015,Raigarh,2046,1
2015,Raipur,99,0
2015,RajnandGaon,3460,0
2015,Sukma,16238,0
2015,Surajpur,2355,0
2015,Surguja,1872,0
2015,"Dadra And Nagar
Haveli",418,0
2015,Daman,73,0
2015,Diu,11,0
2015,New Delhi,54,0
2015,North Goa,379,0
2015,South Goa,272,1
2015,Ahmadabad,252,1
2015,Ahmadabad MC#,7354,5
2015,Amreli,983,0
2015,Anand,727,0
2015,Arvalli,167,0
2015,Banas kantha,1061,0
2015,Bharuch,494,0
2015,Bhavnagar,350,0
2015,Bhavnagar MC#,219,0
2015,Botad,60,0
2015,Chhotaudepur,1291,0
2015,Dang,325,0
2015,Devbhumi Dwarka,98,0
2015,Dohad,4344,0
2015,Gandhinagar,205,0
2015,Gandhinagar MC#,114,0
2015,Gir Somnath,422,0
2015,Jamnagar,278,0
2015,Jamnagar MC#,11,0
2015,Junagadh,518,0
2015,Junagadh MC#,91,0
2015,Kachchh,932,0
2015,Kheda,510,0
2015,Mahesana,468,0
2015,Mahisagar,357,0
2015,Morbi,1426,0
2015,Narmada,278,0
2015,Navsari,1026,0
2015,Panch Mahals,1524,0
2015,Patan,679,0
2015,Porbandar,228,0
2015,Rajkot,782,0
2015,Rajkot MC#,196,0
2015,Sabar kantha,774,0
2015,Surat,761,0
2015,Surat MC#,7513,1
2015,Surendranagar,1254,0
2015,Tapi,198,0
2015,Vadodara,663,0
2015,Vadodara MC#,1786,0
2015,Valsad,847,0
2015,Ambala,112,0
2015,Bhiwani,143,0
2015,Faridabad,109,0
2015,Fatehabad,107,0
2015,Gurugram,66,0
2015,Hisar,199,0
2015,Jhajjar,82,0
2015,Jind,45,0
2015,Kaithal,22,0
2015,Karnal,255,0
2015,Kurukshetra,195,0
2015,Mahendragarh,32,0
2015,Nuh,6380,3
2015,Palwal,406,0
2015,Panchkula,104,0
2015,Panipat,91,0
2015,Rewari,32,0
2015,Rohtak,92,0
2015,Sirsa,150,0
2015,Sonipat,82,0
2015,Yamunanagar,604,0
2015,Bilaspur,6,0
2015,Chamba,2,0
2015,Hamirpur,23,0
2015,Kangra,17,0
2015,Kullu,3,0
2015,Mandi,1,0
2015,Shimla,7,0
2015,Sirmaur,0,0
2015,Solan,1,0
2015,Una,0,0
2015,Baramulla,0,0
2015,Doda,2,0
2015,Jammu,74,0
2015,Kathua,36,0
2015,Kishtwar,0,0
2015,Poonch,42,0
2015,Rajouri,20,0
2015,Ramban,2,0
2015,Reasi,9,0
2015,Samba,8,0
2015,Udhampur,3,0
2015,UMCP Jammu#,20,0
2015,Bokaro,5088,0
2015,Chatra,3409,0
2015,Deoghar,120,0
2015,Dhanbad,2354,0
2015,Dumka,2891,1
2015,East Singhbum,3162,1
2015,Garhwa,3116,0
2015,Giridih,7222,0
2015,Godda,5368,0
2015,Gumla,2657,0
2015,Hazaribagh,4924,0
2015,Jamtara,35,0
2015,Khunti,3886,0
2015,Koderma,1449,0
2015,Latehar,13149,1
2015,Lohardaga,2131,0
2015,Pakur,1592,0
2015,Palamu,8925,1
2015,Ramgarh,1835,0
2015,Ranchi,3305,0
2015,Sahebganj,3511,0
2015,Saraikela Kharsawan,2913,0
2015,Simdega,5012,0
2015,West Singhbhum,16746,2
2015,A.M.U. Almatti#,94,0
2015,A.M.U. B. Gudi#,7,0
2015,A.M.U. Kembhavi#,7,0
2015,Bagalkote,1043,0
2015,Ballari,147,0
2015,Belagavi,59,0
2015,Bengaluru Rural,3,0
2015,Bengaluru Urban,13,0
2015,Bidar,126,0
2015,Chamarajanagara,36,0
2015,ChikkaBallaPura,8,0
2015,Chikkamagaluru,81,0
2015,Chitradurga,22,0
2015,Dakshina Kannada,6480,0
2015,Davangere,37,0
2015,Dharwad,96,0
2015,Gadag,361,0
2015,Hassan,29,0
2015,Haveri,258,0
2015,Kalaburagi,310,0
2015,Kodagu,28,0
2015,Kolar,33,0
2015,Koppal,508,0
2015,Mandya,11,0
2015,Mysuru,34,0
2015,Raichur,210,0
2015,Ramanagara,9,0
2015,Shivamogga,117,0
2015,Tumakuru,68,0
2015,U.K.P.N. PURA#,328,0
2015,Udupi,1366,0
2015,Uttara Kannada,86,0
2015,Vijayapura,172,0
2015,Yadgir,258,0
2015,Alappuzha,83,0
2015,Ernakulam,184,0
2015,Idukki,61,1
2015,Kannur,154,0
2015,Kasaragod,251,0
2015,Kollam,82,1
2015,Kottayam,69,0
2015,Kozhikode,124,1
2015,Malappuram,156,1
2015,Palakkad,44,0
2015,Pathanamthitta,60,0
2015,Thiruvananthapuram,135,0
2015,Thrissur,126,0
2015,Wayanad,20,0
2015,Lakshadweep District,4,0
2015,Agar Malwa,150,0
2015,Alirajpur,3154,0
2015,Anuppur,2007,0
2015,Ashoknagar,1023,0
2015,Balaghat,5004,0
2015,Barwani,1198,0
2015,Betul,3600,0
2015,Bhind,3313,0
2015,Bhopal,1172,0
2015,Burhanpur,554,0
2015,Chhatarpur,421,0
2015,Chhindwara,3254,0
2015,Damoh,767,0
2015,Datia,873,0
2015,Dewas,239,0
2015,Dhar,4328,0
2015,Dindori,4845,5
2015,East Nimar,1110,0
2015,Guna,1351,0
2015,Gwalior,3443,0
2015,Harda,415,1
2015,Indore,91,1
2015,Jabalpur,374,0
2015,Jhabua,11617,3
2015,Katni,898,0
2015,Khargone,2362,0
2015,Mandla,4592,6
2015,Mandsaur,389,0
2015,Morena,2212,0
2015,Narmadapuram,1672,0
2015,Narsinghpur,1248,1
2015,Neemuch,102,0
2015,Panna,1582,0
2015,Raisen,1143,0
2015,Rajgarh,631,0
2015,Ratlam,2824,0
2015,Rewa,1386,0
2015,Sagar,1395,1
2015,Satna,1660,0
2015,Sehore,711,0
2015,Seoni,1199,1
2015,Shahdol,1441,0
2015,Shajapur,106,0
2015,Sheopur,5972,0
2015,Shivpuri,5017,2
2015,Sidhi,2920,3
2015,Singrauli,1660,0
2015,Tikamgarh,1354,0
2015,Ujjain,273,0
2015,Umaria,909,0
2015,Vidisha,636,0
2015,Ahmednagar,55,0
2015,Akola,179,0
2015,Amravati,421,0
2015,Aurangabad,69,0
2015,Beed,28,0
2015,Bhandara,93,0
2015,Buldhana,134,0
2015,Chandrapur,2266,2
2015,Dhule,232,0
2015,Gadchiroli,34206,11
2015,Gondia,1415,5
2015,Hingoli,3,0
2015,Jalgaon,200,0
2015,Jalna,5,0
2015,Kolhapur,287,0
2015,Latur,54,0
2015,Mumbai,7517,16
2015,Nagpur,211,0
2015,Nagpur MC#,46,0
2015,Nanded,77,0
2015,Nandurbar,633,1
2015,Nashik,231,1
2015,Osmanabad,16,0
2015,Parbhani,19,1
2015,Pune,198,1
2015,Pune MC#,10,0
2015,Raigad,2212,2
2015,Ratnagiri,125,1
2015,Sangli,64,0
2015,Satara,171,0
2015,Sindhudurg,132,1
2015,Solapur,28,0
2015,Thane,4879,15
2015,Wardha,109,2
2015,Washim,37,0
2015,Yavatmal,241,0
2016,Bishnupur,4,0
2016,Chandel,2,0
2016,Churachandpur,141,0
2016,Imphal East,2,0
2016,Imphal Urban#,3,0
2016,Imphal West,2,0
2016,Jiribam,3,0
2016,Kangpokpi,5,0
2016,Senapati,0,0
2016,Tamenglong,13,0
2016,Tengnoupal,22,0
2016,Thoubal,9,0
2016,Ukhrul,10,0
2016,East Garo Hills,20090,25
2016,East Khasi Hills,297,2
2016,Ri Bhoi,2369,3
2016,South Garo Hills,9459,17
2016,West Garo Hills,11843,19
2016,West Jaintia Hills,2356,9
2016,West Khasi Hills,2189,4
2016,Aizawl,485,1
2016,Aizawl West#,852,3
2016,Champhai,75,1
2016,Kolasib,936,1
2016,Lawngtlai,8486,1
2016,Lunglei,7745,4
2016,Mamit,8766,5
2016,Saiha,1087,3
2016,Serchhip,161,2
2016,Mon,32,0
2016,Dimapur,77,0
2016,Kiphire,69,0
2016,Kohima,132,1
2016,Longleng,157,0
2016,Mokokchung,375,0
2016,Peren,54,1
2016,Phek,21,0
2016,Tuensang,83,0
2016,UVBDS Dimapur#,260,1
2016,Wokha,191,0
2016,Zunheboto,76,0
2016,Anugul,29853,7
2016,Balangir,8841,6
2016,Baleshwar,633,1
2016,Bargarh,3069,0
2016,Bhadrak,371,0
2016,Boudh,5831,2
2016,Cuttack,2026,0
2016,Deogarh,4555,1
2016,Dhenkanal,4542,0
2016,Gajapati,11467,0
2016,Ganjam,15350,2
2016,Jagatsinghapur,262,0
2016,Jajapur,842,0
2016,Jharsuguda,1504,3
2016,Kalahandi,31739,5
2016,Kandhamal,37368,5
2016,Kendrapara,166,0
2016,Kendujhar,28158,3
2016,Khordha,1396,0
2016,Koraput,35712,2
2016,Malkangiri,29610,9
2016,Mayurbhanj,29764,2
2016,Nabarangpur,21932,4
2016,Nayagarh,9277,1
2016,Nuapada,5974,5
2016,Puri,205,0
2016,Rayagada,68791,10
2016,Sambalpur,16885,2
2016,Sonepur,3530,0
2016,Sundargarh,27197,10
2016,Karaikal,9,0
2016,Mahe,0,0
2016,Pondicherry,41,0
2016,Yanam,4,1
2016,Amritsar,34,0
2016,Barnala,15,0
2016,Bathinda,55,0
2016,Faridkot,41,0
2016,Fatehgarh Sahib,2,0
2016,Fazilka,19,0
2016,Ferozepur,19,0
2016,Gurdaspur,10,0
2016,Hoshiarpur,22,0
2016,Jalandhar,19,0
2016,Kapurthala,3,0
2016,Ludhiana,59,0
2016,Mansa,92,0
2016,Moga,2,0
2016,Pathankot,7,0
2016,Patiala,65,0
2016,Rupnagar,5,0
2016,S.A.S Nagar,1,0
2016,Sangrur,11,0
2016,"Shahid Bhagat Singh
Nagar",58,0
2016,Sri Muktsar Sahib,29,0
2016,Tarn taran,28,0
2016,Ajmer,261,0
2016,Alwar,559,0
2016,Banswara,641,0
2016,Baran,760,0
2016,Barmer,330,0
2016,Bharatpur,1200,0
2016,Bhilwara,451,0
2016,Bikaner,413,0
2016,Bundi,256,0
2016,Chittorgarh,486,0
2016,Churu,178,0
2016,Dausa,104,0
2016,Dholpur,147,0
2016,Dungarpur,600,0
2016,Ganganagar,322,0
2016,Hanumangarh,111,0
2016,Jaipur,354,1
2016,Jaisalmer,94,0
2016,Jalore,98,0
2016,Jhalawar,106,0
2016,Jhunjhunu,72,0
2016,Jodhpur,338,0
2016,Karauli,68,0
2016,Kota,462,1
2016,Nagaur,345,0
2016,Pali,381,0
2016,Pratapgarh,381,0
2016,Rajsamand,599,1
2016,Sawai Madhopur,161,0
2016,Sikar,65,0
2016,Sirohi,177,0
2016,Tonk,78,0
2016,Udaipur,1198,0
2016,Gangtok,17,0
2016,Gyalshing,1,0
2016,Mangan,6,0
2016,Namchi,3,0
2016,Aranthangi#,50,0
2016,Ariyalur,4,0
2016,Chengalpattu,14,0
2016,Chennai,3338,0
2016,Cheyyar#,20,0
2016,Coimbatore,7,0
2016,Cuddalore,23,0
2016,Dharmapuri,332,0
2016,Dindigul,10,0
2016,Erode,0,0
2016,Kallakurichi,12,0
2016,Kanchipuram,7,0
2016,Kanniyakumari,201,0
2016,Karur,4,0
2016,Kovilpatti#,24,0
2016,Krishnagiri,10,0
2016,Madurai,39,0
2016,Nagapattinam,35,0
2016,Namakkal,16,0
2016,Palani#,7,0
2016,Paramakudi#,43,0
2016,Perambalur,11,0
2016,Poonamallee#,2,0
2016,Pudukkottai,4,0
2016,Ramanathapuram,676,0
2016,Salem,12,0
2016,Sivaganga,0,0
2016,Sivakasi#,0,0
2016,Tenkasi,14,0
2016,Thanjavur,29,0
2016,The Nilgiris,0,0
2016,Theni,13,0
2016,Thiruvallur,28,0
2016,Thiruvarur,10,0
2016,Tiruchirappalli,27,0
2016,Tirunelveli,9,0
2016,Tirupathur,35,0
2016,Tiruppur,0,0
2016,Tiruvannamalai,151,0
2016,Tuticorin,117,0
2016,Vellore,199,0
2016,Villupuram,31,0
2016,Virudhunagar,23,0
2016,Adilabad,7874,2
2016,Hyderabad,138,0
2016,Karimnagar,215,1
2016,Khammam,1822,0
2016,Mahabubnagar,53,0
2016,Medak,61,0
2016,Nalgonda,8,0
2016,Nizamabad,75,0
2016,Ranga Reddy,36,0
2016,Warangal,669,1
2016,Dhalai,10450,13
2016,Gomati,3859,0
2016,Khowai,1651,2
2016,North Tripura,5648,2
2016,Sepahijala,336,0
2016,South Tripura,9102,1
2016,Unakoti,913,3
2016,West Tripura,566,0
2016,Agra,97,0
2016,Aligarh,887,0
2016,Ambedkar Nagar,16,0
2016,Amethi,100,0
2016,Amroha,220,0
2016,Auraiya,356,0
2016,Ayodhya,10,0
2016,Azamgarh,21,0
2016,Baghpat,236,0
2016,Bahraich,22,0
2016,Ballia,3,0
2016,Balrampur,6,0
2016,Banda,500,0
2016,Barabanki,2,0
2016,Bareilly,172,0
2016,Basti,16,0
2016,Bhadohi,1487,0
2016,Bijnor,528,0
2016,Budaun,783,0
2016,Bulandshahr,324,0
2016,Chandauli,63,0
2016,Chitrakoot,536,0
2016,Deoria,9,0
2016,Etah,750,0
2016,Etawah,228,0
2016,Farrukhabad,757,0
2016,Fatehpur,663,0
2016,Firozabad,190,0
2016,Gautam Buddha Nagar,299,0
2016,Ghaziabad,189,0
2016,Ghazipur,112,0
2016,Gonda,56,0
2016,Gorakhpur,5,0
2016,Hamirpur,434,0
2016,Hapur,344,0
2016,Hardoi,88,0
2016,Hathras,270,0
2016,Jalaun,264,0
2016,Jaunpur,221,0
2016,Jhansi,392,0
2016,Kannauj,284,0
2016,Kanpur Dehat,221,0
2016,Kanpur Nagar,165,0
2016,Kasganj,251,0
2016,Kaushambi,344,0
2016,Kheri,280,0
2016,Kushi Nagar,116,0
2016,Lalitpur,253,0
2016,Lucknow,80,0
2016,Maharajganj,5,0
2016,Mahoba,348,0
2016,Mainpuri,72,0
2016,Mathura,115,0
2016,Mau,0,0
2016,Meerut,194,0
2016,Mirzapur,4658,0
2016,Moradabad,293,0
2016,Muzaffarnagar,2795,0
2016,Pilibhit,0,0
2016,Pratapgarh,116,0
2016,Prayagraj,7288,0
2016,Rae Bareli,26,0
2016,Rampur,474,0
2016,Saharanpur,3085,0
2016,Sambhal,400,0
2016,Sant Kabeer Nagar,34,0
2016,Shahjahanpur,27,0
2016,Shamli,956,0
2016,Shravasti,25,0
2016,Siddharth Nagar,250,0
2016,Sitapur,8,0
2016,Sonbhadra,7357,0
2016,Sultanpur,192,0
2016,Unnao,22,0
2016,Varanasi,377,0
2016,Almora,0,0
2016,Bageshwar,1,0
2016,Chamoli,6,0
2016,Champawat,0,0
2016,Dehradun,359,0
2016,Haridwar,663,0
2016,Nainital,202,0
2016,Pauri Garhwal,118,0
2016,Pithoragarh,0,0
2016,Rudra Prayag,9,0
2016,Tehri Garhwal,7,0
2016,Udam Singh Nagar,101,0
2016,Uttar Kashi,0,0
2016,24 Paraganas North,536,1
2016,24 Paraganas South,385,0
2016,Bankura,941,9
2016,Bardhaman,175,1
2016,Birbhum,316,1
2016,Coochbehar,316,0
2016,Darjeeling,115,0
2016,Dinajpur Dakshin,335,0
2016,Dinajpur Uttar,164,0
2016,Hooghly,230,1
2016,Howrah,946,1
2016,Jalpaiguri,571,1
2016,KMUHO#,155,1
2016,Kolkata,9428,0
2016,Maldah,1685,0
2016,Medinipur East,214,0
2016,Medinipur West,903,10
2016,Murshidabad,2177,0
2016,Nadia,408,0
2016,Purulia,3775,8
2016,Pvt. Hospital & Others#,433,0
2016,Nicobars,367,0
2016,"North And Middle
Andaman",18,0
2016,South Andamans,100,0
2016,Anantapur,757,0
2016,Chittoor,141,0
2016,East Godavari,9048,0
2016,Guntur,369,0
2016,Krishna,704,0
2016,Kurnool,420,0
2016,Prakasam,305,0
2016,SPSR Nellore,149,0
2016,Srikakulam,693,0
2016,Visakhapatanam,6492,0
2016,Vizianagaram,2939,0
2016,West Godavari,730,0
2016,Y.S.R.,866,0
2016,Anjaw,12,0
2016,Changlang,201,0
2016,Dibang Valley,2,0
2016,East Kameng,275,0
2016,East Siang,374,1
2016,Kra Daadi,4,0
2016,Kurung Kumey,43,0
2016,Lohit,168,0
2016,Longding,165,0
2016,Lower Dibang Valley,252,0
2016,Lower Subansiri,34,0
2016,Namsai,422,1
2016,Papum Pare,75,0
2016,Siang,35,0
2016,Tirap,276,0
2016,Upper Siang,48,0
2016,Upper Subansiri,500,0
2016,West Kameng,77,0
2016,West Siang,165,0
2016,Baksa,422,0
2016,Barpeta,52,0
2016,Bongaigaon,44,0
2016,Cachar,76,0
2016,Chirang,630,1
2016,Darrang,19,0
2016,Dhemaji,14,0
2016,Dhubri,53,0
2016,Dibrugarh,9,0
2016,Dima Hasao,692,0
2016,Goalpara,402,0
2016,Golaghat,18,2
2016,Hailakandi,141,0
2016,Jorhat,28,0
2016,Kamrup,88,0
2016,Kamrup Metro,33,0
2016,Karbi Anglong,2364,0
2016,Karimganj,178,0
2016,Kokrajhar,469,3
2016,Lakhimpur,34,0
2016,Marigaon,54,0
2016,Nagaon,69,0
2016,Nalbari,16,0
2016,Sivasagar,19,0
2016,Sonitpur,70,0
2016,Tinsukia,51,0
2016,Udalguri,1781,0
2016,Araria,6,0
2016,Arwal,9,0
2016,Aurangabad,378,0
2016,Banka,5,0
2016,Begusarai,0,0
2016,Bhagalpur,22,0
2016,Bhojpur,5,0
2016,Buxar,0,0
2016,Darbhanga,0,0
2016,Gaya,2584,0
2016,Gopalganj,16,0
2016,Jamui,580,0
2016,Jehanabad,0,0
2016,Kaimur (Bhabua),146,0
2016,Katihar,87,0
2016,Khagaria,13,0
2016,Kishanganj,2,0
2016,Lakhisarai,60,0
2016,Madhepura,48,0
2016,Madhubani,58,0
2016,Munger,678,0
2016,Muzaffarpur,0,0
2016,Nalanda,9,0
2016,Nawada,192,0
2016,Pashchim Champaran,0,0
2016,Patna,6,0
2016,Purbi Champaran,0,0
2016,Purnia,65,0
2016,Rohtas,196,0
2016,Saharsa,0,0
2016,Samastipur,0,0
2016,Saran,6,0
2016,Sheikhpura,12,0
2016,Sheohar,0,0
2016,Sitamarhi,0,0
2016,Siwan,0,0
2016,Supaul,6,0
2016,Vaishali,0,0
2016,Chandigarh,157,0
2016,Balod,660,2
2016,Baloda Bazar,867,0
2016,Balrampur,8829,0
2016,Bastar,14599,21
2016,Bemetara,67,0
2016,Bijapur,18794,13
2016,Bilaspur,1586,0
2016,Dantewada,17192,13
2016,Dhamtari,1713,2
2016,Durg,2186,0
2016,Gariyaband,2366,2
2016,Janjgir-Champa,936,3
2016,Jashpur,7521,0
2016,Kabirdham,9194,3
2016,Kanker,6554,0
2016,Kondagaon,9518,2
2016,Korba,5605,0
2016,Korea,4721,0
2016,Mahasamund,1074,0
2016,Mungeli,505,0
2016,Narayanpur,6464,0
2016,Raigarh,2442,0
2016,Raipur,105,0
2016,RajnandGaon,4322,0
2016,Sukma,15908,0
2016,Surajpur,2555,0
2016,Surguja,1937,0
2016,"Dadra And Nagar
Haveli",375,0
2016,Daman,43,0
2016,Diu,5,0
2016,New Delhi,31,0
2016,North Goa,554,0
2016,South Goa,188,0
2016,Ahmadabad,280,0
2016,Ahmadabad MC#,11089,3
2016,Amreli,921,0
2016,Anand,822,0
2016,Arvalli,176,0
2016,Banas kantha,1168,0
2016,Bharuch,426,0
2016,Bhavnagar,263,0
2016,Bhavnagar MC#,210,0
2016,Botad,54,0
2016,Chhotaudepur,1111,0
2016,Dang,293,0
2016,Devbhumi Dwarka,58,0
2016,Dohad,2819,0
2016,Gandhinagar,169,1
2016,Gandhinagar MC#,100,0
2016,Gir Somnath,249,0
2016,Jamnagar,223,0
2016,Jamnagar MC#,13,0
2016,Junagadh,386,0
2016,Junagadh MC#,47,0
2016,Kachchh,974,0
2016,Kheda,514,0
2016,Mahesana,454,0
2016,Mahisagar,298,0
2016,Morbi,1035,0
2016,Narmada,218,0
2016,Navsari,956,0
2016,Panch Mahals,1822,0
2016,Patan,808,0
2016,Porbandar,188,0
2016,Rajkot,458,0
2016,Rajkot MC#,178,0
2016,Sabar kantha,557,1
2016,Surat,713,0
2016,Surat MC#,9331,1
2016,Surendranagar,2265,0
2016,Tapi,217,0
2016,Vadodara,536,0
2016,Vadodara MC#,2098,0
2016,Valsad,286,0
2016,Ambala,81,0
2016,Bhiwani,211,0
2016,Faridabad,152,0
2016,Fatehabad,59,0
2016,Gurugram,38,0
2016,Hisar,197,0
2016,Jhajjar,88,0
2016,Jind,17,0
2016,Kaithal,16,0
2016,Karnal,167,0
2016,Kurukshetra,138,0
2016,Mahendragarh,24,0
2016,Nuh,5075,0
2016,Palwal,509,0
2016,Panchkula,179,0
2016,Panipat,127,0
2016,Rewari,20,0
2016,Rohtak,105,0
2016,Sirsa,112,0
2016,Sonipat,43,0
2016,Yamunanagar,508,0
2016,Bilaspur,0,0
2016,Chamba,2,0
2016,Hamirpur,32,0
2016,Kangra,15,0
2016,Kullu,14,0
2016,Mandi,6,0
2016,Shimla,0,0
2016,Sirmaur,1,0
2016,Solan,36,0
2016,Una,0,0
2016,Baramulla,0,0
2016,Doda,1,0
2016,Jammu,85,0
2016,Kathua,25,0
2016,Kishtwar,0,0
2016,Poonch,53,0
2016,Rajouri,34,0
2016,Ramban,1,0
2016,Reasi,6,0
2016,Samba,8,0
2016,Udhampur,6,0
2016,UMCP Jammu#,23,0
2016,Bokaro,2688,0
2016,Chatra,4032,0
2016,Deoghar,102,0
2016,Dhanbad,1261,0
2016,Dumka,6164,2
2016,East Singhbum,7986,10
2016,Garhwa,5287,2
2016,Giridih,8002,0
2016,Godda,5651,0
2016,Gumla,4315,0
2016,Hazaribagh,4627,0
2016,Jamtara,55,0
2016,Khunti,4645,0
2016,Koderma,1139,0
2016,Latehar,12971,1
2016,Lohardaga,2306,0
2016,Pakur,8262,0
2016,Palamu,9174,0
2016,Ramgarh,1105,0
2016,Ranchi,2474,0
2016,Sahebganj,5275,0
2016,Saraikela Kharsawan,5718,0
2016,Simdega,7204,0
2016,West Singhbhum,30971,0
2016,A.M.U. Almatti#,36,0
2016,A.M.U. B. Gudi#,5,0
2016,A.M.U. Kembhavi#,0,0
2016,Bagalkote,350,0
2016,Ballari,71,0
2016,BBMP#,461,0
2016,Belagavi,43,0
2016,Bengaluru Rural,13,0
2016,Bengaluru Urban,13,0
2016,Bidar,74,0
2016,Chamarajanagara,28,0
2016,ChikkaBallaPura,5,0
2016,Chikkamagaluru,33,0
2016,Chitradurga,15,0
2016,Dakshina Kannada,6409,0
2016,Davangere,26,0
2016,Dharwad,78,0
2016,Gadag,204,0
2016,Hassan,21,0
2016,Haveri,154,0
2016,Kalaburagi,619,0
2016,Kodagu,16,0
2016,Kolar,14,0
2016,Koppal,382,0
2016,Mandya,74,0
2016,Mysuru,51,0
2016,Raichur,110,0
2016,Ramanagara,8,0
2016,Shivamogga,70,0
2016,Tumakuru,57,0
2016,U.K.P.N. PURA#,179,0
2016,Udupi,1168,0
2016,Uttara Kannada,64,0
2016,Vijayapura,90,0
2016,Yadgir,137,0
2016,Alappuzha,49,0
2016,Ernakulam,156,0
2016,Idukki,41,0
2016,Kannur,156,0
2016,Kasaragod,306,0
2016,Kollam,59,0
2016,Kottayam,49,0
2016,Kozhikode,168,1
2016,Malappuram,170,0
2016,Palakkad,43,0
2016,Pathanamthitta,80,0
2016,Thiruvananthapuram,114,1
2016,Thrissur,125,0
2016,Wayanad,31,0
2016,Lakshadweep District,2,0
2016,Agar Malwa,131,0
2016,Alirajpur,1602,0
2016,Anuppur,1223,0
2016,Ashoknagar,1175,0
2016,Balaghat,3111,0
2016,Barwani,522,0
2016,Betul,1946,0
2016,Bhind,3432,0
2016,Bhopal,1005,0
2016,Burhanpur,236,0
2016,Chhatarpur,356,0
2016,Chhindwara,2060,0
2016,Damoh,531,0
2016,Datia,465,0
2016,Dewas,339,0
2016,Dhar,2100,0
2016,Dindori,3456,0
2016,East Nimar,541,0
2016,Guna,1227,0
2016,Gwalior,2498,0
2016,Harda,313,0
2016,Indore,62,0
2016,Jabalpur,372,1
2016,Jhabua,7306,1
2016,Katni,641,0
2016,Khargone,1142,0
2016,Mandla,1419,0
2016,Mandsaur,351,0
2016,Morena,1394,0
2016,Narmadapuram,1139,0
2016,Narsinghpur,869,0
2016,Neemuch,364,0
2016,Panna,1493,0
2016,Raisen,927,1
2016,Rajgarh,874,0
2016,Ratlam,1872,0
2016,Rewa,1426,0
2016,Sagar,830,0
2016,Satna,1451,0
2016,Sehore,531,0
2016,Seoni,601,0
2016,Shahdol,590,0
2016,Shajapur,137,0
2016,Sheopur,3831,0
2016,Shivpuri,3885,0
2016,Sidhi,2473,0
2016,Singrauli,1706,0
2016,Tikamgarh,1327,0
2016,Ujjain,472,0
2016,Umaria,720,0
2016,Vidisha,632,0
2016,Ahmednagar,24,0
2016,Akola,92,0
2016,Amravati,260,0
2016,Aurangabad,29,0
2016,Beed,34,0
2016,Bhandara,76,0
2016,Buldhana,64,0
2016,Chandrapur,802,2
2016,Dhule,127,0
2016,Gadchiroli,9163,4
2016,Gondia,920,1
2016,Hingoli,4,0
2016,Jalgaon,64,0
2016,Jalna,0,0
2016,Kolhapur,120,0
2016,Latur,37,0
2016,Mumbai,5845,12
2016,Nagpur,125,0
2016,Nagpur MC#,24,0
2016,Nanded,48,0
2016,Nandurbar,295,0
2016,Nashik,109,0
2016,Osmanabad,11,0
2016,Palghar,623,1
2016,Parbhani,11,0
2016,Pune,136,1
2016,Pune MC#,14,0
2016,Raigad,1300,0
2016,Ratnagiri,95,0
2016,Sangli,53,0
2016,Satara,139,0
2016,Sindhudurg,135,0
2016,Solapur,23,0
2016,Thane,2989,5
2016,Wardha,35,0
2016,Washim,37,0
2016,Yavatmal,120,0
2017,Bishnupur,0,0
2017,Chandel,1,0
2017,Churachandpur,72,0
2017,Imphal East,4,0
2017,Imphal Urban#,0,0
2017,Imphal West,5,0
2017,Jiribam,4,0
2017,Kangpokpi,8,0
2017,Senapati,5,0
2017,Tamenglong,15,0
2017,Tengnoupal,3,0
2017,Thoubal,1,0
2017,Ukhrul,4,0
2017,East Garo Hills,11122,8
2017,East Khasi Hills,201,1
2017,Ri Bhoi,1032,5
2017,South Garo Hills,13093,11
2017,West Garo Hills,4660,13
2017,West Jaintia Hills,1750,2
2017,West Khasi Hills,3289,5
2017,Aizawl,122,2
2017,Aizawl West#,299,1
2017,Champhai,25,1
2017,Kolasib,230,1
2017,Lawngtlai,2506,2
2017,Lunglei,2335,1
2017,Mamit,1699,1
2017,Saiha,323,0
2017,Serchhip,44,0
2017,Mon,28,0
2017,Dimapur,32,0
2017,Kiphire,25,0
2017,Kohima,96,0
2017,Longleng,59,0
2017,Mokokchung,212,0
2017,Peren,12,0
2017,Phek,32,0
2017,Tuensang,48,0
2017,UVBDS Dimapur#,175,0
2017,Wokha,70,0
2017,Zunheboto,39,0
2017,Anugul,17272,2
2017,Balangir,9505,10
2017,Baleshwar,538,0
2017,Bargarh,3441,1
2017,Bhadrak,414,0
2017,Boudh,3893,0
2017,Cuttack,639,0
2017,Deogarh,3694,1
2017,Dhenkanal,1501,0
2017,Gajapati,12062,0
2017,Ganjam,11856,1
2017,Jagatsinghapur,156,0
2017,Jajapur,796,0
2017,Jharsuguda,1503,3
2017,Kalahandi,44916,3
2017,Kandhamal,31589,9
2017,Kendrapara,152,0
2017,Kendujhar,37998,5
2017,Khordha,758,0
2017,Koraput,42847,2
2017,Malkangiri,40439,9
2017,Mayurbhanj,27666,2
2017,Nabarangpur,24811,8
2017,Nayagarh,4366,0
2017,Nuapada,6082,6
2017,Puri,283,0
2017,Rayagada,69867,6
2017,Sambalpur,12046,1
2017,Sonepur,3245,0
2017,Sundargarh,30508,8
2017,Karaikal,18,0
2017,Mahe,2,0
2017,Pondicherry,53,0
2017,Yanam,3,0
2017,Amritsar,51,0
2017,Barnala,10,0
2017,Bathinda,90,0
2017,Faridkot,38,0
2017,Fatehgarh Sahib,0,0
2017,Fazilka,7,0
2017,Ferozepur,17,0
2017,Gurdaspur,12,0
2017,Hoshiarpur,43,0
2017,Jalandhar,22,0
2017,Kapurthala,1,0
2017,Ludhiana,83,0
2017,Mansa,81,0
2017,Moga,19,0
2017,Pathankot,0,0
2017,Patiala,44,0
2017,Rupnagar,4,0
2017,S.A.S Nagar,4,0
2017,Sangrur,15,0
2017,"Shahid Bhagat Singh
Nagar",109,0
2017,Sri Muktsar Sahib,16,0
2017,Tarn taran,27,0
2017,Ajmer,148,0
2017,Alwar,443,0
2017,Banswara,632,0
2017,Baran,606,0
2017,Barmer,455,0
2017,Bharatpur,1257,0
2017,Bhilwara,510,0
2017,Bikaner,297,0
2017,Bundi,224,0
2017,Chittorgarh,546,0
2017,Churu,182,0
2017,Dausa,97,0
2017,Dholpur,323,0
2017,Dungarpur,706,0
2017,Ganganagar,239,1
2017,Hanumangarh,156,1
2017,Jaipur,309,1
2017,Jaisalmer,175,0
2017,Jalore,219,0
2017,Jhalawar,72,0
2017,Jhunjhunu,74,0
2017,Jodhpur,399,0
2017,Karauli,127,0
2017,Kota,495,2
2017,Nagaur,449,0
2017,Pali,453,0
2017,Pratapgarh,885,0
2017,Rajsamand,576,0
2017,Sawai Madhopur,202,0
2017,Sikar,59,0
2017,Sirohi,178,0
2017,Tonk,57,0
2017,Udaipur,1191,0
2017,Gangtok,10,0
2017,Gyalshing,2,0
2017,Mangan,1,0
2017,Namchi,2,0
2017,Aranthangi#,4,0
2017,Ariyalur,2,0
2017,Chengalpattu,12,0
2017,Chennai,2707,0
2017,Cheyyar#,20,0
2017,Coimbatore,34,0
2017,Cuddalore,17,0
2017,Dharmapuri,111,0
2017,Dindigul,16,0
2017,Erode,0,0
2017,Kallakurichi,9,0
2017,Kanchipuram,5,0
2017,Kanniyakumari,253,0
2017,Karur,8,0
2017,Kovilpatti#,6,0
2017,Krishnagiri,4,0
2017,Madurai,61,0
2017,Nagapattinam,46,0
2017,Namakkal,7,0
2017,Palani#,6,0
2017,Paramakudi#,19,0
2017,Perambalur,3,0
2017,Poonamallee#,2,0
2017,Pudukkottai,3,0
2017,Ramanathapuram,292,0
2017,Salem,49,0
2017,Sivaganga,3,0
2017,Sivakasi#,7,0
2017,Tenkasi,17,0
2017,Thanjavur,36,0
2017,The Nilgiris,0,0
2017,Theni,13,0
2017,Thiruvallur,14,0
2017,Thiruvarur,12,0
2017,Tiruchirappalli,26,0
2017,Tirunelveli,8,0
2017,Tirupathur,24,0
2017,Tiruppur,1,0
2017,Tiruvannamalai,107,0
2017,Tuticorin,149,0
2017,Vellore,197,0
2017,Villupuram,21,0
2017,Virudhunagar,10,0
2017,Adilabad,1213,0
2017,Hyderabad,168,0
2017,Karimnagar,67,0
2017,Khammam,1252,1
2017,Mahabubnagar,52,0
2017,Medak,73,0
2017,Nalgonda,18,0
2017,Nizamabad,45,0
2017,Ranga Reddy,37,0
2017,Warangal,587,0
2017,Dhalai,5183,8
2017,Gomati,1468,0
2017,Khowai,668,2
2017,North Tripura,1012,1
2017,Sepahijala,77,0
2017,South Tripura,1749,3
2017,Unakoti,130,0
2017,West Tripura,259,0
2017,Agra,98,0
2017,Aligarh,721,0
2017,Ambedkar Nagar,31,0
2017,Amethi,26,0
2017,Amroha,241,0
2017,Auraiya,447,0
2017,Ayodhya,28,0
2017,Azamgarh,12,0
2017,Baghpat,295,0
2017,Bahraich,33,0
2017,Ballia,0,0
2017,Balrampur,5,0
2017,Banda,610,0
2017,Barabanki,22,0
2017,Bareilly,395,0
2017,Basti,12,0
2017,Bhadohi,1591,0
2017,Bijnor,464,0
2017,Budaun,989,0
2017,Bulandshahr,287,0
2017,Chandauli,11,0
2017,Chitrakoot,706,0
2017,Deoria,12,0
2017,Etah,603,0
2017,Etawah,153,0
2017,Farrukhabad,816,0
2017,Fatehpur,579,0
2017,Firozabad,181,0
2017,Gautam Buddha Nagar,407,0
2017,Ghaziabad,128,0
2017,Ghazipur,79,0
2017,Gonda,71,0
2017,Gorakhpur,7,0
2017,Hamirpur,353,0
2017,Hapur,289,0
2017,Hardoi,436,0
2017,Hathras,439,0
2017,Jalaun,422,0
2017,Jaunpur,243,0
2017,Jhansi,290,0
2017,Kannauj,295,0
2017,Kanpur Dehat,418,0
2017,Kanpur Nagar,182,0
2017,Kasganj,191,0
2017,Kaushambi,326,0
2017,Kheri,194,0
2017,Kushi Nagar,160,0
2017,Lalitpur,221,0
2017,Lucknow,28,0
2017,Maharajganj,8,0
2017,Mahoba,222,0
2017,Mainpuri,94,0
2017,Mathura,185,0
2017,Mau,7,0
2017,Meerut,211,0
2017,Mirzapur,3713,0
2017,Moradabad,501,0
2017,Muzaffarnagar,2200,0
2017,Pilibhit,11,0
2017,Pratapgarh,102,0
2017,Prayagraj,6136,0
2017,Rae Bareli,189,0
2017,Rampur,802,0
2017,Saharanpur,2716,0
2017,Sambhal,308,0
2017,Sant Kabeer Nagar,49,0
2017,Shahjahanpur,32,0
2017,Shamli,510,0
2017,Shravasti,28,0
2017,Siddharth Nagar,160,0
2017,Sitapur,23,0
2017,Sonbhadra,7185,0
2017,Sultanpur,190,0
2017,Unnao,32,0
2017,Varanasi,539,0
2017,Almora,0,0
2017,Bageshwar,3,0
2017,Chamoli,11,0
2017,Champawat,4,0
2017,Dehradun,192,0
2017,Haridwar,483,0
2017,Nainital,43,0
2017,Pauri Garhwal,181,0
2017,Pithoragarh,0,0
2017,Rudra Prayag,4,0
2017,Tehri Garhwal,21,0
2017,Udam Singh Nagar,19,0
2017,Uttar Kashi,0,0
2017,24 Paraganas North,707,2
2017,24 Paraganas South,886,2
2017,Alipurduar,373,1
2017,Bankura,1026,14
2017,Bardhaman,298,10
2017,Birbhum,317,2
2017,Coochbehar,259,0
2017,Darjeeling,73,0
2017,Dinajpur Dakshin,336,0
2017,Dinajpur Uttar,130,0
2017,Hooghly,268,1
2017,Howrah,1181,2
2017,Jalpaiguri,165,1
2017,KMUHO#,180,0
2017,Kolkata,16498,0
2017,Maldah,1815,1
2017,Medinipur East,322,0
2017,Medinipur West,898,14
2017,Murshidabad,1718,0
2017,Nadia,486,1
2017,Purulia,3305,8
2017,Pvt. Hospital & Others#,3995,0
2017,Nicobars,424,0
2017,"North And Middle
Andaman",9,0
2017,South Andamans,72,0
2017,Anantapur,496,0
2017,Chittoor,87,0
2017,East Godavari,5995,0
2017,Guntur,962,0
2017,Krishna,666,0
2017,Kurnool,91,0
2017,Prakasam,262,0
2017,SPSR Nellore,125,0
2017,Srikakulam,592,0
2017,Visakhapatanam,4836,0
2017,Vizianagaram,1835,0
2017,West Godavari,504,0
2017,Y.S.R.,521,0
2017,Anjaw,2,0
2017,Changlang,91,0
2017,Dibang Valley,0,0
2017,East Kameng,116,0
2017,East Siang,203,0
2017,Kra Daadi,0,0
2017,Kurung Kumey,21,0
2017,Lohit,66,0
2017,Longding,111,0
2017,Lower Dibang Valley,58,0
2017,Lower Subansiri,25,0
2017,Namsai,208,0
2017,Papum Pare,75,0
2017,Siang,33,0
2017,Tawang,2,0
2017,Tirap,45,0
2017,Upper Siang,31,0
2017,Upper Subansiri,284,0
2017,West Kameng,64,0
2017,West Siang,111,0
2017,Baksa,219,0
2017,Barpeta,18,0
2017,Bongaigaon,19,0
2017,Cachar,37,0
2017,Chirang,389,0
2017,Darrang,11,0
2017,Dhemaji,16,0
2017,Dhubri,32,0
2017,Dibrugarh,6,0
2017,Dima Hasao,222,0
2017,Goalpara,84,0
2017,Golaghat,14,0
2017,Hailakandi,73,0
2017,Jorhat,11,0
2017,Kamrup,45,0
2017,Kamrup Metro,10,0
2017,Karbi Anglong,1129,0
2017,Karimganj,93,0
2017,Kokrajhar,1540,0
2017,Lakhimpur,8,0
2017,Marigaon,23,0
2017,Nagaon,49,0
2017,Nalbari,16,0
2017,Sivasagar,10,0
2017,Sonitpur,52,0
2017,Tinsukia,26,0
2017,Udalguri,1129,0
2017,Araria,6,0
2017,Arwal,11,0
2017,Aurangabad,425,2
2017,Banka,8,0
2017,Begusarai,8,0
2017,Bhagalpur,31,0
2017,Bhojpur,9,0
2017,Buxar,93,0
2017,Darbhanga,0,0
2017,Gaya,1943,0
2017,Gopalganj,18,0
2017,Jamui,301,0
2017,Jehanabad,11,0
2017,Kaimur (Bhabua),210,0
2017,Katihar,24,0
2017,Khagaria,2,0
2017,Kishanganj,4,0
2017,Lakhisarai,113,0
2017,Madhepura,41,0
2017,Madhubani,26,0
2017,Munger,149,0
2017,Muzaffarpur,12,0
2017,Nalanda,0,0
2017,Nawada,142,0
2017,Pashchim Champaran,0,0
2017,Patna,4,0
2017,Purbi Champaran,2,0
2017,Purnia,66,0
2017,Rohtas,324,0
2017,Saharsa,0,0
2017,Samastipur,0,0
2017,Saran,9,0
2017,Sheikhpura,15,0
2017,Sheohar,6,0
2017,Sitamarhi,2,0
2017,Siwan,0,0
2017,Supaul,5,0
2017,Vaishali,0,0
2017,Chandigarh,114,0
2017,Balod,1006,1
2017,Baloda Bazar,493,0
2017,Balrampur,11012,0
2017,Bastar,13331,23
2017,Bemetara,47,1
2017,Bijapur,18136,23
2017,Bilaspur,1713,0
2017,Dantewada,17248,10
2017,Dhamtari,1294,0
2017,Durg,1332,0
2017,Gariyaband,2131,0
2017,Janjgir-Champa,395,3
2017,Jashpur,7963,0
2017,Kabirdham,4079,5
2017,Kanker,7400,0
2017,Kondagaon,8659,6
2017,Korba,4269,0
2017,Korea,3656,0
2017,Mahasamund,589,0
2017,Mungeli,294,0
2017,Narayanpur,6594,0
2017,Raigarh,2751,2
2017,Raipur,92,0
2017,RajnandGaon,3928,0
2017,Sukma,13871,6
2017,Surajpur,6247,1
2017,Surguja,2197,0
2017,Dadra And Nagar Haveli,290,0
2017,Daman,34,0
2017,Diu,4,0
2017,New Delhi,577,0
2017,North Goa,417,1
2017,South Goa,236,0
2017,Ahmadabad,203,0
2017,Ahmadabad MC#,10205,6
2017,Amreli,901,0
2017,Anand,425,0
2017,Arvalli,131,0
2017,Banas kantha,2719,0
2017,Bharuch,279,0
2017,Bhavnagar,346,0
2017,Bhavnagar MC#,89,0
2017,Botad,66,0
2017,Chhotaudepur,691,0
2017,Dang,184,0
2017,Devbhumi Dwarka,103,0
2017,Dohad,1701,0
2017,Gandhinagar,217,0
2017,Gandhinagar MC#,179,0
2017,Gir Somnath,242,0
2017,Jamnagar,226,0
2017,Jamnagar MC#,31,0
2017,Junagadh,335,0
2017,Junagadh MC#,27,0
2017,Kachchh,1147,0
2017,Kheda,327,0
2017,Mahesana,489,0
2017,Mahisagar,290,0
2017,Morbi,957,0
2017,Narmada,138,0
2017,Navsari,441,0
2017,Panch Mahals,1154,0
2017,Patan,852,0
2017,Porbandar,130,0
2017,Rajkot,377,0
2017,Rajkot MC#,182,0
2017,Sabar kantha,555,0
2017,Surat,698,0
2017,Surat MC#,7099,1
2017,Surendranagar,2523,0
2017,Tapi,137,0
2017,Vadodara,409,0
2017,Vadodara MC#,1254,0
2017,Valsad,129,0
2017,Ambala,35,0
2017,Bhiwani,65,0
2017,Faridabad,161,0
2017,Fatehabad,42,0
2017,Gurugram,48,0
2017,Hisar,168,0
2017,Jhajjar,91,0
2017,Jind,27,0
2017,Kaithal,9,0
2017,Karnal,85,0
2017,Kurukshetra,40,0
2017,Mahendragarh,25,0
2017,Nuh,3643,0
2017,Palwal,586,0
2017,Panchkula,190,0
2017,Panipat,37,0
2017,Rewari,18,0
2017,Rohtak,77,0
2017,Sirsa,70,0
2017,Sonipat,13,0
2017,Yamunanagar,266,0
2017,Bilaspur,7,0
2017,Chamba,0,0
2017,Hamirpur,41,0
2017,Kangra,17,0
2017,Kullu,8,0
2017,Mandi,7,0
2017,Shimla,0,0
2017,Sirmaur,12,0
2017,Solan,4,0
2017,Una,0,0
2017,Baramulla,0,0
2017,Doda,2,0
2017,Jammu,39,0
2017,Kathua,33,0
2017,Kishtwar,0,0
2017,Poonch,21,0
2017,Rajouri,85,0
2017,Ramban,2,0
2017,Reasi,8,0
2017,Samba,5,0
2017,Udhampur,8,0
2017,UMCP Jammu#,23,0
2017,Bokaro,1202,0
2017,Chatra,2840,0
2017,Deoghar,64,0
2017,Dhanbad,384,0
2017,Dumka,2426,0
2017,East Singhbum,4638,0
2017,Garhwa,9038,0
2017,Giridih,7276,0
2017,Godda,2214,0
2017,Gumla,2483,0
2017,Hazaribagh,3335,0
2017,Jamtara,19,0
2017,Khunti,3431,0
2017,Koderma,902,0
2017,Latehar,10069,0
2017,Lohardaga,1251,0
2017,Pakur,2257,0
2017,Palamu,7398,0
2017,Ramgarh,567,0
2017,Ranchi,1619,0
2017,Sahebganj,3325,0
2017,Saraikela Kharsawan,4939,0
2017,Simdega,5053,0
2017,West Singhbhum,17384,0
2017,A.M.U. Almatti#,51,0
2017,A.M.U. B. Gudi#,5,0
2017,A.M.U. Kembhavi#,0,0
2017,Bagalkote,153,0
2017,Ballari,33,0
2017,BBMP#,0,0
2017,Belagavi,34,0
2017,Bengaluru Rural,3,0
2017,Bengaluru Urban,10,0
2017,Bidar,39,0
2017,Chamarajanagara,30,0
2017,ChikkaBallaPura,5,0
2017,Chikkamagaluru,18,0
2017,Chitradurga,17,0
2017,Dakshina Kannada,4741,0
2017,Davangere,20,0
2017,Dharwad,76,0
2017,Gadag,198,0
2017,Hassan,14,0
2017,Haveri,76,0
2017,Kalaburagi,177,0
2017,Kodagu,1,0
2017,Kolar,11,0
2017,Koppal,159,0
2017,Mandya,29,0
2017,Mysuru,0,0
2017,Raichur,220,0
2017,Ramanagara,6,0
2017,Shivamogga,28,0
2017,Tumakuru,114,0
2017,U.K.P.N. PURA#,306,0
2017,Udupi,513,0
2017,Uttara Kannada,41,0
2017,Vijayapura,44,0
2017,Yadgir,209,0
2017,Alappuzha,24,0
2017,Ernakulam,138,0
2017,Idukki,36,0
2017,Kannur,119,0
2017,Kasaragod,171,0
2017,Kollam,47,0
2017,Kottayam,54,0
2017,Kozhikode,179,0
2017,Malappuram,130,0
2017,Palakkad,38,0
2017,Pathanamthitta,62,1
2017,Thiruvananthapuram,70,1
2017,Thrissur,105,0
2017,Wayanad,19,0
2017,Lakshadweep District,1,0
2017,Agar Malwa,112,0
2017,Alirajpur,704,0
2017,Anuppur,3826,0
2017,Ashoknagar,579,0
2017,Balaghat,1407,0
2017,Barwani,178,0
2017,Betul,1424,0
2017,Bhind,1925,0
2017,Bhopal,805,0
2017,Burhanpur,64,0
2017,Chhatarpur,245,0
2017,Chhindwara,2337,1
2017,Damoh,381,0
2017,Datia,506,0
2017,Dewas,122,0
2017,Dhar,834,1
2017,Dindori,1331,0
2017,East Nimar,224,0
2017,Guna,772,0
2017,Gwalior,1393,0
2017,Harda,147,0
2017,Indore,77,0
2017,Jabalpur,316,0
2017,Jhabua,2314,0
2017,Katni,587,0
2017,Khargone,428,0
2017,Mandla,548,0
2017,Mandsaur,233,0
2017,Morena,817,0
2017,Narmadapuram,1141,0
2017,Narsinghpur,843,0
2017,Neemuch,87,0
2017,Panna,868,0
2017,Raisen,723,0
2017,Rajgarh,734,0
2017,Ratlam,1047,0
2017,Rewa,1312,0
2017,Sagar,462,0
2017,Satna,1539,0
2017,Sehore,383,0
2017,Seoni,384,0
2017,Shahdol,381,0
2017,Shajapur,106,0
2017,Sheopur,4912,0
2017,Shivpuri,1648,0
2017,Sidhi,1862,0
2017,Singrauli,2428,3
2017,Tikamgarh,727,0
2017,Ujjain,231,0
2017,Umaria,540,0
2017,Vidisha,547,0
2017,Ahmednagar,13,0
2017,Akola,53,0
2017,Amravati,146,0
2017,Aurangabad,18,0
2017,Beed,14,0
2017,Bhandara,14,0
2017,Buldhana,31,0
2017,Chandrapur,314,1
2017,Dhule,80,0
2017,Gadchiroli,5484,5
2017,Gondia,674,2
2017,Hingoli,1,0
2017,Jalgaon,33,0
2017,Jalna,3,0
2017,Kolhapur,79,0
2017,Latur,10,0
2017,Mumbai,6019,7
2017,Nagpur,80,0
2017,Nagpur MC#,14,0
2017,Nanded,14,0
2017,Nandurbar,147,0
2017,Nashik,40,0
2017,Osmanabad,2,0
2017,Palghar,369,0
2017,Parbhani,2,0
2017,Pune,92,0
2017,Pune MC#,9,0
2017,Raigad,732,0
2017,Ratnagiri,112,0
2017,Sangli,52,0
2017,Satara,113,0
2017,Sindhudurg,235,3
2017,Solapur,16,0
2017,Thane,2615,2
2017,Wardha,25,0
2017,Washim,12,0
2017,Yavatmal,43,0
2018,Bishnupur,3,0
2018,Chandel,4,0
2018,Churachandpur,54,0
2018,Imphal East,5,0
2018,Imphal Urban#,0,0
2018,Imphal West,1,0
2018,Jiribam,0,0
2018,Kangpokpi,3,0
2018,Senapati,1,0
2018,Tamenglong,0,0
2018,Tengnoupal,3,0
2018,Thoubal,3,0
2018,Ukhrul,3,0
2018,East Garo Hills,3090,1
2018,East Khasi Hills,128,0
2018,Ri Bhoi,186,0
2018,South Garo Hills,9382,6
2018,West Garo Hills,1556,4
2018,West Jaintia Hills,834,1
2018,West Khasi Hills,1278,0
2018,Aizawl,78,0
2018,Aizawl West#,73,0
2018,Champhai,6,0
2018,Kolasib,119,0
2018,Lawngtlai,2974,2
2018,Lunglei,1479,0
2018,Mamit,785,0
2018,Saiha,192,0
2018,Serchhip,9,2
2018,Mon,31,0
2018,Dimapur,27,1
2018,Kiphire,9,0
2018,Kohima,23,0
2018,Longleng,10,0
2018,Mokokchung,97,0
2018,Peren,8,0
2018,Phek,8,0
2018,Tuensang,39,0
2018,UVBDS Dimapur#,85,0
2018,Wokha,40,0
2018,Zunheboto,17,0
2018,Anugul,9854,3
2018,Balangir,3983,2
2018,Baleshwar,753,0
2018,Bargarh,1843,0
2018,Bhadrak,434,0
2018,Boudh,2260,0
2018,Cuttack,772,0
2018,Deogarh,1528,0
2018,Dhenkanal,1243,0
2018,Gajapati,16226,0
2018,Ganjam,10072,2
2018,Jagatsinghapur,129,0
2018,Jajapur,643,0
2018,Jharsuguda,759,2
2018,Kalahandi,31265,0
2018,Kandhamal,35654,3
2018,Kendrapara,82,0
2018,Kendujhar,33918,3
2018,Khordha,744,0
2018,Koraput,39172,1
2018,Malkangiri,25012,0
2018,Mayurbhanj,29252,1
2018,Nabarangpur,16875,0
2018,Nayagarh,3393,1
2018,Nuapada,2959,1
2018,Puri,229,0
2018,Rayagada,52990,4
2018,Sambalpur,5119,0
2018,Sonepur,1607,0
2018,Sundargarh,19090,1
2018,Karaikal,8,0
2018,Mahe,0,0
2018,Pondicherry,48,0
2018,Yanam,4,0
2018,Amritsar,26,0
2018,Barnala,7,0
2018,Bathinda,64,0
2018,Faridkot,16,0
2018,Fatehgarh Sahib,5,0
2018,Fazilka,9,0
2018,Ferozepur,19,0
2018,Gurdaspur,12,0
2018,Hoshiarpur,153,0
2018,Jalandhar,56,0
2018,Kapurthala,8,0
2018,Ludhiana,35,0
2018,Mansa,152,0
2018,Moga,5,0
2018,Pathankot,3,0
2018,Patiala,31,0
2018,Rupnagar,9,0
2018,S.A.S Nagar,1,0
2018,Sangrur,6,0
2018,"Shahid Bhagat Singh
Nagar",128,0
2018,Sri Muktsar Sahib,45,0
2018,Tarn taran,15,0
2018,Ajmer,141,0
2018,Alwar,366,0
2018,Banswara,421,0
2018,Baran,445,0
2018,Barmer,885,0
2018,Bharatpur,948,0
2018,Bhilwara,112,0
2018,Bikaner,106,0
2018,Bundi,180,0
2018,Chittorgarh,407,0
2018,Churu,148,0
2018,Dausa,61,0
2018,Dholpur,101,0
2018,Dungarpur,686,0
2018,Ganganagar,85,0
2018,Hanumangarh,78,0
2018,Jaipur,184,0
2018,Jaisalmer,305,0
2018,Jalore,281,0
2018,Jhalawar,98,0
2018,Jhunjhunu,34,0
2018,Jodhpur,534,0
2018,Karauli,52,0
2018,Kota,412,0
2018,Nagaur,328,0
2018,Pali,399,0
2018,Pratapgarh,408,0
2018,Rajsamand,453,0
2018,Sawai Madhopur,175,0
2018,Sikar,47,0
2018,Sirohi,226,0
2018,Tonk,41,0
2018,Udaipur,1460,0
2018,Gangtok,11,0
2018,Gyalshing,1,0
2018,Mangan,0,0
2018,Namchi,2,0
2018,Aranthangi#,1,0
2018,Ariyalur,2,0
2018,Chengalpattu,12,0
2018,Chennai,3895,0
2018,Cheyyar#,23,0
2018,Coimbatore,12,0
2018,Cuddalore,21,0
2018,Dharmapuri,55,0
2018,Dindigul,27,0
2018,Erode,0,0
2018,Kallakurichi,2,0
2018,Kanchipuram,5,0
2018,Kanniyakumari,469,0
2018,Karur,5,0
2018,Kovilpatti#,2,0
2018,Krishnagiri,2,0
2018,Madurai,29,0
2018,Nagapattinam,15,0
2018,Namakkal,1,0
2018,Palani#,5,0
2018,Paramakudi#,7,0
2018,Perambalur,2,0
2018,Poonamallee#,3,0
2018,Pudukkottai,4,0
2018,Ramanathapuram,227,0
2018,Salem,16,0
2018,Sivaganga,2,0
2018,Sivakasi#,5,0
2018,Tenkasi,4,0
2018,Thanjavur,28,0
2018,The Nilgiris,0,0
2018,Theni,4,0
2018,Thiruvallur,34,0
2018,Thiruvarur,6,0
2018,Tiruchirappalli,28,0
2018,Tirunelveli,0,0
2018,Tirupathur,1,0
2018,Tiruppur,0,0
2018,Tiruvannamalai,158,0
2018,Tuticorin,77,0
2018,Vellore,229,0
2018,Villupuram,18,0
2018,Virudhunagar,8,0
2018,Adilabad,58,0
2018,Bhadradri Kothagudem,726,0
2018,Hanumakonda,22,0
2018,Hyderabad,682,0
2018,Jagitial,12,0
2018,Jangoan,11,0
2018,"Jayashankar
Bhupalapally",568,0
2018,Jogulamba Gadwal,3,0
2018,Kamareddy,22,0
2018,Karimnagar,10,0
2018,Khammam,42,0
2018,"Kumuram Bheem
Asifabad",161,0
2018,Mahabubabad,21,0
2018,Mahabubnagar,8,0
2018,Mancherial,72,0
2018,Medak,20,0
2018,Medchal Malkajgiri,55,0
2018,Nagarkurnool,10,0
2018,Nalgonda,3,0
2018,Nirmal,6,0
2018,Nizamabad,38,0
2018,Peddapalli,2,0
2018,Rajanna Sircilla,1,0
2018,Ranga Reddy,23,0
2018,Sangareddy,47,0
2018,Siddipet,7,0
2018,Suryapet,10,0
2018,Vikarabad,12,0
2018,Wanaparthy,7,0
2018,Warangal,26,0
2018,Yadadri Bhuvanagiri,3,0
2018,Dhalai,4016,3
2018,Gomati,783,0
2018,Khowai,460,0
2018,North Tripura,571,2
2018,Sepahijala,45,0
2018,South Tripura,969,0
2018,Unakoti,85,1
2018,West Tripura,122,0
2018,Agra,83,0
2018,Aligarh,529,0
2018,Ambedkar Nagar,20,0
2018,Amethi,60,0
2018,Amroha,190,0
2018,Auraiya,522,0
2018,Ayodhya,7,0
2018,Azamgarh,15,0
2018,Baghpat,133,0
2018,Bahraich,14,0
2018,Ballia,4,0
2018,Balrampur,12,0
2018,Banda,617,0
2018,Barabanki,3,0
2018,Bareilly,274,0
2018,Basti,13,0
2018,Bhadohi,998,0
2018,Bijnor,427,0
2018,Budaun,1325,0
2018,Bulandshahr,180,0
2018,Chandauli,53,0
2018,Chitrakoot,701,0
2018,Deoria,9,0
2018,Etah,496,0
2018,Etawah,151,0
2018,Farrukhabad,906,0
2018,Fatehpur,488,0
2018,Firozabad,164,0
2018,Gautam Buddha Nagar,404,0
2018,Ghaziabad,295,0
2018,Ghazipur,68,0
2018,Gonda,48,0
2018,Gorakhpur,29,0
2018,Hamirpur,306,0
2018,Hapur,298,0
2018,Hardoi,526,0
2018,Hathras,244,0
2018,Jalaun,258,0
2018,Jaunpur,167,0
2018,Jhansi,281,0
2018,Kannauj,547,0
2018,Kanpur Dehat,463,0
2018,Kanpur Nagar,299,0
2018,Kasganj,256,0
2018,Kaushambi,320,0
2018,Kheri,125,0
2018,Kushi Nagar,88,0
2018,Lalitpur,288,0
2018,Lucknow,89,0
2018,Maharajganj,10,0
2018,Mahoba,184,0
2018,Mainpuri,137,0
2018,Mathura,103,0
2018,Mau,3,0
2018,Meerut,93,0
2018,Mirzapur,3769,0
2018,Moradabad,450,0
2018,Muzaffarnagar,875,0
2018,Pilibhit,15,0
2018,Pratapgarh,92,0
2018,Prayagraj,3353,0
2018,Rae Bareli,42,0
2018,Rampur,617,0
2018,Saharanpur,1141,0
2018,Sambhal,373,0
2018,Sant Kabeer Nagar,42,0
2018,Shahjahanpur,63,0
2018,Shamli,263,0
2018,Shravasti,30,0
2018,Siddharth Nagar,182,0
2018,Sitapur,19,0
2018,Sonbhadra,6034,0
2018,Sultanpur,228,0
2018,Unnao,28,0
2018,Varanasi,406,0
2018,Almora,1,0
2018,Bageshwar,2,0
2018,Chamoli,2,0
2018,Champawat,18,0
2018,Dehradun,58,0
2018,Haridwar,176,0
2018,Nainital,53,0
2018,Pauri Garhwal,161,0
2018,Pithoragarh,0,0
2018,Rudra Prayag,0,0
2018,Tehri Garhwal,6,0
2018,Udam Singh Nagar,31,0
2018,Uttar Kashi,0,0
2018,24 Paraganas North,795,1
2018,24 Paraganas South,1247,0
2018,Alipurduar,1115,0
2018,Bankura,862,2
2018,Bardhaman,323,3
2018,Birbhum,197,0
2018,Coochbehar,129,1
2018,Darjeeling,58,0
2018,Dinajpur Dakshin,234,0
2018,Dinajpur Uttar,406,1
2018,Hooghly,318,0
2018,Howrah,1510,1
2018,Jalpaiguri,412,1
2018,KMUHO#,67,0
2018,Kolkata,17032,0
2018,Maldah,1095,0
2018,Medinipur East,453,0
2018,Medinipur West,725,12
2018,Murshidabad,1459,2
2018,Nadia,549,0
2018,Purulia,2107,5
2018,Pvt. Hospital & Others#,172,0
2018,Nicobars,218,0
2018,North And Middle Andaman,2,0
2018,South Andamans,39,0
2018,Anantapur,186,0
2018,Chittoor,44,0
2018,East Godavari,1865,0
2018,Guntur,420,0
2018,Krishna,27,0
2018,Kurnool,65,0
2018,Prakasam,152,0
2018,SPSR Nellore,47,0
2018,Srikakulam,264,0
2018,Visakhapatanam,2252,0
2018,Vizianagaram,305,0
2018,West Godavari,209,0
2018,Y.S.R.,204,0
2018,Anjaw,0,0
2018,Changlang,33,0
2018,Dibang Valley,1,0
2018,East Kameng,112,0
2018,East Siang,93,0
2018,Kra Daadi,1,0
2018,Kurung Kumey,8,0
2018,Lohit,26,0
2018,Longding,37,0
2018,Lower Dibang Valley,11,0
2018,Lower Siang,18,0
2018,Lower Subansiri,11,0
2018,Namsai,25,0
2018,Papum Pare,16,0
2018,Siang,4,0
2018,Tawang,2,0
2018,Tirap,29,0
2018,Upper Siang,22,0
2018,Upper Subansiri,143,0
2018,West Kameng,24,0
2018,West Siang,9,0
2018,Baksa,59,0
2018,Barpeta,11,0
2018,Bongaigaon,16,0
2018,Cachar,18,1
2018,Chirang,252,0
2018,Darrang,24,0
2018,Dhemaji,8,0
2018,Dhubri,25,0
2018,Dibrugarh,6,0
2018,Dima Hasao,119,1
2018,Goalpara,77,0
2018,Golaghat,8,0
2018,Hailakandi,37,0
2018,Jorhat,15,0
2018,Kamrup,23,0
2018,Kamrup Metro,8,0
2018,Karbi Anglong,376,0
2018,Karimganj,66,0
2018,Kokrajhar,161,0
2018,Lakhimpur,6,0
2018,Marigaon,27,0
2018,Nagaon,30,0
2018,Nalbari,3,0
2018,Sivasagar,6,0
2018,Sonitpur,48,0
2018,Tinsukia,9,0
2018,Udalguri,2378,0
2018,Araria,16,0
2018,Arwal,8,0
2018,Aurangabad,109,0
2018,Banka,1,0
2018,Begusarai,19,0
2018,Bhagalpur,9,0
2018,Bhojpur,15,0
2018,Buxar,18,0
2018,Darbhanga,0,0
2018,Gaya,189,0
2018,Gopalganj,2,0
2018,Jamui,390,0
2018,Jehanabad,11,0
2018,Kaimur (Bhabua),120,0
2018,Katihar,26,0
2018,Khagaria,5,0
2018,Kishanganj,12,0
2018,Lakhisarai,37,0
2018,Madhepura,13,0
2018,Madhubani,20,0
2018,Munger,185,0
2018,Muzaffarpur,28,0
2018,Nalanda,4,0
2018,Nawada,136,0
2018,Pashchim Champaran,7,0
2018,Patna,1,0
2018,Purbi Champaran,5,0
2018,Purnia,32,0
2018,Rohtas,84,0
2018,Saharsa,3,0
2018,Samastipur,15,0
2018,Saran,5,0
2018,Sheikhpura,1,0
2018,Sheohar,1,0
2018,Sitamarhi,5,0
2018,Siwan,0,0
2018,Supaul,4,0
2018,Vaishali,0,0
2018,Chandigarh,44,0
2018,Balod,346,2
2018,Baloda Bazar,187,1
2018,Balrampur,3810,0
2018,Bastar,7472,8
2018,Bemetara,26,0
2018,Bijapur,14438,6
2018,Bilaspur,1339,1
2018,Dantewada,13180,9
2018,Dhamtari,528,0
2018,Durg,697,0
2018,Gariyaband,876,0
2018,Janjgir-Champa,585,0
2018,Jashpur,4130,0
2018,Kabirdham,949,0
2018,Kanker,2510,0
2018,Kondagaon,2896,2
2018,Korba,2224,0
2018,Korea,1097,2
2018,Mahasamund,148,0
2018,Mungeli,82,0
2018,Narayanpur,3965,3
2018,Raigarh,1055,0
2018,Raipur,42,0
2018,RajnandGaon,1005,0
2018,Sukma,12325,5
2018,Surajpur,1408,0
2018,Surguja,1397,0
2018,"Dadra And Nagar
Haveli",221,1
2018,Daman,22,0
2018,Diu,2,0
2018,New Delhi,473,0
2018,North Goa,215,0
2018,South Goa,162,0
2018,Ahmadabad,134,0
2018,Ahmadabad MC#,6511,2
2018,Amreli,518,0
2018,Anand,172,0
2018,Arvalli,93,0
2018,Banas kantha,1437,0
2018,Bharuch,177,0
2018,Bhavnagar,99,0
2018,Bhavnagar MC#,61,0
2018,Botad,37,0
2018,Chhotaudepur,378,0
2018,Dang,44,0
2018,Devbhumi Dwarka,80,0
2018,Dohad,630,0
2018,Gandhinagar,195,0
2018,Gandhinagar MC#,142,0
2018,Gir Somnath,196,0
2018,Jamnagar,148,0
2018,Jamnagar MC#,36,0
2018,Junagadh,267,0
2018,Junagadh MC#,19,0
2018,Kachchh,616,0
2018,Kheda,146,0
2018,Mahesana,241,0
2018,Mahisagar,153,0
2018,Morbi,591,0
2018,Narmada,75,0
2018,Navsari,140,0
2018,Panch Mahals,420,0
2018,Patan,538,0
2018,Porbandar,80,0
2018,Rajkot,188,0
2018,Rajkot MC#,129,0
2018,Sabar kantha,361,0
2018,Surat,312,0
2018,Surat MC#,4582,0
2018,Surendranagar,1228,0
2018,Tapi,136,0
2018,Vadodara,199,0
2018,Vadodara MC#,520,0
2018,Valsad,85,0
2018,Ambala,5,0
2018,Bhiwani,70,0
2018,Faridabad,150,0
2018,Fatehabad,2,0
2018,Gurugram,30,0
2018,Hisar,95,0
2018,Jhajjar,68,0
2018,Jind,17,0
2018,Kaithal,3,0
2018,Karnal,17,0
2018,Kurukshetra,9,0
2018,Mahendragarh,17,0
2018,Nuh,1968,0
2018,Palwal,362,0
2018,Panchkula,69,0
2018,Panipat,34,0
2018,Rewari,13,0
2018,Rohtak,71,0
2018,Sirsa,47,0
2018,Sonipat,5,0
2018,Yamunanagar,97,0
2018,Bilaspur,7,0
2018,Chamba,0,0
2018,Hamirpur,55,0
2018,Kangra,11,0
2018,Kullu,6,0
2018,Mandi,6,0
2018,Shimla,1,0
2018,Sirmaur,8,0
2018,Solan,3,0
2018,Una,1,0
2018,Baramulla,0,0
2018,Doda,0,0
2018,Jammu,31,0
2018,Kathua,23,0
2018,Kishtwar,0,0
2018,Poonch,23,0
2018,Rajouri,42,0
2018,Ramban,0,0
2018,Reasi,2,0
2018,Samba,0,0
2018,Udhampur,15,0
2018,UMCP Jammu#,32,0
2018,Bokaro,470,0
2018,Chatra,2877,0
2018,Deoghar,46,0
2018,Dhanbad,122,0
2018,Dumka,527,0
2018,East Singhbum,1721,0
2018,Garhwa,5842,0
2018,Giridih,5276,0
2018,Godda,927,0
2018,Gumla,1322,0
2018,Hazaribagh,2459,0
2018,Jamtara,12,0
2018,Khunti,1778,0
2018,Koderma,770,0
2018,Latehar,8760,3
2018,Lohardaga,795,0
2018,Pakur,313,0
2018,Palamu,5813,1
2018,Ramgarh,301,0
2018,Ranchi,934,0
2018,Sahebganj,1100,0
2018,Saraikela Kharsawan,3731,0
2018,Simdega,2009,0
2018,West Singhbhum,9190,0
2018,A.M.U. Almatti#,13,0
2018,A.M.U. B. Gudi#,1,0
2018,A.M.U. Kembhavi#,2,0
2018,Bagalkote,80,0
2018,Ballari,15,0
2018,BBMP#,433,0
2018,Belagavi,24,0
2018,Bengaluru Rural,2,0
2018,Bengaluru Urban,0,0
2018,Bidar,22,0
2018,Chamarajanagara,5,0
2018,ChikkaBallaPura,18,0
2018,Chikkamagaluru,9,0
2018,Chitradurga,14,0
2018,Dakshina Kannada,3871,0
2018,Davangere,12,0
2018,Dharwad,25,0
2018,Gadag,115,0
2018,Hassan,13,0
2018,Haveri,35,0
2018,Kalaburagi,106,0
2018,Kodagu,0,0
2018,Kolar,8,0
2018,Koppal,38,0
2018,Mandya,0,0
2018,Mysuru,0,0
2018,Raichur,104,0
2018,Ramanagara,7,0
2018,Shivamogga,33,0
2018,Tumakuru,103,0
2018,U.K.P.N. PURA#,240,0
2018,Udupi,221,0
2018,Uttara Kannada,38,0
2018,Vijayapura,42,0
2018,Yadgir,72,0
2018,Alappuzha,24,0
2018,Ernakulam,103,0
2018,Idukki,25,0
2018,Kannur,102,0
2018,Kasaragod,147,0
2018,Kollam,36,0
2018,Kottayam,39,0
2018,Kozhikode,97,0
2018,Malappuram,89,0
2018,Palakkad,34,0
2018,Pathanamthitta,41,0
2018,Thiruvananthapuram,69,0
2018,Thrissur,84,0
2018,Wayanad,18,0
2018,Lakshadweep District,5,0
2018,Agar Malwa,36,0
2018,Alirajpur,167,0
2018,Anuppur,653,0
2018,Ashoknagar,345,0
2018,Balaghat,324,0
2018,Barwani,70,0
2018,Betul,391,0
2018,Bhind,441,0
2018,Bhopal,260,0
2018,Burhanpur,20,0
2018,Chhatarpur,103,0
2018,Chhindwara,1237,0
2018,Damoh,212,0
2018,Datia,539,0
2018,Dewas,68,0
2018,Dhar,238,1
2018,Dindori,145,0
2018,East Nimar,79,0
2018,Guna,381,0
2018,Gwalior,421,0
2018,Harda,87,0
2018,Indore,49,0
2018,Jabalpur,230,0
2018,Jhabua,698,0
2018,Katni,521,0
2018,Khargone,173,0
2018,Mandla,330,0
2018,Mandsaur,86,0
2018,Morena,570,0
2018,Narmadapuram,458,0
2018,Narsinghpur,376,0
2018,Neemuch,442,0
2018,Panna,242,0
2018,Raisen,229,0
2018,Rajgarh,326,0
2018,Ratlam,660,0
2018,Rewa,836,0
2018,Sagar,222,0
2018,Satna,1030,0
2018,Sehore,104,0
2018,Seoni,483,0
2018,Shahdol,303,0
2018,Shajapur,46,0
2018,Sheopur,3473,0
2018,Shivpuri,655,0
2018,Sidhi,1100,0
2018,Singrauli,1252,0
2018,Tikamgarh,535,0
2018,Ujjain,62,0
2018,Umaria,302,0
2018,Vidisha,269,0
2018,Ahmednagar,11,0
2018,Akola,36,0
2018,Amravati,52,0
2018,Aurangabad,7,0
2018,Beed,8,0
2018,Bhandara,14,1
2018,Buldhana,24,0
2018,Chandrapur,90,0
2018,Dhule,18,0
2018,Gadchiroli,2588,3
2018,Gondia,301,2
2018,Hingoli,2,0
2018,Jalgaon,6,0
2018,Jalna,1,0
2018,Kolhapur,24,0
2018,Latur,13,0
2018,Mumbai,5051,2
2018,Nagpur,23,0
2018,Nagpur MC#,5,0
2018,Nanded,4,0
2018,Nandurbar,51,0
2018,Nashik,9,0
2018,Osmanabad,6,0
2018,Palghar,221,2
2018,Parbhani,4,0
2018,Pune,51,0
2018,Pune MC#,2,0
2018,Raigad,378,0
2018,Ratnagiri,78,0
2018,Sangli,31,0
2018,Satara,85,0
2018,Sindhudurg,57,0
2018,Solapur,8,0
2018,Thane,1467,3
2018,Wardha,6,0
2018,Washim,11,0
2018,Yavatmal,14,0
2019,Bishnupur,0,0
2019,Chandel,0,0
2019,Churachandpur,7,0
2019,Imphal East,0,0
2019,Imphal Urban#,0,0
2019,Imphal West,1,0
2019,Jiribam,1,0
2019,Kangpokpi,0,0
2019,Senapati,0,0
2019,Tamenglong,0,0
2019,Tengnoupal,3,0
2019,Thoubal,0,0
2019,Ukhrul,0,0
2019,East Garo Hills,697,1
2019,East Khasi Hills,52,0
2019,Ri Bhoi,59,1
2019,South Garo Hills,4437,2
2019,West Garo Hills,577,1
2019,West Jaintia Hills,251,0
2019,West Khasi Hills,321,1
2019,Aizawl,12,0
2019,Aizawl West#,45,0
2019,Champhai,6,0
2019,Kolasib,36,0
2019,Lawngtlai,2222,1
2019,Lunglei,1092,0
2019,Mamit,772,1
2019,Saiha,103,0
2019,Serchhip,8,1
2019,Mon,7,0
2019,Dimapur,15,0
2019,Kiphire,34,0
2019,Kohima,4,0
2019,Longleng,1,0
2019,Mokokchung,5,0
2019,Peren,0,0
2019,Phek,5,0
2019,Tuensang,11,0
2019,UVBDS Dimapur#,13,0
2019,Wokha,8,0
2019,Zunheboto,10,0
2019,Anugul,647,0
2019,Balangir,595,0
2019,Baleshwar,107,0
2019,Bargarh,683,0
2019,Bhadrak,98,0
2019,Boudh,252,0
2019,Cuttack,115,0
2019,Deogarh,168,0
2019,Dhenkanal,244,0
2019,Gajapati,4125,0
2019,Ganjam,9139,1
2019,Jagatsinghapur,48,0
2019,Jajapur,275,0
2019,Jharsuguda,207,1
2019,Kalahandi,8696,0
2019,Kandhamal,4698,0
2019,Kendrapara,40,0
2019,Kendujhar,2850,0
2019,Khordha,333,0
2019,Koraput,6800,0
2019,Malkangiri,9333,0
2019,Mayurbhanj,2225,0
2019,Nabarangpur,3182,0
2019,Nayagarh,496,0
2019,Nuapada,607,0
2019,Puri,89,0
2019,Rayagada,5128,0
2019,Sambalpur,319,0
2019,Sonepur,407,0
2019,Sundargarh,4405,1
2019,Karaikal,2,0
2019,Mahe,1,0
2019,Pondicherry,50,0
2019,Yanam,1,1
2019,Amritsar,13,0
2019,Barnala,1,0
2019,Bathinda,44,0
2019,Faridkot,19,0
2019,Fatehgarh Sahib,5,0
2019,Fazilka,9,0
2019,Ferozepur,15,0
2019,Gurdaspur,13,0
2019,Hoshiarpur,126,0
2019,Jalandhar,17,0
2019,Kapurthala,1,0
2019,Ludhiana,36,0
2019,Mansa,131,0
2019,Moga,1,0
2019,Pathankot,5,0
2019,Patiala,27,0
2019,Rupnagar,2,0
2019,S.A.S Nagar,4,0
2019,Sangrur,14,0
2019,"Shahid Bhagat Singh
Nagar",96,0
2019,Sri Muktsar Sahib,33,0
2019,Tarn taran,12,0
2019,Ajmer,35,0
2019,Alwar,157,0
2019,Banswara,291,0
2019,Baran,236,0
2019,Barmer,277,0
2019,Bharatpur,273,0
2019,Bhilwara,72,0
2019,Bikaner,72,0
2019,Bundi,97,0
2019,Chittorgarh,219,0
2019,Churu,130,0
2019,Dausa,19,0
2019,Dholpur,46,0
2019,Dungarpur,558,0
2019,Ganganagar,63,0
2019,Hanumangarh,54,0
2019,Jaipur,128,0
2019,Jaisalmer,90,0
2019,Jalore,74,0
2019,Jhalawar,74,0
2019,Jhunjhunu,33,0
2019,Jodhpur,153,0
2019,Karauli,14,0
2019,Kota,201,0
2019,Nagaur,205,0
2019,Pali,206,0
2019,Pratapgarh,331,0
2019,Rajsamand,316,0
2019,Sawai Madhopur,29,0
2019,Sikar,35,0
2019,Sirohi,118,0
2019,Tonk,19,0
2019,Udaipur,1103,0
2019,Gangtok,4,0
2019,Gyalshing,0,0
2019,Mangan,0,0
2019,Namchi,2,0
2019,Aranthangi#,1,0
2019,Ariyalur,0,0
2019,Chengalpattu,8,0
2019,Chennai,2823,0
2019,Cheyyar#,9,0
2019,Coimbatore,14,0
2019,Cuddalore,6,0
2019,Dharmapuri,10,0
2019,Dindigul,18,0
2019,Erode,1,0
2019,Kallakurichi,4,0
2019,Kanchipuram,6,0
2019,Kanniyakumari,167,0
2019,Karur,2,0
2019,Kovilpatti#,3,0
2019,Krishnagiri,1,0
2019,Madurai,29,0
2019,Nagapattinam,10,0
2019,Namakkal,23,0
2019,Palani#,5,0
2019,Paramakudi#,6,0
2019,Perambalur,3,0
2019,Poonamallee#,2,0
2019,Pudukkottai,6,0
2019,Ramanathapuram,49,0
2019,Salem,64,0
2019,Sivaganga,1,0
2019,Sivakasi#,4,0
2019,Tenkasi,10,0
2019,Thanjavur,17,0
2019,The Nilgiris,0,0
2019,Theni,9,0
2019,Thiruvallur,10,0
2019,Thiruvarur,17,0
2019,Tiruchirappalli,87,0
2019,Tirunelveli,10,0
2019,Tirupathur,4,0
2019,Tiruppur,0,0
2019,Tiruvannamalai,129,0
2019,Tuticorin,25,0
2019,Vellore,118,0
2019,Villupuram,43,0
2019,Virudhunagar,4,0
2019,Adilabad,7,0
2019,Bhadradri Kothagudem,447,0
2019,Hanumakonda,14,0
2019,Hyderabad,438,0
2019,Jagitial,5,0
2019,Jangoan,9,0
2019,"Jayashankar
Bhupalapally",545,0
2019,Jogulamba Gadwal,7,0
2019,Kamareddy,6,0
2019,Karimnagar,9,0
2019,Khammam,7,0
2019,Kumuram Bheem Asifabad,70,0
2019,Mahabubabad,41,0
2019,Mahabubnagar,5,0
2019,Mancherial,3,0
2019,Medak,12,0
2019,Medchal Malkajgiri,35,0
2019,Nagarkurnool,5,0
2019,Nalgonda,2,0
2019,Nirmal,6,0
2019,Nizamabad,18,0
2019,Peddapalli,1,0
2019,Rajanna Sircilla,1,0
2019,Ranga Reddy,21,0
2019,Sangareddy,39,0
2019,Siddipet,5,0
2019,Suryapet,10,0
2019,Vikarabad,4,0
2019,Wanaparthy,0,0
2019,Warangal,19,0
2019,Yadadri Bhuvanagiri,1,0
2019,Dhalai,8976,6
2019,Gomati,986,4
2019,Khowai,583,1
2019,North Tripura,1138,1
2019,Sepahijala,37,0
2019,South Tripura,1093,1
2019,Unakoti,136,0
2019,West Tripura,130,0
2019,Agra,82,0
2019,Aligarh,642,0
2019,Ambedkar Nagar,17,0
2019,Amethi,31,0
2019,Amroha,181,0
2019,Auraiya,711,0
2019,Ayodhya,22,0
2019,Azamgarh,8,0
2019,Baghpat,51,0
2019,Bahraich,164,0
2019,Ballia,0,0
2019,Balrampur,8,0
2019,Banda,316,0
2019,Barabanki,39,0
2019,Bareilly,37482,0
2019,Basti,11,0
2019,Bhadohi,559,0
2019,Bijnor,336,0
2019,Budaun,20289,0
2019,Bulandshahr,246,0
2019,Chandauli,106,0
2019,Chitrakoot,452,0
2019,Deoria,9,0
2019,Etah,586,0
2019,Etawah,77,0
2019,Farrukhabad,1362,0
2019,Fatehpur,445,0
2019,Firozabad,116,0
2019,Gautam Buddha Nagar,434,0
2019,Ghaziabad,105,0
2019,Ghazipur,27,0
2019,Gonda,50,0
2019,Gorakhpur,5,0
2019,Hamirpur,290,0
2019,Hapur,186,0
2019,Hardoi,3779,0
2019,Hathras,214,0
2019,Jalaun,244,0
2019,Jaunpur,119,0
2019,Jhansi,267,0
2019,Kannauj,403,0
2019,Kanpur Dehat,672,0
2019,Kanpur Nagar,403,0
2019,Kasganj,436,0
2019,Kaushambi,236,0
2019,Kheri,187,0
2019,Kushi Nagar,86,0
2019,Lalitpur,147,0
2019,Lucknow,168,0
2019,Maharajganj,20,0
2019,Mahoba,78,0
2019,Mainpuri,133,0
2019,Mathura,101,0
2019,Mau,11,0
2019,Meerut,53,0
2019,Mirzapur,2678,0
2019,Moradabad,410,0
2019,Muzaffarnagar,199,0
2019,Pilibhit,494,0
2019,Pratapgarh,61,0
2019,Prayagraj,1907,0
2019,Rae Bareli,21,0
2019,Rampur,466,0
2019,Saharanpur,440,0
2019,Sambhal,208,0
2019,Sant Kabeer Nagar,7,0
2019,Shahjahanpur,393,0
2019,Shamli,143,0
2019,Shravasti,25,0
2019,Siddharth Nagar,124,0
2019,Sitapur,767,0
2019,Sonbhadra,4249,0
2019,Sultanpur,313,0
2019,Unnao,44,0
2019,Varanasi,335,0
2019,Almora,0,0
2019,Bageshwar,0,0
2019,Chamoli,4,0
2019,Champawat,27,0
2019,Dehradun,49,0
2019,Haridwar,110,0
2019,Nainital,111,0
2019,Pauri Garhwal,57,0
2019,Pithoragarh,0,0
2019,Rudra Prayag,0,0
2019,Tehri Garhwal,1,0
2019,Udam Singh Nagar,50,0
2019,Uttar Kashi,0,0
2019,24 Paraganas North,286,0
2019,24 Paraganas South,670,0
2019,Alipurduar,188,0
2019,Bankura,404,1
2019,Basirhat HD#,233,0
2019,Birbhum,127,1
2019,Bishnupur HD#,85,0
2019,Coochbehar,235,0
2019,Diamond Harbour HD#,243,0
2019,Dinajpur Dakshin,284,0
2019,Dinajpur Uttar,189,1
2019,Hooghly,241,0
2019,Howrah,746,0
2019,Jalpaiguri,45,0
2019,Jhargram,189,0
2019,Kalimpong,95,0
2019,KMUHO#,40,0
2019,Kolkata,14969,4
2019,Maldah,724,0
2019,Medinipur East,201,0
2019,Medinipur West,175,0
2019,Murshidabad,1068,0
2019,Nadia,427,0
2019,Nandigram HD#,62,0
2019,Paschim Bardhaman,54,0
2019,Purba Bardhaman,125,1
2019,Purulia,406,0
2019,Pvt. Hospital & Others#,395,0
2019,Rampurhat HD#,3534,0
2019,Nicobars,186,0
2019,"North And Middle
Andaman",2,0
2019,South Andamans,14,0
2019,Anantapur,74,0
2019,Chittoor,8,0
2019,East Godavari,646,0
2019,Guntur,621,0
2019,Krishna,21,0
2019,Kurnool,38,0
2019,Prakasam,60,0
2019,SPSR Nellore,34,0
2019,Srikakulam,125,0
2019,Visakhapatanam,1121,0
2019,Vizianagaram,124,0
2019,West Godavari,145,0
2019,Y.S.R.,87,0
2019,Anjaw,0,0
2019,Changlang,11,0
2019,Dibang Valley,0,0
2019,East Kameng,17,0
2019,East Siang,13,0
2019,Kra Daadi,0,0
2019,Kurung Kumey,0,0
2019,Lohit,3,0
2019,Longding,3,0
2019,Lower Dibang Valley,2,0
2019,Lower Siang,0,0
2019,Lower Subansiri,2,0
2019,Namsai,10,0
2019,Papum Pare,6,0
2019,Siang,4,0
2019,Tawang,0,0
2019,Tirap,10,0
2019,Upper Siang,0,0
2019,Upper Subansiri,47,0
2019,West Kameng,8,0
2019,West Siang,3,0
2019,Baksa,10,0
2019,Barpeta,12,1
2019,Bongaigaon,11,0
2019,Cachar,33,0
2019,Chirang,88,0
2019,Darrang,10,0
2019,Dhemaji,5,0
2019,Dhubri,24,0
2019,Dibrugarh,7,0
2019,Dima Hasao,64,0
2019,Goalpara,58,0
2019,Golaghat,4,0
2019,Hailakandi,4,0
2019,Jorhat,7,0
2019,Kamrup,12,0
2019,Kamrup Metro,8,0
2019,Karbi Anglong,95,0
2019,Karimganj,56,2
2019,Kokrajhar,447,1
2019,Lakhimpur,0,0
2019,Marigaon,14,0
2019,Nagaon,40,0
2019,Nalbari,4,0
2019,Sivasagar,3,0
2019,Sonitpur,24,0
2019,Tinsukia,4,0
2019,Udalguri,415,0
2019,Araria,18,0
2019,Arwal,6,0
2019,Aurangabad,40,0
2019,Banka,13,0
2019,Begusarai,15,0
2019,Bhagalpur,28,0
2019,Bhojpur,13,0
2019,Buxar,26,0
2019,Darbhanga,0,0
2019,Gaya,67,0
2019,Gopalganj,19,0
2019,Jamui,351,0
2019,Jehanabad,18,0
2019,Kaimur (Bhabua),148,0
2019,Katihar,35,0
2019,Khagaria,7,0
2019,Kishanganj,36,0
2019,Lakhisarai,44,0
2019,Madhepura,35,0
2019,Madhubani,126,0
2019,Munger,79,0
2019,Muzaffarpur,4,0
2019,Nalanda,4,0
2019,Nawada,210,0
2019,Pashchim Champaran,5,0
2019,Patna,8,0
2019,Purbi Champaran,19,0
2019,Purnia,87,0
2019,Rohtas,45,0
2019,Saharsa,11,0
2019,Samastipur,40,0
2019,Saran,9,0
2019,Sheikhpura,2,0
2019,Sheohar,0,0
2019,Sitamarhi,1,0
2019,Siwan,0,0
2019,Supaul,4,0
2019,Vaishali,35,0
2019,Chandigarh,22,0
2019,Balod,287,0
2019,Baloda Bazar,129,0
2019,Balrampur,2534,0
2019,Bastar,6868,5
2019,Bemetara,27,0
2019,Bijapur,12144,4
2019,Bilaspur,938,0
2019,Dantewada,9027,13
2019,Dhamtari,573,0
2019,Durg,347,0
2019,Gariyaband,875,0
2019,Janjgir-Champa,191,0
2019,Jashpur,3064,0
2019,Kabirdham,461,0
2019,Kanker,2748,0
2019,Kondagaon,2446,3
2019,Korba,1524,0
2019,Korea,450,0
2019,Mahasamund,142,0
2019,Mungeli,66,0
2019,Narayanpur,4294,1
2019,Raigarh,824,0
2019,Raipur,26,0
2019,RajnandGaon,841,0
2019,Sukma,8376,5
2019,Surajpur,648,0
2019,Surguja,608,0
2019,"Dadra And Nagar
Haveli",73,0
2019,Daman,8,0
2019,Diu,0,0
2019,New Delhi,713,0
2019,North Goa,205,0
2019,South Goa,67,0
2019,Ahmadabad,58,0
2019,Ahmadabad MC#,4306,1
2019,Amreli,236,0
2019,Anand,68,0
2019,Arvalli,53,0
2019,Banas kantha,340,0
2019,Bharuch,188,0
2019,Bhavnagar,75,0
2019,Bhavnagar MC#,44,0
2019,Botad,31,0
2019,Chhotaudepur,181,0
2019,Dang,34,0
2019,Devbhumi Dwarka,48,0
2019,Dohad,361,0
2019,Gandhinagar,126,0
2019,Gandhinagar MC#,161,0
2019,Gir Somnath,159,0
2019,Jamnagar,82,0
2019,Jamnagar MC#,16,0
2019,Junagadh,278,0
2019,Junagadh MC#,11,0
2019,Kachchh,533,0
2019,Kheda,76,0
2019,Mahesana,121,0
2019,Mahisagar,89,0
2019,Morbi,224,0
2019,Narmada,63,0
2019,Navsari,88,0
2019,Panch Mahals,197,0
2019,Patan,156,0
2019,Porbandar,45,0
2019,Rajkot,106,0
2019,Rajkot MC#,98,0
2019,Sabar kantha,230,0
2019,Surat,217,0
2019,Surat MC#,3657,0
2019,Surendranagar,535,0
2019,Tapi,63,0
2019,Vadodara,75,0
2019,Vadodara MC#,400,0
2019,Valsad,54,0
2019,Ambala,7,0
2019,Bhiwani,4,0
2019,Charki Dadri,13,0
2019,Faridabad,67,0
2019,Fatehabad,5,0
2019,Gurugram,15,0
2019,Hisar,46,0
2019,Jhajjar,45,0
2019,Jind,3,0
2019,Kaithal,0,0
2019,Karnal,1,0
2019,Kurukshetra,9,0
2019,Mahendragarh,1,0
2019,Nuh,942,0
2019,Palwal,182,0
2019,Panchkula,47,0
2019,Panipat,13,0
2019,Rewari,8,0
2019,Rohtak,13,0
2019,Sirsa,48,0
2019,Sonipat,7,0
2019,Yamunanagar,21,0
2019,Bilaspur,6,0
2019,Chamba,0,0
2019,Hamirpur,73,0
2019,Kangra,2,0
2019,Kullu,2,0
2019,Mandi,4,0
2019,Shimla,0,0
2019,Sirmaur,19,0
2019,Solan,3,0
2019,Una,0,0
2019,Baramulla,0,0
2019,Doda,1,0
2019,Jammu,11,0
2019,Kathua,23,0
2019,Kishtwar,0,0
2019,Poonch,17,0
2019,Rajouri,22,0
2019,Ramban,1,0
2019,Reasi,5,0
2019,Samba,2,0
2019,Udhampur,7,0
2019,UMCP Jammu#,16,0
2019,Bokaro,215,0
2019,Chatra,885,0
2019,Deoghar,13,0
2019,Dhanbad,28,0
2019,Dumka,103,0
2019,East Singhbum,2464,1
2019,Garhwa,2814,0
2019,Giridih,2638,0
2019,Godda,572,0
2019,Gumla,808,0
2019,Hazaribagh,1412,0
2019,Jamtara,12,0
2019,Khunti,1470,0
2019,Koderma,342,0
2019,Latehar,4738,0
2019,Lohardaga,273,0
2019,Pakur,299,0
2019,Palamu,1737,0
2019,Ramgarh,365,0
2019,Ranchi,347,0
2019,Sahebganj,611,0
2019,Saraikela Kharsawan,1075,0
2019,Simdega,594,0
2019,West Singhbhum,13318,1
2019,A.M.U. Almatti#,1,0
2019,A.M.U. B. Gudi#,0,0
2019,A.M.U. Kembhavi#,0,0
2019,Bagalkote,41,0
2019,Ballari,17,0
2019,BBMP#,37,0
2019,Belagavi,18,0
2019,Bengaluru Rural,5,0
2019,Bengaluru Urban,4,0
2019,Bidar,16,0
2019,Chamarajanagara,1,0
2019,ChikkaBallaPura,12,0
2019,Chikkamagaluru,9,0
2019,Chitradurga,9,0
2019,Dakshina Kannada,2797,0
2019,Davangere,8,0
2019,Dharwad,17,0
2019,Gadag,62,0
2019,Hassan,32,0
2019,Haveri,12,0
2019,Kalaburagi,43,0
2019,Kodagu,0,0
2019,Kolar,1,0
2019,Koppal,15,0
2019,Mandya,1,0
2019,Mysuru,0,0
2019,Raichur,25,0
2019,Ramanagara,5,0
2019,Shivamogga,16,0
2019,Tumakuru,27,0
2019,U.K.P.N. PURA#,73,0
2019,Udupi,153,0
2019,Uttara Kannada,14,0
2019,Vijayapura,15,0
2019,Yadgir,13,0
2019,Alappuzha,13,0
2019,Ernakulam,75,0
2019,Idukki,11,0
2019,Kannur,62,0
2019,Kasaragod,70,0
2019,Kollam,40,0
2019,Kottayam,41,0
2019,Kozhikode,79,0
2019,Malappuram,66,0
2019,Palakkad,29,0
2019,Pathanamthitta,35,0
2019,Thiruvananthapuram,44,0
2019,Thrissur,76,0
2019,Wayanad,15,0
2019,Lakshadweep District,11,0
2019,Agar Malwa,19,0
2019,Alirajpur,83,0
2019,Anuppur,311,0
2019,Ashoknagar,206,0
2019,Balaghat,156,1
2019,Barwani,32,0
2019,Betul,86,0
2019,Bhind,261,0
2019,Bhopal,117,0
2019,Burhanpur,13,0
2019,Chhatarpur,61,0
2019,Chhindwara,565,0
2019,Damoh,78,0
2019,Datia,313,0
2019,Dewas,38,0
2019,Dhar,263,0
2019,Dindori,80,0
2019,East Nimar,42,0
2019,Guna,288,0
2019,Gwalior,169,0
2019,Harda,15,0
2019,Indore,32,0
2019,Jabalpur,94,0
2019,Jhabua,355,0
2019,Katni,265,0
2019,Khargone,79,0
2019,Mandla,196,0
2019,Mandsaur,53,0
2019,Morena,335,0
2019,Narmadapuram,89,0
2019,Narsinghpur,86,0
2019,Neemuch,170,0
2019,Panna,357,0
2019,Raisen,137,0
2019,Rajgarh,181,0
2019,Ratlam,269,0
2019,Rewa,767,0
2019,Sagar,130,0
2019,Satna,891,0
2019,Sehore,113,2
2019,Seoni,102,0
2019,Shahdol,192,0
2019,Shajapur,30,0
2019,Sheopur,3327,0
2019,Shivpuri,385,0
2019,Sidhi,610,0
2019,Singrauli,960,0
2019,Tikamgarh,198,0
2019,Ujjain,29,0
2019,Umaria,351,0
2019,Vidisha,168,0
2019,Ahmednagar,2,0
2019,Akola,11,0
2019,Amravati,31,0
2019,Aurangabad,1,0
2019,Beed,0,0
2019,Bhandara,7,0
2019,Buldhana,13,0
2019,Chandrapur,52,1
2019,Dhule,8,0
2019,Gadchiroli,2428,1
2019,Gondia,224,3
2019,Hingoli,1,0
2019,Jalgaon,4,0
2019,Jalna,3,0
2019,Kolhapur,27,0
2019,Latur,3,0
2019,Mumbai,4357,0
2019,Nagpur,10,1
2019,Nagpur MC#,2,0
2019,Nanded,3,0
2019,Nandurbar,26,0
2019,Nashik,6,0
2019,Osmanabad,2,0
2019,Palghar,144,0
2019,Parbhani,2,0
2019,Pune,23,0
2019,Pune MC#,0,0
2019,Raigad,229,0
2019,Ratnagiri,66,0
2019,Sangli,16,0
2019,Satara,44,0
2019,Sindhudurg,39,1
2019,Solapur,9,0
2019,Thane,1056,0
2019,Wardha,4,0
2019,Washim,5,0
2019,Yavatmal,8,0
2020,Bishnupur,0,0
2020,Chandel,1,0
2020,Churachandpur,3,0
2020,Imphal East,1,0
2020,Imphal Urban#,0,0
2020,Imphal West,1,0
2020,Jiribam,1,0
2020,Kangpokpi,2,0
2020,Senapati,2,0
2020,Tamenglong,1,0
2020,Tengnoupal,1,0
2020,Thoubal,1,0
2020,Ukhrul,2,0
2020,East Garo Hills,637,1
2020,East Jaintia Hills,185,0
2020,East Khasi Hills,29,0
2020,Ri Bhoi,14,0
2020,South Garo Hills,1264,2
2020,West Garo Hills,316,0
2020,West Khasi Hills,170,1
2020,Aizawl,37,1
2020,Aizawl West#,53,0
2020,Champhai,19,1
2020,Kolasib,24,0
2020,Lawngtlai,3780,3
2020,Lunglei,2430,3
2020,Mamit,1903,0
2020,Saiha,279,0
2020,Serchhip,18,0
2020,Mon,1,0
2020,Dimapur,2,0
2020,Kiphire,4,0
2020,Kohima,1,0
2020,Longleng,0,0
2020,Mokokchung,0,0
2020,Peren,1,0
2020,Phek,0,0
2020,Tuensang,4,0
2020,UVBDS Dimapur#,0,0
2020,Wokha,6,0
2020,Zunheboto,1,0
2020,Anugul,86,0
2020,Balangir,346,0
2020,Baleshwar,25,0
2020,Bargarh,617,1
2020,Bhadrak,44,0
2020,Boudh,133,0
2020,Cuttack,31,0
2020,Deogarh,47,0
2020,Dhenkanal,89,0
2020,Gajapati,1252,0
2020,Ganjam,3390,0
2020,Jagatsinghapur,18,0
2020,Jajapur,105,0
2020,Jharsuguda,142,0
2020,Kalahandi,6012,0
2020,Kandhamal,2978,1
2020,Kendrapara,22,0
2020,Kendujhar,453,1
2020,Khordha,150,0
2020,Koraput,4619,0
2020,Malkangiri,8690,0
2020,Mayurbhanj,492,0
2020,Nabarangpur,1512,1
2020,Nayagarh,241,0
2020,Nuapada,230,1
2020,Puri,71,0
2020,Rayagada,5719,0
2020,Sambalpur,133,0
2020,Sonepur,141,0
2020,Sundargarh,1768,4
2020,Karaikal,5,0
2020,Mahe,0,0
2020,Pondicherry,14,0
2020,Yanam,2,0
2020,Amritsar,3,0
2020,Barnala,6,0
2020,Bathinda,160,0
2020,Faridkot,35,0
2020,Fatehgarh Sahib,11,0
2020,Fazilka,28,0
2020,Ferozepur,10,0
2020,Gurdaspur,27,0
2020,Hoshiarpur,309,0
2020,Jalandhar,7,0
2020,Kapurthala,2,0
2020,Ludhiana,27,0
2020,Mansa,260,0
2020,Moga,3,0
2020,Pathankot,7,0
2020,Patiala,16,0
2020,Rupnagar,10,0
2020,S.A.S Nagar,10,0
2020,Sangrur,7,0
2020,Shahid Bhagat Singh Nagar,162,0
2020,Sri Muktsar Sahib,35,0
2020,Tarn taran,4,0
2020,Ajmer,20,0
2020,Alwar,90,0
2020,Banswara,138,0
2020,Baran,107,0
2020,Barmer,191,0
2020,Bharatpur,85,0
2020,Bhilwara,59,0
2020,Bikaner,39,1
2020,Bundi,41,0
2020,Chittorgarh,149,0
2020,Churu,57,0
2020,Dausa,14,0
2020,Dholpur,15,0
2020,Dungarpur,120,0
2020,Ganganagar,15,0
2020,Hanumangarh,34,0
2020,Jaipur,80,0
2020,Jaisalmer,311,0
2020,Jalore,48,0
2020,Jhalawar,29,0
2020,Jhunjhunu,15,0
2020,Jodhpur,141,0
2020,Karauli,20,0
2020,Kota,98,0
2020,Nagaur,73,0
2020,Pali,208,0
2020,Pratapgarh,160,0
2020,Rajsamand,145,0
2020,Sawai Madhopur,23,0
2020,Sikar,12,0
2020,Sirohi,69,0
2020,Tonk,20,0
2020,Udaipur,795,0
2020,Gangtok,4,0
2020,Gyalshing,2,0
2020,Mangan,0,0
2020,Namchi,1,0
2020,Aranthangi#,0,0
2020,Ariyalur,0,0
2020,Chengalpattu,67,0
2020,Chennai,1452,0
2020,Cheyyar#,10,0
2020,Coimbatore,38,0
2020,Cuddalore,4,0
2020,Dharmapuri,9,0
2020,Dindigul,12,0
2020,Erode,5,0
2020,Kallakurichi,2,0
2020,Kanchipuram,13,0
2020,Kanniyakumari,52,0
2020,Karur,5,0
2020,Kovilpatti#,2,0
2020,Krishnagiri,2,0
2020,Madurai,16,0
2020,Nagapattinam,8,0
2020,Namakkal,6,0
2020,Palani#,1,0
2020,Paramakudi#,11,0
2020,Perambalur,1,0
2020,Poonamallee#,6,0
2020,Pudukkottai,1,0
2020,Ramanathapuram,40,0
2020,Salem,27,0
2020,Sivaganga,2,0
2020,Sivakasi#,1,0
2020,Tenkasi,5,0
2020,Thanjavur,11,0
2020,The Nilgiris,0,0
2020,Theni,11,0
2020,Thiruvallur,41,0
2020,Thiruvarur,3,0
2020,Tiruchirappalli,46,0
2020,Tirunelveli,3,0
2020,Tirupathur,1,0
2020,Tiruppur,0,0
2020,Tiruvannamalai,63,0
2020,Tuticorin,21,0
2020,Vellore,77,0
2020,Villupuram,5,0
2020,Virudhunagar,8,0
2020,Adilabad,1,0
2020,Bhadradri Kothagudem,604,0
2020,Hanumakonda,9,0
2020,Hyderabad,305,0
2020,Jagitial,5,0
2020,Jangoan,6,0
2020,"Jayashankar
Bhupalapally",18,0
2020,Jogulamba Gadwal,0,0
2020,Kamareddy,7,0
2020,Karimnagar,5,0
2020,Khammam,5,0
2020,Kumuram Bheem Asifabad,100,0
2020,Mahabubabad,33,0
2020,Mahabubnagar,5,0
2020,Mancherial,2,0
2020,Medak,13,0
2020,Medchal Malkajgiri,76,0
2020,Mulugu,315,0
2020,Nagarkurnool,7,0
2020,Nalgonda,0,0
2020,Narayanpet,3,0
2020,Nirmal,1,0
2020,Nizamabad,30,0
2020,Peddapalli,4,0
2020,Rajanna Sircilla,1,0
2020,Ranga Reddy,58,0
2020,Sangareddy,48,0
2020,Siddipet,4,0
2020,Suryapet,5,0
2020,Vikarabad,9,0
2020,Wanaparthy,15,0
2020,Warangal,16,0
2020,Yadadri Bhuvanagiri,1,0
2020,Dhalai,3453,1
2020,Gomati,2841,0
2020,Khowai,589,0
2020,North Tripura,1338,0
2020,Sepahijala,25,0
2020,South Tripura,3887,0
2020,Unakoti,196,0
2020,West Tripura,108,0
2020,Agra,81,0
2020,Aligarh,787,0
2020,Ambedkar Nagar,11,0
2020,Amethi,47,0
2020,Amroha,204,0
2020,Auraiya,687,0
2020,Ayodhya,26,0
2020,Azamgarh,28,0
2020,Baghpat,43,0
2020,Bahraich,17,0
2020,Ballia,0,0
2020,Balrampur,4,0
2020,Banda,334,0
2020,Barabanki,39,0
2020,Bareilly,46717,0
2020,Basti,7,0
2020,Bhadohi,399,0
2020,Bijnor,310,0
2020,Budaun,20339,0
2020,Bulandshahr,252,0
2020,Chandauli,35,0
2020,Chitrakoot,332,0
2020,Deoria,9,0
2020,Etah,538,0
2020,Etawah,101,0
2020,Farrukhabad,923,0
2020,Fatehpur,515,0
2020,Firozabad,103,0
2020,Gautam Buddha Nagar,424,0
2020,Ghaziabad,179,0
2020,Ghazipur,14,0
2020,Gonda,27,0
2020,Gorakhpur,10,0
2020,Hamirpur,266,0
2020,Hapur,227,0
2020,Hardoi,2604,0
2020,Hathras,144,0
2020,Jalaun,119,0
2020,Jaunpur,56,0
2020,Jhansi,152,0
2020,Kannauj,469,0
2020,Kanpur Dehat,646,0
2020,Kanpur Nagar,426,0
2020,Kasganj,756,0
2020,Kaushambi,94,0
2020,Kheri,209,0
2020,Kushi Nagar,118,0
2020,Lalitpur,106,0
2020,Lucknow,146,0
2020,Maharajganj,13,0
2020,Mahoba,48,0
2020,Mainpuri,154,0
2020,Mathura,69,0
2020,Mau,11,0
2020,Meerut,58,0
2020,Mirzapur,1940,0
2020,Moradabad,477,0
2020,Muzaffarnagar,97,0
2020,Pilibhit,659,0
2020,Pratapgarh,49,0
2020,Prayagraj,1578,0
2020,Rae Bareli,13,0
2020,Rampur,291,0
2020,Saharanpur,194,0
2020,Sambhal,290,0
2020,Sant Kabeer Nagar,11,0
2020,Shahjahanpur,883,0
2020,Shamli,97,0
2020,Shravasti,10,0
2020,Siddharth Nagar,179,0
2020,Sitapur,1264,0
2020,Sonbhadra,3689,0
2020,Sultanpur,243,0
2020,Unnao,42,0
2020,Varanasi,293,0
2020,Almora,0,0
2020,Bageshwar,0,0
2020,Chamoli,0,0
2020,Champawat,53,0
2020,Dehradun,34,0
2020,Haridwar,63,0
2020,Nainital,96,0
2020,Pauri Garhwal,22,0
2020,Pithoragarh,0,0
2020,Rudra Prayag,0,0
2020,Tehri Garhwal,4,0
2020,Udam Singh Nagar,24,0
2020,Uttar Kashi,0,0
2020,24 Paraganas North,307,1
2020,24 Paraganas South,757,0
2020,Alipurduar,444,0
2020,Bankura,227,0
2020,Basirhat HD#,166,1
2020,Birbhum,68,0
2020,Bishnupur HD#,77,0
2020,Coochbehar,25,0
2020,Darjeeling,14,0
2020,Diamond Harbour HD#,316,1
2020,Dinajpur Dakshin,79,0
2020,Dinajpur Uttar,60,0
2020,Hooghly,162,0
2020,Howrah,844,0
2020,Jalpaiguri,33,0
2020,Jhargram,138,0
2020,Kalimpong,0,0
2020,Kolkata,18593,1
2020,Maldah,422,0
2020,Medinipur East,180,0
2020,Medinipur West,112,0
2020,Murshidabad,1097,1
2020,Nadia,335,0
2020,Nandigram HD#,56,0
2020,Paschim Bardhaman,14,0
2020,Purba Bardhaman,115,0
2020,Purulia,332,1
2020,Pvt. Hospital & Others#,879,0
2020,Rampurhat HD#,76,0
2020,Nicobars,74,1
2020,"North And Middle
Andaman",3,0
2020,South Andamans,8,1
2020,Anantapur,41,0
2020,Chittoor,3,0
2020,East Godavari,283,0
2020,Guntur,25,0
2020,Krishna,21,0
2020,Kurnool,32,0
2020,Prakasam,34,0
2020,SPSR Nellore,11,0
2020,Srikakulam,34,0
2020,Visakhapatanam,1260,0
2020,Vizianagaram,120,0
2020,West Godavari,133,0
2020,Y.S.R.,30,0
2020,Anjaw,1,0
2020,Changlang,3,0
2020,Dibang Valley,0,0
2020,East Kameng,0,0
2020,East Siang,2,0
2020,Kra Daadi,0,0
2020,Kurung Kumey,2,0
2020,Lohit,7,0
2020,Longding,0,0
2020,Lower Dibang Valley,0,0
2020,Lower Siang,1,0
2020,Lower Subansiri,1,0
2020,Namsai,7,0
2020,Papum Pare,3,0
2020,Siang,2,0
2020,Tawang,0,0
2020,Tirap,1,0
2020,Upper Siang,0,0
2020,Upper Subansiri,1,0
2020,West Kameng,0,0
2020,West Siang,2,0
2020,Baksa,8,0
2020,Barpeta,1,0
2020,Bongaigaon,3,0
2020,Cachar,15,0
2020,Chirang,52,0
2020,Darrang,6,0
2020,Dhemaji,4,0
2020,Dhubri,13,1
2020,Dibrugarh,0,0
2020,Dima Hasao,69,1
2020,Goalpara,15,0
2020,Golaghat,4,0
2020,Hailakandi,4,0
2020,Jorhat,3,0
2020,Kamrup,18,0
2020,Kamrup Metro,6,0
2020,Karbi Anglong,26,0
2020,Karimganj,4,0
2020,Kokrajhar,109,0
2020,Lakhimpur,1,0
2020,Marigaon,10,0
2020,Nagaon,11,0
2020,Nalbari,2,0
2020,Sivasagar,2,0
2020,Sonitpur,2,0
2020,Tinsukia,6,0
2020,Udalguri,90,0
2020,Araria,1,0
2020,Arwal,11,0
2020,Aurangabad,16,0
2020,Banka,2,0
2020,Begusarai,2,0
2020,Bhagalpur,3,0
2020,Bhojpur,0,0
2020,Buxar,2,0
2020,Darbhanga,0,0
2020,Gaya,2,0
2020,Gopalganj,3,0
2020,Jamui,18,0
2020,Jehanabad,1,0
2020,Kaimur (Bhabua),253,0
2020,Katihar,0,0
2020,Khagaria,1,0
2020,Kishanganj,4,0
2020,Lakhisarai,13,0
2020,Madhepura,0,0
2020,Madhubani,18,0
2020,Munger,2,0
2020,Muzaffarpur,1,0
2020,Nalanda,0,0
2020,Nawada,69,0
2020,Pashchim Champaran,1,0
2020,Patna,0,0
2020,Purbi Champaran,2,0
2020,Purnia,24,0
2020,Rohtas,66,0
2020,Saharsa,0,0
2020,Samastipur,0,0
2020,Saran,0,0
2020,Sheikhpura,0,0
2020,Sheohar,0,0
2020,Sitamarhi,0,0
2020,Siwan,0,0
2020,Supaul,1,0
2020,Vaishali,2,0
2020,Chandigarh,7,0
2020,Balod,356,6
2020,Baloda Bazar,184,0
2020,Balrampur,444,0
2020,Bastar,4812,6
2020,Bemetara,5,0
2020,Bijapur,6988,2
2020,Bilaspur,60,0
2020,Dantewada,6734,8
2020,Dhamtari,627,0
2020,Durg,159,0
2020,Gariyaband,841,0
2020,"Gaurella Pendra
Marwahi",187,0
2020,Janjgir-Champa,63,1
2020,Jashpur,966,0
2020,Kabirdham,136,0
2020,Kanker,2458,1
2020,Kondagaon,2828,2
2020,Korba,308,0
2020,Korea,303,0
2020,Mahasamund,190,1
2020,Mungeli,57,0
2020,Narayanpur,2840,1
2020,Raigarh,363,0
2020,Raipur,13,0
2020,RajnandGaon,710,0
2020,Sukma,3776,6
2020,Surajpur,76,0
2020,Surguja,183,0
2020,New Delhi,135,1
2020,North Goa,80,0
2020,South Goa,22,0
2020,Ahmadabad,20,0
2020,Ahmadabad MC#,130,0
2020,Amreli,33,0
2020,Anand,151,0
2020,Arvalli,20,0
2020,Banas kantha,91,0
2020,Bharuch,67,0
2020,Bhavnagar,58,0
2020,Bhavnagar MC#,14,0
2020,Botad,49,0
2020,Chhotaudepur,96,0
2020,Dang,438,1
2020,Devbhumi Dwarka,16,0
2020,Dohad,65,0
2020,Gandhinagar,11,0
2020,Gandhinagar MC#,697,0
2020,Gir Somnath,75,0
2020,Jamnagar,277,0
2020,Jamnagar MC#,27,0
2020,Junagadh,148,0
2020,Junagadh MC#,108,0
2020,Kachchh,36,0
2020,Kheda,663,0
2020,Mahesana,119,0
2020,Mahisagar,39,0
2020,Morbi,120,0
2020,Narmada,70,0
2020,Navsari,170,0
2020,Panch Mahals,35,0
2020,Patan,79,0
2020,Porbandar,38,0
2020,Rajkot,28,0
2020,Rajkot MC#,29,0
2020,Sabar kantha,44,0
2020,Surat,143,0
2020,Surat MC#,409,0
2020,Surendranagar,28,0
2020,Tapi,12,0
2020,Vadodara,48,0
2020,Vadodara MC#,62,0
2020,Valsad,8,0
2020,Ambala,0,0
2020,Bhiwani,1,0
2020,Charki Dadri,2,0
2020,Faridabad,9,0
2020,Fatehabad,0,0
2020,Gurugram,4,0
2020,Hisar,2,0
2020,Jhajjar,11,0
2020,Jind,0,0
2020,Kaithal,0,0
2020,Karnal,2,0
2020,Kurukshetra,2,0
2020,Mahendragarh,0,0
2020,Nuh,24,0
2020,Palwal,33,0
2020,Panchkula,0,0
2020,Panipat,1,0
2020,Rewari,2,0
2020,Rohtak,6,0
2020,Sirsa,8,0
2020,Sonipat,1,0
2020,Yamunanagar,3,0
2020,Bilaspur,0,0
2020,Chamba,0,0
2020,Hamirpur,26,0
2020,Kangra,2,0
2020,Kinnaur,0,0
2020,Kullu,0,0
2020,Lahul And Spiti,0,0
2020,Mandi,0,0
2020,Shimla,0,0
2020,Sirmaur,4,0
2020,Solan,2,0
2020,Una,0,0
2020,Baramulla,0,0
2020,Doda,0,0
2020,Jammu,1,0
2020,Kathua,16,0
2020,Kishtwar,0,0
2020,Poonch,8,0
2020,Rajouri,5,0
2020,Ramban,0,0
2020,Reasi,2,0
2020,Samba,0,0
2020,Udhampur,3,0
2020,UMCP Jammu#,2,0
2020,Bokaro,283,0
2020,Chatra,173,0
2020,Deoghar,1,0
2020,Dhanbad,31,0
2020,Dumka,2,0
2020,East Singhbum,892,2
2020,Garhwa,946,0
2020,Giridih,464,1
2020,Godda,584,0
2020,Gumla,174,0
2020,Hazaribagh,210,0
2020,Jamtara,16,0
2020,Khunti,670,0
2020,Koderma,113,0
2020,Latehar,980,0
2020,Lohardaga,69,0
2020,Pakur,301,2
2020,Palamu,425,0
2020,Ramgarh,35,0
2020,Ranchi,143,0
2020,Sahebganj,57,0
2020,Saraikela Kharsawan,653,0
2020,Simdega,187,0
2020,West Singhbhum,9244,3
2020,A.M.U. Almatti#,1,0
2020,A.M.U. B. Gudi#,0,0
2020,A.M.U. Kembhavi#,0,0
2020,Bagalkote,5,0
2020,Ballari,7,0
2020,Belagavi,1,0
2020,Bengaluru Rural,3,0
2020,Bengaluru Urban,2,0
2020,Bidar,3,0
2020,Chamarajanagara,1,0
2020,ChikkaBallaPura,3,0
2020,Chikkamagaluru,4,0
2020,Chitradurga,3,0
2020,Dakshina Kannada,1397,0
2020,Davangere,4,0
2020,Dharwad,8,0
2020,Gadag,5,0
2020,Hassan,3,1
2020,Haveri,5,0
2020,Kalaburagi,7,0
2020,Kodagu,0,0
2020,Kolar,0,0
2020,Koppal,2,0
2020,Mandya,0,0
2020,Mysuru,0,0
2020,Raichur,10,0
2020,Ramanagara,3,0
2020,Shivamogga,5,0
2020,Tumakuru,6,0
2020,U.K.P.N. PURA#,38,0
2020,Udupi,164,0
2020,Uttara Kannada,6,0
2020,Vijayapura,2,0
2020,Yadgir,3,0
2020,Alappuzha,10,0
2020,Ernakulam,34,0
2020,Idukki,19,0
2020,Kannur,15,0
2020,Kasaragod,31,0
2020,Kollam,17,1
2020,Kottayam,13,0
2020,Kozhikode,19,0
2020,Malappuram,27,0
2020,Palakkad,15,0
2020,Pathanamthitta,6,0
2020,Thiruvananthapuram,23,0
2020,Thrissur,33,0
2020,Wayanad,6,0
2020,Kargil,0,0
2020,Leh Ladakh,0,0
2020,Lakshadweep District,6,0
2020,Agar Malwa,3,0
2020,Alirajpur,43,0
2020,Anuppur,73,0
2020,Ashoknagar,99,0
2020,Balaghat,2794,1
2020,Barwani,9,0
2020,Betul,19,0
2020,Bhind,52,0
2020,Bhopal,18,0
2020,Burhanpur,13,0
2020,Chhatarpur,36,0
2020,Chhindwara,233,0
2020,Damoh,35,0
2020,Datia,74,0
2020,Dewas,6,0
2020,Dhar,218,0
2020,Dindori,30,0
2020,East Nimar,17,0
2020,Guna,89,0
2020,Gwalior,50,0
2020,Harda,3,0
2020,Indore,21,0
2020,Jabalpur,35,0
2020,Jhabua,150,0
2020,Katni,64,0
2020,Khargone,7,0
2020,Mandla,164,0
2020,Mandsaur,25,0
2020,Morena,121,0
2020,Narmadapuram,37,0
2020,Narsinghpur,30,0
2020,Neemuch,70,0
2020,Panna,69,0
2020,Raisen,14,0
2020,Rajgarh,65,0
2020,Ratlam,108,0
2020,Rewa,145,0
2020,Sagar,44,0
2020,Satna,234,0
2020,Sehore,17,0
2020,Seoni,21,0
2020,Shahdol,195,0
2020,Shajapur,7,0
2020,Sheopur,555,0
2020,Shivpuri,148,0
2020,Sidhi,152,0
2020,Singrauli,186,0
2020,Tikamgarh,28,0
2020,Ujjain,8,0
2020,Umaria,69,0
2020,Vidisha,57,0
2020,Ahmednagar,7,0
2020,Akola,9,0
2020,Amravati,12,0
2020,Aurangabad,2,0
2020,Beed,4,0
2020,Bhandara,17,2
2020,Buldhana,5,0
2020,Chandrapur,229,3
2020,Dhule,13,0
2020,Gadchiroli,8750,5
2020,Gondia,347,2
2020,Hingoli,0,0
2020,Jalgaon,3,0
2020,Jalna,1,0
2020,Kolhapur,15,0
2020,Latur,7,0
2020,Mumbai,5015,0
2020,Nagpur,4,0
2020,Nagpur MC#,6,0
2020,Nanded,2,0
2020,Nandurbar,8,0
2020,Nashik,2,0
2020,Osmanabad,1,0
2020,Palghar,55,0
2020,Parbhani,1,0
2020,Pune,4,0
2020,Pune MC#,0,0
2020,Raigad,68,0
2020,Ratnagiri,13,0
2020,Sangli,13,0
2020,Satara,30,0
2020,Sindhudurg,24,0
2020,Solapur,2,0
2020,Thane,544,0
2020,Wardha,0,0
2020,Washim,0,0
2020,Yavatmal,2,0
2021,Bishnupur,0,0
2021,Chandel,0,0
2021,Churachandpur,17,1
2021,Imphal East,2,0
2021,Imphal Urban#,0,0
2021,Imphal West,0,0
2021,Jiribam,0,0
2021,Kamjong,0,0
2021,Kangpokpi,0,0
2021,Noney,13,1
2021,Pherzawl,0,0
2021,Senapati,4,0
2021,Tamenglong,0,0
2021,Tengnoupal,0,0
2021,Thoubal,0,0
2021,Ukhrul,0,0
2021,East Garo Hills,209,2
2021,East Jaintia Hills,3,0
2021,East Khasi Hills,8,0
2021,North Garo Hills,105,0
2021,Ri Bhoi,44,0
2021,South Garo Hills,1051,1
2021,South West Garo Hills,22,0
2021,South West Khasi Hills,0,0
2021,West Garo Hills,175,0
2021,West Jaintia Hills,186,1
2021,West Khasi Hills,215,0
2021,Aizawl,15,0
2021,Aizawl West#,27,0
2021,Champhai,20,0
2021,Kolasib,35,2
2021,Lawngtlai,3333,4
2021,Lunglei,3193,0
2021,Mamit,727,0
2021,Saiha,413,0
2021,Serchhip,18,0
2021,Mon,4,0
2021,Dimapur,1,0
2021,Kiphire,0,0
2021,Kohima,0,0
2021,Longleng,0,0
2021,Mokokchung,0,0
2021,Peren,3,0
2021,Phek,1,0
2021,Tuensang,1,0
2021,UVBDS Dimapur#,0,0
2021,Wokha,2,0
2021,Zunheboto,0,0
2021,Anugul,109,3
2021,Balangir,1016,0
2021,Baleshwar,46,0
2021,Bargarh,735,0
2021,Bhadrak,51,0
2021,Boudh,629,1
2021,Cuttack,22,0
2021,Deogarh,43,0
2021,Dhenkanal,82,0
2021,Gajapati,544,0
2021,Ganjam,1929,0
2021,Jagatsinghapur,12,0
2021,Jajapur,106,0
2021,Jharsuguda,119,1
2021,Kalahandi,10577,0
2021,Kandhamal,3800,3
2021,Kendrapara,34,0
2021,Kendujhar,264,0
2021,Khordha,65,0
2021,Koraput,3546,0
2021,Malkangiri,7849,1
2021,Mayurbhanj,485,0
2021,Nabarangpur,1421,0
2021,Nayagarh,222,0
2021,Nuapada,374,0
2021,Puri,61,0
2021,Rayagada,5392,0
2021,Sambalpur,204,0
2021,Sonepur,256,0
2021,Sundargarh,1746,0
2021,Karaikal,7,0
2021,Mahe,0,0
2021,Pondicherry,8,0
2021,Yanam,0,0
2021,Amritsar,1,0
2021,Barnala,0,0
2021,Bathinda,12,0
2021,Faridkot,3,0
2021,Fatehgarh Sahib,2,0
2021,Fazilka,7,0
2021,Ferozepur,0,0
2021,Gurdaspur,3,0
2021,Hoshiarpur,16,0
2021,Jalandhar,0,0
2021,Kapurthala,0,0
2021,Ludhiana,7,0
2021,Mansa,22,0
2021,Moga,1,0
2021,Pathankot,1,0
2021,Patiala,2,0
2021,Rupnagar,2,0
2021,S.A.S Nagar,0,0
2021,Sangrur,4,0
2021,Shahid Bhagat Singh Nagar,19,0
2021,Sri Muktsar Sahib,6,0
2021,Tarn taran,1,0
2021,Ajmer,4,0
2021,Alwar,16,0
2021,Banswara,50,0
2021,Baran,27,0
2021,Barmer,207,0
2021,Bharatpur,38,0
2021,Bhilwara,9,0
2021,Bikaner,3,0
2021,Bundi,5,0
2021,Chittorgarh,52,0
2021,Churu,15,0
2021,Dausa,3,0
2021,Dholpur,3,0
2021,Dungarpur,40,0
2021,Ganganagar,3,0
2021,Hanumangarh,12,0
2021,Jaipur,3,0
2021,Jaisalmer,149,0
2021,Jalore,13,0
2021,Jhalawar,2,0
2021,Jhunjhunu,11,0
2021,Jodhpur,17,0
2021,Karauli,2,0
2021,Kota,15,0
2021,Nagaur,18,0
2021,Pali,77,0
2021,Pratapgarh,25,0
2021,Rajsamand,70,0
2021,Sawai Madhopur,2,0
2021,Sikar,8,0
2021,Sirohi,31,0
2021,Tonk,0,0
2021,Udaipur,346,0
2021,Gangtok,3,0
2021,Gyalshing,1,0
2021,Mangan,0,0
2021,Namchi,0,0
2021,Aranthangi#,0,0
2021,Ariyalur,0,0
2021,Chengalpattu,16,0
2021,Chennai,728,0
2021,Cheyyar#,3,0
2021,Coimbatore,6,0
2021,Cuddalore,0,0
2021,Dharmapuri,0,0
2021,Dindigul,2,0
2021,Erode,4,0
2021,Kallakurichi,1,0
2021,Kanchipuram,0,0
2021,Kanniyakumari,5,0
2021,Karur,4,0
2021,Kovilpatti#,2,0
2021,Krishnagiri,1,0
2021,Madurai,4,0
2021,Nagapattinam,0,0
2021,Namakkal,3,0
2021,Palani#,0,0
2021,Paramakudi#,2,0
2021,Perambalur,0,0
2021,Poonamallee#,0,0
2021,Pudukkottai,1,0
2021,Ramanathapuram,3,0
2021,Salem,5,0
2021,Sivaganga,5,0
2021,Sivakasi#,0,0
2021,Tenkasi,0,0
2021,Thanjavur,1,0
2021,The Nilgiris,0,0
2021,Theni,1,0
2021,Thiruvallur,0,0
2021,Thiruvarur,0,0
2021,Tiruchirappalli,17,0
2021,Tirunelveli,4,0
2021,Tirupathur,0,0
2021,Tiruppur,0,0
2021,Tiruvannamalai,14,0
2021,Tuticorin,11,0
2021,Vellore,42,0
2021,Villupuram,3,0
2021,Virudhunagar,3,0
2021,Adilabad,9,0
2021,Bhadradri Kothagudem,364,0
2021,Hanumakonda,22,0
2021,Hyderabad,21,0
2021,Jagitial,2,0
2021,Jangoan,6,0
2021,"Jayashankar
Bhupalapally",56,0
2021,Jogulamba Gadwal,0,0
2021,Kamareddy,1,0
2021,Karimnagar,7,0
2021,Khammam,7,0
2021,"Kumuram Bheem
Asifabad",78,0
2021,Mahabubabad,22,0
2021,Mahabubnagar,7,0
2021,Mancherial,11,0
2021,Medak,2,0
2021,Medchal Malkajgiri,8,0
2021,Mulugu,174,0
2021,Nagarkurnool,2,0
2021,Nalgonda,0,0
2021,Narayanpet,2,0
2021,Nirmal,0,0
2021,Nizamabad,2,0
2021,Peddapalli,2,0
2021,Rajanna Sircilla,2,0
2021,Ranga Reddy,3,0
2021,Sangareddy,1,0
2021,Siddipet,4,0
2021,Suryapet,1,0
2021,Vikarabad,4,0
2021,Wanaparthy,29,0
2021,Warangal,20,0
2021,Yadadri Bhuvanagiri,1,0
2021,Dadra And Nagar Haveli,34,0
2021,Daman,6,0
2021,Diu,0,0
2021,Dhalai,2031,2
2021,Gomati,376,0
2021,Khowai,98,0
2021,North Tripura,188,0
2021,Sepahijala,12,0
2021,South Tripura,541,0
2021,Unakoti,63,0
2021,West Tripura,86,0
2021,Agra,25,0
2021,Aligarh,156,0
2021,Ambedkar Nagar,4,0
2021,Amethi,4,0
2021,Amroha,19,0
2021,Auraiya,61,0
2021,Ayodhya,2,0
2021,Azamgarh,2,0
2021,Baghpat,0,0
2021,Bahraich,0,0
2021,Ballia,0,0
2021,Balrampur,2,0
2021,Banda,16,0
2021,Barabanki,4,0
2021,Bareilly,11686,0
2021,Basti,0,0
2021,Bhadohi,73,0
2021,Bijnor,102,0
2021,Budaun,11979,0
2021,Bulandshahr,8,0
2021,Chandauli,18,0
2021,Chitrakoot,25,0
2021,Deoria,2,0
2021,Etah,177,0
2021,Etawah,15,0
2021,Farrukhabad,54,0
2021,Fatehpur,60,0
2021,Firozabad,19,0
2021,Gautam Buddha Nagar,27,0
2021,Ghaziabad,13,0
2021,Ghazipur,2,0
2021,Gonda,2,0
2021,Gorakhpur,1,0
2021,Hamirpur,41,0
2021,Hapur,53,0
2021,Hardoi,249,0
2021,Hathras,11,0
2021,Jalaun,13,0
2021,Jaunpur,12,0
2021,Jhansi,38,0
2021,Kannauj,14,0
2021,Kanpur Dehat,47,0
2021,Kanpur Nagar,17,0
2021,Kasganj,50,0
2021,Kaushambi,35,0
2021,Kheri,78,0
2021,Kushi Nagar,12,0
2021,Lalitpur,15,0
2021,Lucknow,25,0
2021,Maharajganj,0,0
2021,Mahoba,4,0
2021,Mainpuri,0,0
2021,Mathura,6,0
2021,Mau,0,0
2021,Meerut,5,0
2021,Mirzapur,500,0
2021,Moradabad,51,0
2021,Muzaffarnagar,3,0
2021,Pilibhit,37,0
2021,Pratapgarh,22,0
2021,Prayagraj,208,0
2021,Rae Bareli,2,0
2021,Rampur,56,0
2021,Saharanpur,13,0
2021,Sambhal,30,0
2021,Sant Kabeer Nagar,4,0
2021,Shahjahanpur,417,0
2021,Shamli,38,0
2021,Shravasti,0,0
2021,Siddharth Nagar,52,0
2021,Sitapur,466,0
2021,Sonbhadra,1407,0
2021,Sultanpur,26,0
2021,Unnao,7,0
2021,Varanasi,46,0
2021,Almora,0,0
2021,Bageshwar,0,0
2021,Chamoli,0,0
2021,Champawat,2,0
2021,Dehradun,1,0
2021,Haridwar,6,0
2021,Nainital,2,0
2021,Pauri Garhwal,1,0
2021,Pithoragarh,0,0
2021,Rudra Prayag,0,0
2021,Tehri Garhwal,0,0
2021,Udam Singh Nagar,3,0
2021,Uttar Kashi,0,0
2021,24 Paraganas North,104,1
2021,24 Paraganas South,249,0
2021,Alipurduar,43,0
2021,Bankura,78,0
2021,Basirhat HD#,53,0
2021,Birbhum,20,0
2021,Bishnupur HD#,25,0
2021,Coochbehar,9,0
2021,Darjeeling,5,0
2021,Diamond Harbour HD#,94,0
2021,Dinajpur Dakshin,10,0
2021,Dinajpur Uttar,23,0
2021,Hooghly,64,0
2021,Howrah,264,0
2021,Jalpaiguri,16,0
2021,Jhargram,37,0
2021,Kalimpong,0,0
2021,Kolkata,11069,1
2021,Maldah,102,0
2021,Medinipur East,32,0
2021,Medinipur West,17,0
2021,Murshidabad,463,0
2021,Nadia,109,0
2021,Nandigram HD#,14,0
2021,Paschim Bardhaman,4,0
2021,Purba Bardhaman,32,0
2021,Purulia,197,5
2021,Pvt. Hospital & Others#,892,0
2021,Rampurhat HD#,24,0
2021,Nicobars,23,0
2021,North And Middle Andaman,0,0
2021,South Andamans,4,0
2021,Anantapur,15,0
2021,Chittoor,30,0
2021,East Godavari,102,0
2021,Guntur,15,0
2021,Krishna,11,0
2021,Kurnool,47,0
2021,Prakasam,3,0
2021,SPSR Nellore,11,0
2021,Srikakulam,38,0
2021,Visakhapatanam,841,0
2021,Vizianagaram,103,0
2021,West Godavari,78,0
2021,Y.S.R.,21,0
2021,Anjaw,0,0
2021,Changlang,1,0
2021,Dibang Valley,0,0
2021,East Kameng,0,0
2021,East Siang,1,0
2021,Kra Daadi,0,0
2021,Kurung Kumey,0,0
2021,Lohit,2,0
2021,Longding,0,0
2021,Lower Dibang Valley,0,0
2021,Lower Siang,0,0
2021,Lower Subansiri,0,0
2021,Namsai,2,0
2021,Papum Pare,0,0
2021,Siang,0,0
2021,Tawang,0,0
2021,Tirap,1,0
2021,Upper Siang,0,0
2021,Upper Subansiri,0,0
2021,West Kameng,0,0
2021,West Siang,1,0
2021,Baksa,2,0
2021,Barpeta,3,0
2021,Biswanath,1,0
2021,Bongaigaon,3,0
2021,Cachar,10,0
2021,Charaideo,0,0
2021,Chirang,20,0
2021,Darrang,1,0
2021,Dhemaji,1,0
2021,Dhubri,6,0
2021,Dibrugarh,3,0
2021,Dima Hasao,4,0
2021,Goalpara,15,0
2021,Golaghat,0,0
2021,Hailakandi,5,0
2021,Hojai,4,0
2021,Jorhat,7,0
2021,Kamrup,0,0
2021,Kamrup Metro,2,0
2021,Karbi Anglong,6,0
2021,Karimganj,10,0
2021,Kokrajhar,32,0
2021,Lakhimpur,0,0
2021,Majuli,0,0
2021,Marigaon,3,0
2021,Nagaon,2,0
2021,Nalbari,1,0
2021,Sivasagar,2,0
2021,Sonitpur,4,0
2021,"South Salmara
Mancachar",4,0
2021,Tinsukia,2,0
2021,Udalguri,8,0
2021,West Karbi Anglong,1,0
2021,Araria,11,0
2021,Arwal,4,0
2021,Aurangabad,8,0
2021,Banka,4,0
2021,Begusarai,4,0
2021,Bhagalpur,9,0
2021,Bhojpur,0,0
2021,Buxar,10,0
2021,Darbhanga,0,0
2021,Gaya,12,0
2021,Gopalganj,21,0
2021,Jamui,60,0
2021,Jehanabad,16,0
2021,Kaimur (Bhabua),134,0
2021,Katihar,3,0
2021,Khagaria,6,0
2021,Kishanganj,0,0
2021,Lakhisarai,28,0
2021,Madhepura,0,0
2021,Madhubani,7,0
2021,Munger,4,0
2021,Muzaffarpur,3,0
2021,Nalanda,2,0
2021,Nawada,196,0
2021,Pashchim Champaran,8,0
2021,Patna,1,0
2021,Purbi Champaran,2,0
2021,Purnia,17,0
2021,Rohtas,3,0
2021,Saharsa,1,0
2021,Samastipur,58,0
2021,Saran,1,0
2021,Sheikhpura,0,0
2021,Sheohar,1,0
2021,Sitamarhi,2,0
2021,Siwan,0,0
2021,Supaul,8,0
2021,Vaishali,3,0
2021,Chandigarh,6,0
2021,Balod,227,0
2021,Baloda Bazar,167,0
2021,Balrampur,165,0
2021,Bastar,3974,4
2021,Bemetara,7,0
2021,Bijapur,6843,6
2021,Bilaspur,61,1
2021,Dantewada,6340,9
2021,Dhamtari,192,0
2021,Durg,156,0
2021,Gariyaband,577,0
2021,"Gaurella Pendra
Marwahi",74,0
2021,Janjgir-Champa,50,0
2021,Jashpur,366,0
2021,Kabirdham,664,0
2021,Kanker,1411,0
2021,Kondagaon,1939,8
2021,Korba,162,0
2021,Korea,262,0
2021,Mahasamund,76,0
2021,Mungeli,18,0
2021,Narayanpur,2324,3
2021,Raigarh,155,0
2021,Raipur,4,0
2021,RajnandGaon,796,0
2021,Sukma,2662,7
2021,Surajpur,18,0
2021,Surguja,43,0
2021,New Delhi,167,0
2021,North Goa,70,0
2021,South Goa,20,0
2021,Ahmadabad,5,0
2021,Ahmadabad MC#,1125,0
2021,Amreli,322,0
2021,Anand,3,0
2021,Arvalli,23,0
2021,Banas kantha,74,0
2021,Bharuch,56,0
2021,Bhavnagar,57,0
2021,Bhavnagar MC#,10,0
2021,Botad,11,0
2021,Chhotaudepur,45,0
2021,Dang,11,0
2021,Devbhumi Dwarka,74,0
2021,Dohad,28,0
2021,Gandhinagar,61,0
2021,Gandhinagar MC#,211,0
2021,Gir Somnath,53,0
2021,Jamnagar,229,0
2021,Jamnagar MC#,49,0
2021,Junagadh,122,0
2021,Junagadh MC#,19,0
2021,Kachchh,300,0
2021,Kheda,4,0
2021,Mahesana,62,0
2021,Mahisagar,72,0
2021,Morbi,325,0
2021,Narmada,26,0
2021,Navsari,18,0
2021,Panch Mahals,51,0
2021,Patan,40,0
2021,Porbandar,27,0
2021,Rajkot,122,0
2021,Rajkot MC#,59,0
2021,Sabar kantha,71,0
2021,Surat,99,0
2021,Surat MC#,651,0
2021,Surendranagar,206,0
2021,Tapi,26,0
2021,Vadodara,32,0
2021,Vadodara MC#,133,0
2021,Valsad,9,0
2021,Ambala,0,0
2021,Bhiwani,0,0
2021,Charki Dadri,6,0
2021,Faridabad,9,0
2021,Fatehabad,1,0
2021,Gurugram,2,0
2021,Hisar,2,0
2021,Jhajjar,6,0
2021,Jind,0,0
2021,Kaithal,0,0
2021,Karnal,0,0
2021,Kurukshetra,0,0
2021,Mahendragarh,5,0
2021,Nuh,4,0
2021,Palwal,3,0
2021,Panchkula,1,0
2021,Panipat,2,0
2021,Rewari,1,0
2021,Rohtak,0,0
2021,Sirsa,7,0
2021,Sonipat,1,0
2021,Yamunanagar,4,0
2021,Bilaspur,0,0
2021,Chamba,0,0
2021,Hamirpur,6,0
2021,Kangra,5,0
2021,Kinnaur,0,0
2021,Kullu,0,0
2021,Lahul And Spiti,0,0
2021,Mandi,4,0
2021,Shimla,0,0
2021,Sirmaur,0,0
2021,Solan,0,0
2021,Una,0,0
2021,Baramulla,0,0
2021,Doda,1,0
2021,Jammu,3,0
2021,Kathua,5,0
2021,Kishtwar,0,0
2021,Poonch,11,0
2021,Rajouri,6,0
2021,Ramban,0,0
2021,Reasi,1,0
2021,Samba,1,0
2021,Udhampur,1,0
2021,UMCP Jammu#,2,0
2021,Bokaro,219,0
2021,Chatra,183,0
2021,Deoghar,17,0
2021,Dhanbad,20,0
2021,Dumka,9,0
2021,East Singhbum,1016,0
2021,Garhwa,623,0
2021,Giridih,393,0
2021,Godda,431,0
2021,Gumla,124,0
2021,Hazaribagh,356,0
2021,Jamtara,13,0
2021,Khunti,638,0
2021,Koderma,62,0
2021,Latehar,837,0
2021,Lohardaga,139,0
2021,Pakur,294,0
2021,Palamu,420,0
2021,Ramgarh,62,0
2021,Ranchi,155,0
2021,Sahebganj,99,0
2021,Saraikela Kharsawan,367,0
2021,Simdega,104,0
2021,West Singhbhum,7617,0
2021,A.M.U. Almatti#,0,0
2021,A.M.U. B. Gudi#,0,0
2021,A.M.U. Kembhavi#,0,0
2021,Bagalkote,3,0
2021,Ballari,3,0
2021,BBMP#,0,0
2021,Belagavi,10,0
2021,Bengaluru Rural,1,0
2021,Bengaluru Urban,0,0
2021,Bidar,2,0
2021,Chamarajanagara,2,0
2021,ChikkaBallaPura,7,0
2021,Chikkamagaluru,4,0
2021,Chitradurga,1,0
2021,Dakshina Kannada,689,0
2021,Davangere,4,0
2021,Dharwad,6,0
2021,Gadag,6,0
2021,Hassan,12,1
2021,Haveri,4,0
2021,Kalaburagi,8,0
2021,Kodagu,4,0
2021,Kolar,9,0
2021,Koppal,0,0
2021,Mandya,4,0
2021,Mysuru,0,0
2021,Raichur,12,0
2021,Ramanagara,2,0
2021,Shivamogga,2,0
2021,Tumakuru,3,0
2021,U.K.P.N. PURA#,36,0
2021,Udupi,53,0
2021,Uttara Kannada,11,1
2021,Vijayapura,4,0
2021,Yadgir,11,0
2021,Alappuzha,22,0
2021,Ernakulam,41,0
2021,Idukki,14,0
2021,Kannur,24,0
2021,Kasaragod,27,0
2021,Kollam,13,1
2021,Kottayam,15,0
2021,Kozhikode,23,0
2021,Malappuram,25,0
2021,Palakkad,22,0
2021,Pathanamthitta,11,0
2021,Thiruvananthapuram,39,0
2021,Thrissur,25,0
2021,Wayanad,8,0
2021,Kargil,0,0
2021,Leh Ladakh,0,0
2021,Lakshadweep District,1,0
2021,Agar Malwa,0,0
2021,Alirajpur,38,0
2021,Anuppur,56,0
2021,Ashoknagar,13,0
2021,Balaghat,1081,0
2021,Barwani,5,0
2021,Betul,6,0
2021,Bhind,11,0
2021,Bhopal,37,0
2021,Burhanpur,2,0
2021,Chhatarpur,25,0
2021,Chhindwara,183,0
2021,Damoh,25,0
2021,Datia,76,0
2021,Dewas,2,0
2021,Dhar,105,0
2021,Dindori,7,0
2021,East Nimar,7,0
2021,Guna,32,0
2021,Gwalior,46,0
2021,Harda,0,0
2021,Indore,15,0
2021,Jabalpur,22,0
2021,Jhabua,57,0
2021,Katni,34,0
2021,Khargone,2,0
2021,Mandla,61,0
2021,Mandsaur,14,0
2021,Morena,77,0
2021,Narmadapuram,17,0
2021,Narsinghpur,89,0
2021,Neemuch,7,0
2021,Panna,48,0
2021,Raisen,40,0
2021,Rajgarh,34,0
2021,Ratlam,38,0
2021,Rewa,158,0
2021,Sagar,18,0
2021,Satna,63,0
2021,Sehore,28,0
2021,Seoni,65,0
2021,Shahdol,49,0
2021,Shajapur,0,0
2021,Sheopur,165,0
2021,Shivpuri,60,0
2021,Sidhi,90,0
2021,Singrauli,98,0
2021,Tikamgarh,6,0
2021,Ujjain,3,0
2021,Umaria,51,0
2021,Vidisha,15,2
2021,Ahmednagar,1,0
2021,Akola,35,0
2021,Amravati,28,0
2021,Aurangabad,1,0
2021,Beed,1,0
2021,Bhandara,7,0
2021,Buldhana,4,0
2021,Chandrapur,151,5
2021,Dhule,2,0
2021,Gadchiroli,12326,8
2021,Gondia,499,1
2021,Hingoli,0,0
2021,Jalgaon,1,0
2021,Jalna,1,0
2021,Kolhapur,1,0
2021,Latur,1,0
2021,Mumbai,5162,0
2021,Nagpur,7,0
2021,Nagpur MC#,5,0
2021,Nanded,0,0
2021,Nandurbar,4,0
2021,Nashik,3,0
2021,Osmanabad,1,0
2021,Palghar,52,0
2021,Parbhani,0,0
2021,Pune,27,0
2021,Pune MC#,3,0
2021,Raigad,125,0
2021,Ratnagiri,6,0
2021,Sangli,7,0
2021,Satara,12,0
2021,Sindhudurg,48,0
2021,Solapur,2,0
2021,Thane,773,0
2021,Wardha,3,0
2021,Washim,2,0
2021,Yavatmal,2,0
2022,Bishnupur,0,0
2022,Chandel,0,0
2022,Churachandpur,5,0
2022,Imphal East,3,0
2022,Imphal Urban#,1,0
2022,Imphal West,2,0
2022,Jiribam,0,0
2022,Kakching,1,0
2022,Kamjong,0,0
2022,Kangpokpi,3,0
2022,Noney,0,0
2022,Pherzawl,0,0
2022,Senapati,0,0
2022,Tamenglong,1,0
2022,Tengnoupal,1,0
2022,Thoubal,1,0
2022,Ukhrul,1,0
2022,East Garo Hills,27,0
2022,East Jaintia Hills,1,0
2022,East Khasi Hills,6,1
2022,North Garo Hills,16,0
2022,Ri Bhoi,6,0
2022,South Garo Hills,284,1
2022,South West Garo Hills,13,0
2022,South West Khasi Hills,3,0
2022,West Garo Hills,58,1
2022,West Jaintia Hills,37,0
2022,West Khasi Hills,40,0
2022,Aizawl,28,1
2022,Aizawl West#,42,0
2022,Champhai,28,1
2022,Kolasib,35,0
2022,Lawngtlai,3671,3
2022,Lunglei,2465,1
2022,Mamit,1258,2
2022,Saiha,446,0
2022,Serchhip,45,2
2022,Mon,0,0
2022,Dimapur,1,0
2022,Kiphire,1,0
2022,Kohima,2,0
2022,Longleng,0,0
2022,Mokokchung,0,0
2022,Peren,0,0
2022,Phek,0,0
2022,Tuensang,1,0
2022,UVBDS Dimapur#,0,0
2022,Wokha,3,0
2022,Zunheboto,0,0
2022,Anugul,144,0
2022,Balangir,331,0
2022,Baleshwar,35,0
2022,Bargarh,249,1
2022,Bhadrak,46,0
2022,Boudh,685,1
2022,Cuttack,21,0
2022,Deogarh,28,0
2022,Dhenkanal,44,0
2022,Gajapati,343,0
2022,Ganjam,442,0
2022,Jagatsinghapur,11,0
2022,Jajapur,70,0
2022,Jharsuguda,48,1
2022,Kalahandi,5164,0
2022,Kandhamal,4209,3
2022,Kendrapara,26,0
2022,Kendujhar,137,0
2022,Khordha,61,0
2022,Koraput,2416,0
2022,Malkangiri,5325,1
2022,Mayurbhanj,226,0
2022,Nabarangpur,744,0
2022,Nayagarh,590,0
2022,Nuapada,242,1
2022,Puri,36,0
2022,Rayagada,2790,0
2022,Sambalpur,120,0
2022,Sonepur,112,1
2022,Sundargarh,808,4
2022,Karaikal,1,0
2022,Mahe,0,0
2022,Pondicherry,4,0
2022,Yanam,0,0
2022,Amritsar,0,0
2022,Barnala,0,0
2022,Bathinda,2,0
2022,Faridkot,6,0
2022,Fatehgarh Sahib,0,0
2022,Fazilka,3,0
2022,Ferozepur,0,0
2022,Gurdaspur,7,0
2022,Hoshiarpur,7,0
2022,Jalandhar,0,0
2022,Kapurthala,2,0
2022,Ludhiana,7,0
2022,Mansa,15,0
2022,Moga,3,0
2022,Pathankot,1,0
2022,Patiala,1,0
2022,Rupnagar,3,0
2022,S.A.S Nagar,11,0
2022,Sangrur,0,0
2022,"Shahid Bhagat Singh
Nagar",2,0
2022,Sri Muktsar Sahib,1,0
2022,Tarn taran,0,0
2022,Ajmer,5,0
2022,Alwar,20,0
2022,Banswara,14,0
2022,Baran,26,0
2022,Barmer,34,0
2022,Bharatpur,20,0
2022,Bhilwara,5,0
2022,Bikaner,5,0
2022,Bundi,2,0
2022,Chittorgarh,20,0
2022,Churu,18,0
2022,Dausa,7,0
2022,Dholpur,0,0
2022,Dungarpur,48,0
2022,Ganganagar,3,0
2022,Hanumangarh,4,0
2022,Jaipur,13,0
2022,Jaisalmer,198,0
2022,Jalore,8,0
2022,Jhalawar,0,0
2022,Jhunjhunu,9,0
2022,Jodhpur,12,0
2022,Karauli,0,0
2022,Kota,2,0
2022,Nagaur,23,0
2022,Pali,50,0
2022,Pratapgarh,11,0
2022,Rajsamand,69,0
2022,Sawai Madhopur,5,0
2022,Sikar,2,0
2022,Sirohi,11,0
2022,Tonk,6,0
2022,Udaipur,275,0
2022,Gangtok,1,0
2022,Gyalshing,0,0
2022,Mangan,0,0
2022,Namchi,3,0
2022,Aranthangi#,0,0
2022,Ariyalur,0,0
2022,Attur#,0,0
2022,Chengalpattu,23,0
2022,Chennai,584,0
2022,Cheyyar#,2,0
2022,Coimbatore,12,0
2022,Cuddalore,2,0
2022,Dharmapuri,0,0
2022,Dindigul,1,0
2022,Erode,1,0
2022,Kallakurichi,0,0
2022,Kanchipuram,3,0
2022,Kanniyakumari,6,0
2022,Karur,1,0
2022,Kovilpatti#,4,0
2022,Krishnagiri,0,0
2022,Madurai,6,0
2022,Nagapattinam,1,0
2022,Namakkal,1,0
2022,Palani#,0,0
2022,Paramakudi#,0,0
2022,Perambalur,4,0
2022,Poonamallee#,0,0
2022,Pudukkottai,0,0
2022,Ramanathapuram,1,0
2022,Ranipet,0,0
2022,Salem,5,0
2022,Sivaganga,1,0
2022,Sivakasi#,0,0
2022,Tenkasi,2,0
2022,Thanjavur,0,0
2022,The Nilgiris,0,0
2022,Theni,3,0
2022,Thiruvallur,0,0
2022,Thiruvarur,0,0
2022,Tiruchirappalli,21,0
2022,Tirunelveli,11,0
2022,Tirupathur,0,0
2022,Tiruppur,1,0
2022,Tiruvannamalai,24,0
2022,Tuticorin,12,0
2022,Vellore,37,0
2022,Villupuram,2,0
2022,Virudhunagar,1,0
2022,Adilabad,2,0
2022,Bhadradri Kothagudem,353,0
2022,Hanumakonda,34,0
2022,Hyderabad,31,0
2022,Jagitial,1,0
2022,Jangoan,7,0
2022,Jayashankar Bhupalapally,58,0
2022,Jogulamba Gadwal,0,0
2022,Kamareddy,0,0
2022,Karimnagar,6,0
2022,Khammam,0,0
2022,"Kumuram Bheem
Asifabad",77,0
2022,Mahabubabad,30,0
2022,Mahabubnagar,6,0
2022,Mancherial,0,0
2022,Medak,1,0
2022,Medchal Malkajgiri,4,0
2022,Mulugu,206,0
2022,Nagarkurnool,2,0
2022,Nalgonda,0,0
2022,Narayanpet,0,0
2022,Nirmal,2,0
2022,Nizamabad,1,0
2022,Peddapalli,2,0
2022,Rajanna Sircilla,2,0
2022,Ranga Reddy,3,0
2022,Sangareddy,2,0
2022,Siddipet,0,0
2022,Suryapet,1,0
2022,Vikarabad,2,0
2022,Wanaparthy,3,0
2022,Warangal,34,0
2022,Yadadri Bhuvanagiri,4,0
2022,"Dadra And Nagar
Haveli",47,0
2022,Daman,7,0
2022,Diu,0,0
2022,Dhalai,8204,3
2022,Gomati,485,1
2022,Khowai,354,0
2022,North Tripura,468,0
2022,Sepahijala,14,0
2022,South Tripura,476,0
2022,Unakoti,65,0
2022,West Tripura,70,0
2022,Agra,31,0
2022,Aligarh,192,0
2022,Ambedkar Nagar,0,0
2022,Amethi,2,0
2022,Amroha,52,0
2022,Auraiya,72,0
2022,Ayodhya,9,0
2022,Azamgarh,3,0
2022,Baghpat,2,0
2022,Bahraich,1,0
2022,Ballia,1,0
2022,Balrampur,1,0
2022,Banda,15,0
2022,Barabanki,6,0
2022,Bareilly,2362,0
2022,Basti,0,0
2022,Bhadohi,58,0
2022,Bijnor,158,0
2022,Budaun,1657,0
2022,Bulandshahr,60,0
2022,Chandauli,9,0
2022,Chitrakoot,22,0
2022,Deoria,1,0
2022,Etah,115,0
2022,Etawah,61,0
2022,Farrukhabad,155,0
2022,Fatehpur,278,0
2022,Firozabad,80,0
2022,Gautam Buddha Nagar,117,0
2022,Ghaziabad,29,0
2022,Ghazipur,1,0
2022,Gonda,1,0
2022,Gorakhpur,11,0
2022,Hamirpur,67,0
2022,Hapur,30,0
2022,Hardoi,716,0
2022,Hathras,21,0
2022,Jalaun,6,0
2022,Jaunpur,11,0
2022,Jhansi,17,0
2022,Kannauj,18,0
2022,Kanpur Dehat,41,0
2022,Kanpur Nagar,15,0
2022,Kasganj,30,0
2022,Kaushambi,38,0
2022,Kheri,115,0
2022,Kushi Nagar,1,0
2022,Lalitpur,7,0
2022,Lucknow,34,0
2022,Maharajganj,6,0
2022,Mahoba,10,0
2022,Mainpuri,3,0
2022,Mathura,84,0
2022,Mau,1,0
2022,Meerut,9,0
2022,Mirzapur,296,0
2022,Moradabad,46,0
2022,Muzaffarnagar,33,0
2022,Pilibhit,38,0
2022,Pratapgarh,11,0
2022,Prayagraj,274,0
2022,Rae Bareli,4,0
2022,Rampur,84,0
2022,Saharanpur,9,0
2022,Sambhal,107,0
2022,Sant Kabeer Nagar,11,0
2022,Shahjahanpur,529,0
2022,Shamli,57,0
2022,Shravasti,2,0
2022,Siddharth Nagar,48,0
2022,Sitapur,215,0
2022,Sonbhadra,1978,0
2022,Sultanpur,37,0
2022,Unnao,5,0
2022,Varanasi,166,0
2022,Almora,0,0
2022,Bageshwar,0,0
2022,Chamoli,0,0
2022,Champawat,2,0
2022,Dehradun,0,0
2022,Haridwar,6,0
2022,Nainital,5,0
2022,Pauri Garhwal,0,0
2022,Pithoragarh,0,0
2022,Rudra Prayag,0,0
2022,Tehri Garhwal,0,0
2022,Udam Singh Nagar,0,0
2022,Uttar Kashi,0,0
2022,24 Paraganas North,557,0
2022,24 Paraganas South,803,0
2022,Alipurduar,31,0
2022,Bankura,112,0
2022,Basirhat HD#,379,0
2022,Birbhum,36,0
2022,Bishnupur HD#,131,0
2022,Coochbehar,29,0
2022,Darjeeling,6,0
2022,Diamond Harbour HD#,288,0
2022,Dinajpur Dakshin,26,0
2022,Dinajpur Uttar,46,0
2022,Hooghly,111,0
2022,Howrah,761,0
2022,Jalpaiguri,20,0
2022,Jhargram,59,0
2022,Kalimpong,2,0
2022,Kolkata,21290,1
2022,Maldah,238,0
2022,Medinipur East,78,0
2022,Medinipur West,58,0
2022,Murshidabad,1442,2
2022,Nadia,302,0
2022,Nandigram HD#,23,0
2022,Paschim Bardhaman,8,0
2022,Purba Bardhaman,93,0
2022,Purulia,258,0
2022,Pvt. Hospital & Others#,1753,0
2022,Rampurhat HD#,47,0
2022,Nicobars,46,0
2022,"North And Middle
Andaman",0,0
2022,South Andamans,4,0
2022,Alluri Sitharama Raju,830,0
2022,Anakapalli,68,0
2022,Anantapur,13,0
2022,Annamayya,0,0
2022,Bapatla,0,0
2022,Chittoor,2,0
2022,East Godavari,1,0
2022,Eluru,70,0
2022,Guntur,24,0
2022,Kakinada,0,0
2022,Konaseema,0,0
2022,Krishna,0,0
2022,Kurnool,6,0
2022,Nandyal,8,0
2022,NTR,375,0
2022,Palnadu,2,0
2022,Parvathipuram Manyam,502,0
2022,Prakasam,1,0
2022,SPSR Nellore,3,0
2022,Sri Sathya Sai,8,0
2022,Srikakulam,9,0
2022,Tirupati,2,0
2022,Visakhapatanam,53,0
2022,Vizianagaram,29,0
2022,West Godavari,0,0
2022,Y.S.R.,16,0
2022,Anjaw,1,0
2022,Changlang,3,0
2022,Dibang Valley,0,0
2022,East Kameng,0,0
2022,East Siang,0,0
2022,Kra Daadi,0,0
2022,Kurung Kumey,0,0
2022,Lohit,1,0
2022,Longding,0,0
2022,Lower Dibang Valley,0,0
2022,Lower Siang,1,0
2022,Lower Subansiri,0,0
2022,Namsai,3,0
2022,Pakke Kessang,0,0
2022,Papum Pare,0,0
2022,Siang,0,0
2022,Tawang,1,0
2022,Tirap,3,0
2022,Upper Siang,3,0
2022,Upper Subansiri,0,0
2022,West Kameng,1,0
2022,West Siang,1,0
2022,Baksa,7,0
2022,Barpeta,2,0
2022,Biswanath,0,0
2022,Bongaigaon,2,0
2022,Cachar,20,0
2022,Charaideo,0,0
2022,Chirang,4,0
2022,Darrang,0,0
2022,Dhemaji,3,0
2022,Dhubri,10,0
2022,Dibrugarh,2,0
2022,Dima Hasao,13,0
2022,Goalpara,20,0
2022,Golaghat,5,0
2022,Hailakandi,8,0
2022,Hojai,8,0
2022,Jorhat,3,0
2022,Kamrup,1,0
2022,Kamrup Metro,10,0
2022,Karbi Anglong,0,0
2022,Karimganj,15,0
2022,Kokrajhar,95,0
2022,Lakhimpur,1,0
2022,Majuli,0,0
2022,Marigaon,5,0
2022,Nagaon,14,0
2022,Nalbari,3,0
2022,Sivasagar,3,0
2022,Sonitpur,0,0
2022,South Salmara Mancachar,4,0
2022,Tinsukia,5,0
2022,Udalguri,15,0
2022,West Karbi Anglong,2,0
2022,Araria,0,0
2022,Arwal,3,0
2022,Aurangabad,28,0
2022,Banka,20,0
2022,Begusarai,10,0
2022,Bhagalpur,10,0
2022,Bhojpur,30,0
2022,Buxar,15,0
2022,Darbhanga,1,0
2022,Gaya,26,0
2022,Gopalganj,9,0
2022,Jamui,12,0
2022,Jehanabad,8,0
2022,Kaimur (Bhabua),53,0
2022,Katihar,7,0
2022,Khagaria,4,0
2022,Kishanganj,9,0
2022,Lakhisarai,23,0
2022,Madhepura,0,0
2022,Madhubani,23,0
2022,Munger,10,0
2022,Muzaffarpur,19,0
2022,Nalanda,2,0
2022,Nawada,84,0
2022,Pashchim Champaran,1,0
2022,Patna,4,0
2022,Purbi Champaran,6,0
2022,Purnia,100,0
2022,Rohtas,17,0
2022,Saharsa,0,0
2022,Samastipur,9,0
2022,Saran,0,0
2022,Sheikhpura,0,0
2022,Sheohar,2,0
2022,Sitamarhi,3,0
2022,Siwan,0,0
2022,Supaul,12,0
2022,Vaishali,18,0
2022,Chandigarh,2,0
2022,Balod,202,0
2022,Baloda Bazar,95,0
2022,Balrampur,73,0
2022,Bastar,3808,4
2022,Bemetara,6,0
2022,Bijapur,6751,8
2022,Bilaspur,39,0
2022,Dantewada,9423,4
2022,Dhamtari,257,0
2022,Durg,98,0
2022,Gariyaband,453,0
2022,"Gaurella Pendra
Marwahi",41,0
2022,Janjgir-Champa,44,0
2022,Jashpur,269,0
2022,Kabirdham,496,0
2022,Kanker,1106,0
2022,Kondagaon,1693,2
2022,Korba,141,0
2022,Korea,122,0
2022,Mahasamund,70,0
2022,Mungeli,32,0
2022,Narayanpur,2268,1
2022,Raigarh,81,0
2022,Raipur,2,0
2022,RajnandGaon,443,0
2022,Sukma,1996,1
2022,Surajpur,3,0
2022,Surguja,17,0
2022,New Delhi,263,1
2022,North Goa,443,0
2022,South Goa,144,0
2022,Ahmadabad,5,0
2022,Ahmadabad MC#,1463,0
2022,Amreli,330,0
2022,Anand,14,0
2022,Arvalli,8,0
2022,Banas kantha,50,0
2022,Bharuch,31,0
2022,Bhavnagar,28,0
2022,Bhavnagar MC#,4,0
2022,Botad,4,0
2022,Chhotaudepur,17,0
2022,Dang,9,0
2022,Devbhumi Dwarka,62,0
2022,Dohad,23,0
2022,Gandhinagar,53,0
2022,Gandhinagar MC#,106,0
2022,Gir Somnath,34,0
2022,Jamnagar,236,0
2022,Jamnagar MC#,26,0
2022,Junagadh,77,0
2022,Junagadh MC#,12,0
2022,Kachchh,537,0
2022,Kheda,5,0
2022,Mahesana,64,0
2022,Mahisagar,47,0
2022,Morbi,169,0
2022,Narmada,37,0
2022,Navsari,21,0
2022,Panch Mahals,78,0
2022,Patan,24,0
2022,Porbandar,27,0
2022,Rajkot,86,0
2022,Rajkot MC#,50,0
2022,Sabar kantha,39,0
2022,Surat,124,0
2022,Surat MC#,583,0
2022,Surendranagar,173,0
2022,Tapi,23,0
2022,Vadodara,23,0
2022,Vadodara MC#,75,0
2022,Valsad,8,0
2022,Ambala,0,0
2022,Bhiwani,1,0
2022,Charki Dadri,3,0
2022,Faridabad,3,0
2022,Fatehabad,0,0
2022,Gurugram,0,0
2022,Hisar,1,0
2022,Jhajjar,16,0
2022,Jind,0,0
2022,Kaithal,0,0
2022,Karnal,1,0
2022,Kurukshetra,0,0
2022,Mahendragarh,3,0
2022,Nuh,2,0
2022,Palwal,0,0
2022,Panchkula,0,0
2022,Panipat,1,0
2022,Rewari,5,0
2022,Rohtak,3,0
2022,Sirsa,8,0
2022,Sonipat,4,0
2022,Yamunanagar,1,0
2022,Bilaspur,0,0
2022,Chamba,0,0
2022,Hamirpur,2,0
2022,Kangra,4,0
2022,Kinnaur,0,0
2022,Kullu,0,0
2022,Lahul And Spiti,0,0
2022,Mandi,4,0
2022,Shimla,0,0
2022,Sirmaur,0,0
2022,Solan,1,0
2022,Una,1,0
2022,Baramulla,1,0
2022,Doda,0,0
2022,Jammu,9,0
2022,Kathua,2,0
2022,Kishtwar,0,0
2022,Poonch,9,0
2022,Rajouri,6,0
2022,Ramban,0,0
2022,Reasi,0,0
2022,Samba,1,0
2022,Udhampur,2,0
2022,UMCP Jammu#,5,0
2022,Bokaro,170,0
2022,Chatra,166,0
2022,Deoghar,15,0
2022,Dhanbad,19,0
2022,Dumka,22,0
2022,East Singhbum,1425,2
2022,Garhwa,294,0
2022,Giridih,349,0
2022,Godda,896,0
2022,Gumla,248,0
2022,Hazaribagh,558,0
2022,Jamtara,13,0
2022,Khunti,821,0
2022,Koderma,131,0
2022,Latehar,625,0
2022,Lohardaga,325,0
2022,Pakur,773,0
2022,Palamu,209,0
2022,Ramgarh,69,0
2022,Ranchi,201,0
2022,Sahebganj,155,0
2022,Saraikela Kharsawan,690,0
2022,Simdega,177,1
2022,West Singhbhum,10816,1
2022,A.M.U. Almatti#,0,0
2022,A.M.U. B. Gudi#,0,0
2022,A.M.U. Kembhavi#,0,0
2022,Bagalkote,0,0
2022,Ballari,2,0
2022,BBMP#,0,0
2022,Belagavi,3,0
2022,Bengaluru Rural,1,0
2022,Bengaluru Urban,0,0
2022,Bidar,4,0
2022,Chamarajanagara,3,0
2022,ChikkaBallaPura,2,0
2022,Chikkamagaluru,4,0
2022,Chitradurga,2,0
2022,Dakshina Kannada,168,0
2022,Davangere,1,0
2022,Dharwad,9,0
2022,Gadag,4,0
2022,Hassan,1,0
2022,Haveri,3,0
2022,Kalaburagi,10,0
2022,Kodagu,3,0
2022,Kolar,1,0
2022,Koppal,0,0
2022,Mandya,0,0
2022,Mysuru,0,0
2022,Raichur,10,0
2022,Ramanagara,2,0
2022,Shivamogga,3,0
2022,Tumakuru,0,0
2022,U.K.P.N. PURA#,2,0
2022,Udupi,36,0
2022,Uttara Kannada,5,0
2022,Vijayanagar,1,0
2022,Vijayapura,5,0
2022,Yadgir,4,0
2022,Alappuzha,30,0
2022,Ernakulam,46,0
2022,Idukki,24,0
2022,Kannur,40,0
2022,Kasaragod,17,0
2022,Kollam,31,0
2022,Kottayam,23,0
2022,Kozhikode,38,0
2022,Malappuram,38,0
2022,Palakkad,26,0
2022,Pathanamthitta,16,0
2022,Thiruvananthapuram,39,0
2022,Thrissur,66,0
2022,Wayanad,5,0
2022,Kargil,2,0
2022,Leh Ladakh,0,0
2022,Lakshadweep District,0,0
2022,Agar Malwa,0,0
2022,Alirajpur,49,0
2022,Anuppur,22,0
2022,Ashoknagar,4,0
2022,Balaghat,1899,0
2022,Barwani,8,0
2022,Betul,4,0
2022,Bhind,4,0
2022,Bhopal,19,0
2022,Burhanpur,2,0
2022,Chhatarpur,26,0
2022,Chhindwara,91,0
2022,Damoh,24,0
2022,Datia,144,0
2022,Dewas,7,0
2022,Dhar,57,0
2022,Dindori,46,0
2022,East Nimar,5,0
2022,Guna,36,0
2022,Gwalior,37,0
2022,Harda,1,0
2022,Indore,6,0
2022,Jabalpur,27,0
2022,Jhabua,71,0
2022,Katni,30,0
2022,Khargone,3,0
2022,Mandla,30,0
2022,Mandsaur,5,0
2022,Morena,107,0
2022,Narmadapuram,14,0
2022,Narsinghpur,35,0
2022,Neemuch,350,0
2022,Niwari,2,0
2022,Panna,16,0
2022,Raisen,7,0
2022,Rajgarh,7,0
2022,Ratlam,10,0
2022,Rewa,66,0
2022,Sagar,45,0
2022,Satna,51,0
2022,Sehore,20,0
2022,Seoni,20,0
2022,Shahdol,14,0
2022,Shajapur,0,0
2022,Sheopur,68,0
2022,Shivpuri,39,0
2022,Sidhi,172,0
2022,Singrauli,75,0
2022,Tikamgarh,0,0
2022,Ujjain,1,0
2022,Umaria,49,0
2022,Vidisha,1,0
2022,Ahmednagar,4,0
2022,Akola,56,0
2022,Amravati,60,0
2022,Aurangabad,2,0
2022,Beed,2,0
2022,Bhandara,9,0
2022,Buldhana,21,0
2022,Chandrapur,121,4
2022,Dhule,5,0
2022,Gadchiroli,9205,13
2022,Gondia,373,4
2022,Hingoli,0,0
2022,Jalgaon,3,0
2022,Jalna,1,0
2022,Kolhapur,4,0
2022,Latur,0,0
2022,Mumbai,3985,2
2022,Nagpur,12,0
2022,Nagpur MC#,3,0
2022,Nanded,0,0
2022,Nandurbar,5,0
2022,Nashik,7,0
2022,Osmanabad,0,0
2022,Palghar,101,0
2022,Parbhani,0,0
2022,Pune,26,0
2022,Pune MC#,1,0
2022,Raigad,365,1
2022,Ratnagiri,7,0
2022,Sangli,2,0
2022,Satara,17,0
2022,Sindhudurg,52,0
2022,Solapur,1,0
2022,Thane,992,2
2022,Wardha,5,0
2022,Washim,3,0
2022,Yavatmal,1,0
2023,Bishnupur,1,0
2023,Chandel,0,0
2023,Churachandpur,11,0
2023,Imphal East,1,0
2023,Imphal Urban#,1,0
2023,Imphal West,3,0
2023,Jiribam,0,0
2023,Kakching,1,0
2023,Kamjong,4,0
2023,Kangpokpi,2,0
2023,Noney,1,0
2023,Pherzawl,1,0
2023,Senapati,1,0
2023,Tamenglong,0,0
2023,Tengnoupal,1,0
2023,Thoubal,0,0
2023,Ukhrul,2,0
2023,East Garo Hills,26,1
2023,East Jaintia Hills,2,0
2023,East Khasi Hills,11,0
2023,"Eastern West Khasi
Hills",3,0
2023,North Garo Hills,18,1
2023,Ri Bhoi,7,0
2023,South Garo Hills,297,3
2023,South West Garo Hills,20,2
2023,South West Khasi Hills,3,0
2023,West Garo Hills,37,1
2023,West Jaintia Hills,11,0
2023,West Khasi Hills,44,0
2023,Aizawl,20,0
2023,Aizawl West#,43,2
2023,Champhai,46,2
2023,Kolasib,22,0
2023,Lawngtlai,5664,3
2023,Lunglei,2888,2
2023,Mamit,1474,0
2023,Saiha,963,0
2023,Serchhip,36,1
2023,Mon,0,0
2023,Dimapur,3,0
2023,Kiphire,0,0
2023,Kohima,2,0
2023,Longleng,0,0
2023,Mokokchung,0,0
2023,Peren,1,0
2023,Phek,1,0
2023,Tuensang,0,0
2023,UVBDS Dimapur#,2,0
2023,Wokha,0,0
2023,Zunheboto,0,0
2023,Anugul,43,0
2023,Balangir,292,0
2023,Baleshwar,74,0
2023,Bargarh,213,0
2023,Bhadrak,57,0
2023,Boudh,283,0
2023,Cuttack,49,0
2023,Deogarh,14,0
2023,Dhenkanal,88,0
2023,Gajapati,343,0
2023,Ganjam,610,0
2023,Jagatsinghapur,18,0
2023,Jajapur,58,0
2023,Jharsuguda,39,3
2023,Kalahandi,3841,0
2023,Kandhamal,2338,1
2023,Kendrapara,68,0
2023,Kendujhar,151,0
2023,Khordha,113,0
2023,Koraput,2830,0
2023,Malkangiri,4816,0
2023,Mayurbhanj,148,0
2023,Nabarangpur,625,0
2023,Nayagarh,165,0
2023,Nuapada,134,0
2023,Puri,73,0
2023,Rayagada,4998,0
2023,Sambalpur,83,0
2023,Sonepur,69,0
2023,Sundargarh,1137,1
2023,Karaikal,0,0
2023,Mahe,0,0
2023,Pondicherry,0,0
2023,Yanam,0,0
2023,Amritsar,1,0
2023,Barnala,0,0
2023,Bathinda,11,0
2023,Faridkot,9,0
2023,Fatehgarh Sahib,1,0
2023,Fazilka,2,0
2023,Ferozepur,1,0
2023,Gurdaspur,0,0
2023,Hoshiarpur,25,0
2023,Jalandhar,2,1
2023,Kapurthala,1,0
2023,Ludhiana,33,0
2023,Malerkotla,0,0
2023,Mansa,13,1
2023,Moga,0,0
2023,Pathankot,2,0
2023,Patiala,4,0
2023,Rupnagar,2,0
2023,S.A.S Nagar,7,0
2023,Sangrur,0,0
2023,"Shahid Bhagat Singh
Nagar",1,0
2023,Sri Muktsar Sahib,3,0
2023,Tarn taran,1,0
2023,Ajmer,4,0
2023,Alwar,40,0
2023,Banswara,27,0
2023,Baran,11,0
2023,Barmer,530,0
2023,Bharatpur,9,0
2023,Bhilwara,4,0
2023,Bikaner,34,1
2023,Bundi,4,0
2023,Chittorgarh,23,0
2023,Churu,29,0
2023,Dausa,9,0
2023,Dholpur,1,0
2023,Dungarpur,23,0
2023,Ganganagar,14,0
2023,Hanumangarh,6,0
2023,Jaipur,14,0
2023,Jaisalmer,332,0
2023,Jalore,7,0
2023,Jhalawar,4,0
2023,Jhunjhunu,9,0
2023,Jodhpur,37,0
2023,Karauli,2,0
2023,Kota,4,0
2023,Nagaur,21,0
2023,Pali,63,0
2023,Pratapgarh,21,0
2023,Rajsamand,45,0
2023,Sawai Madhopur,0,0
2023,Sikar,5,0
2023,Sirohi,13,0
2023,Tonk,8,0
2023,Udaipur,212,0
2023,Gangtok,6,0
2023,Gyalshing,1,0
2023,Mangan,0,0
2023,Namchi,1,0
2023,Aranthangi#,0,0
2023,Ariyalur,0,0
2023,Attur#,3,0
2023,Chengalpattu,19,0
2023,Chennai,125,0
2023,Cheyyar#,6,0
2023,Coimbatore,11,0
2023,Cuddalore,5,0
2023,Dharmapuri,0,0
2023,Dindigul,4,0
2023,Erode,0,0
2023,Kallakurichi,4,0
2023,Kanchipuram,9,0
2023,Kanniyakumari,13,0
2023,Karur,0,0
2023,Kovilpatti#,3,0
2023,Krishnagiri,2,0
2023,Madurai,0,0
2023,Mayiladuthurai,1,0
2023,Nagapattinam,7,0
2023,Namakkal,1,0
2023,Palani#,1,0
2023,Paramakudi#,2,0
2023,Perambalur,4,0
2023,Poonamallee#,3,0
2023,Pudukkottai,4,0
2023,Ramanathapuram,4,0
2023,Ranipet,0,0
2023,Salem,7,0
2023,Sivaganga,1,0
2023,Sivakasi#,2,0
2023,Tenkasi,3,0
2023,Thanjavur,9,0
2023,The Nilgiris,0,0
2023,Theni,3,0
2023,Thiruvallur,6,0
2023,Thiruvarur,0,0
2023,Tiruchirappalli,13,0
2023,Tirunelveli,6,0
2023,Tirupathur,2,0
2023,Tiruppur,0,0
2023,Tiruvannamalai,20,0
2023,Tuticorin,10,0
2023,Vellore,32,0
2023,Villupuram,7,0
2023,Virudhunagar,2,0
2023,Adilabad,2,0
2023,Bhadradri Kothagudem,256,0
2023,Hanumakonda,26,0
2023,Hyderabad,3,0
2023,Jagitial,0,0
2023,Jangoan,7,0
2023,"Jayashankar
Bhupalapally",24,0
2023,Jogulamba Gadwal,1,0
2023,Kamareddy,0,0
2023,Karimnagar,1,0
2023,Khammam,2,0
2023,Kumuram Bheem Asifabad,77,0
2023,Mahabubabad,20,0
2023,Mahabubnagar,2,0
2023,Mancherial,3,0
2023,Medak,0,0
2023,Medchal Malkajgiri,14,0
2023,Mulugu,111,0
2023,Nagarkurnool,0,0
2023,Nalgonda,5,0
2023,Narayanpet,0,0
2023,Nirmal,0,0
2023,Nizamabad,0,0
2023,Peddapalli,5,0
2023,Rajanna Sircilla,1,0
2023,Ranga Reddy,1,0
2023,Sangareddy,2,0
2023,Siddipet,1,0
2023,Suryapet,2,0
2023,Vikarabad,0,0
2023,Wanaparthy,0,0
2023,Warangal,45,0
2023,Yadadri Bhuvanagiri,0,0
2023,"Dadra And Nagar
Haveli",76,0
2023,Daman,34,0
2023,Diu,1,0
2023,Dhalai,10430,2
2023,Gomati,532,1
2023,Khowai,456,0
2023,North Tripura,581,0
2023,Sepahijala,21,0
2023,South Tripura,638,0
2023,Unakoti,68,0
2023,West Tripura,45,0
2023,Agra,11,0
2023,Aligarh,38,0
2023,Ambedkar Nagar,4,0
2023,Amethi,2,0
2023,Amroha,44,0
2023,Auraiya,82,0
2023,Ayodhya,13,0
2023,Azamgarh,0,0
2023,Baghpat,4,0
2023,Bahraich,6,0
2023,Ballia,1,0
2023,Balrampur,0,0
2023,Banda,11,0
2023,Barabanki,3,0
2023,Bareilly,1759,0
2023,Basti,0,0
2023,Bhadohi,22,0
2023,Bijnor,45,0
2023,Budaun,1376,0
2023,Bulandshahr,27,0
2023,Chandauli,9,0
2023,Chitrakoot,4,0
2023,Deoria,3,0
2023,Etah,46,0
2023,Etawah,104,0
2023,Farrukhabad,94,0
2023,Fatehpur,48,0
2023,Firozabad,107,0
2023,Gautam Buddha Nagar,104,0
2023,Ghaziabad,20,0
2023,Ghazipur,0,0
2023,Gonda,8,0
2023,Gorakhpur,13,0
2023,Hamirpur,25,0
2023,Hapur,114,0
2023,Hardoi,548,0
2023,Hathras,5,0
2023,Jalaun,2,0
2023,Jaunpur,6,0
2023,Jhansi,10,0
2023,Kannauj,10,0
2023,Kanpur Dehat,96,0
2023,Kanpur Nagar,8,0
2023,Kasganj,17,0
2023,Kaushambi,20,0
2023,Kheri,103,0
2023,Kushi Nagar,3,0
2023,Lalitpur,1,0
2023,Lucknow,157,0
2023,Maharajganj,7,0
2023,Mahoba,1,0
2023,Mainpuri,0,0
2023,Mathura,7,0
2023,Mau,14,0
2023,Meerut,34,0
2023,Mirzapur,114,0
2023,Moradabad,28,0
2023,Muzaffarnagar,5,0
2023,Pilibhit,42,0
2023,Pratapgarh,8,0
2023,Prayagraj,187,0
2023,Rae Bareli,4,0
2023,Rampur,31,0
2023,Saharanpur,0,0
2023,Sambhal,86,0
2023,Sant Kabeer Nagar,6,0
2023,Shahjahanpur,520,0
2023,Shamli,90,0
2023,Shravasti,2,0
2023,Siddharth Nagar,18,0
2023,Sitapur,317,0
2023,Sonbhadra,282,0
2023,Sultanpur,27,0
2023,Unnao,7,0
2023,Varanasi,69,0
2023,Almora,0,0
2023,Bageshwar,0,0
2023,Chamoli,0,0
2023,Champawat,0,0
2023,Dehradun,4,0
2023,Haridwar,5,0
2023,Nainital,8,0
2023,Pauri Garhwal,2,0
2023,Pithoragarh,0,0
2023,Rudra Prayag,0,0
2023,Tehri Garhwal,0,0
2023,Udam Singh Nagar,0,0
2023,Uttar Kashi,0,0
2023,24 Paraganas North,1273,0
2023,24 Paraganas South,1347,0
2023,Alipurduar,53,1
2023,Bankura,142,0
2023,Basirhat HD#,552,0
2023,Birbhum,141,0
2023,Bishnupur HD#,76,0
2023,Coochbehar,73,0
2023,Darjeeling,28,0
2023,Diamond Harbour HD#,569,0
2023,Dinajpur Dakshin,68,0
2023,Dinajpur Uttar,119,0
2023,Hooghly,339,0
2023,Howrah,1568,0
2023,Jalpaiguri,40,0
2023,Jhargram,96,0
2023,Kalimpong,0,0
2023,Kolkata,27209,0
2023,Maldah,490,0
2023,Medinipur East,300,0
2023,Medinipur West,212,0
2023,Murshidabad,2011,2
2023,Nadia,584,0
2023,Nandigram HD#,88,0
2023,Paschim Bardhaman,18,0
2023,Purba Bardhaman,302,0
2023,Purulia,280,0
2023,Pvt. Hospital & Others#,2539,0
2023,Rampurhat HD#,77,0
2023,Nicobars,29,0
2023,"North And Middle
Andaman",3,0
2023,South Andamans,10,0
2023,Alluri Sitharama Raju,3675,0
2023,Anakapalli,175,0
2023,Anantapur,8,0
2023,Annamayya,1,0
2023,Bapatla,0,0
2023,Chittoor,2,0
2023,East Godavari,6,0
2023,Eluru,184,0
2023,Guntur,21,0
2023,Kakinada,4,0
2023,Konaseema,0,0
2023,Krishna,0,0
2023,Kurnool,4,0
2023,Nandyal,27,0
2023,NTR,90,0
2023,Palnadu,4,0
2023,Parvathipuram Manyam,482,0
2023,Prakasam,6,0
2023,SPSR Nellore,4,0
2023,Sri Sathya Sai,3,0
2023,Srikakulam,12,0
2023,Tirupati,3,0
2023,Visakhapatanam,110,0
2023,Vizianagaram,439,0
2023,West Godavari,0,0
2023,Y.S.R.,8,0
2023,Anjaw,0,0
2023,Changlang,1,0
2023,Dibang Valley,0,0
2023,East Kameng,0,0
2023,East Siang,0,0
2023,Kamle,0,0
2023,Kra Daadi,0,0
2023,Kurung Kumey,0,0
2023,Leparada,0,0
2023,Lohit,2,0
2023,Longding,0,0
2023,Lower Dibang Valley,3,0
2023,Lower Siang,0,0
2023,Lower Subansiri,0,0
2023,Namsai,0,0
2023,Pakke Kessang,0,0
2023,Papum Pare,2,0
2023,Shi Yomi,2,0
2023,Siang,0,0
2023,Tawang,0,0
2023,Tirap,1,0
2023,Upper Siang,0,0
2023,Upper Subansiri,0,0
2023,West Kameng,0,0
2023,West Siang,0,0
2023,Baksa,10,0
2023,Barpeta,2,0
2023,Biswanath,2,0
2023,Bongaigaon,4,0
2023,Cachar,41,0
2023,Charaideo,2,0
2023,Chirang,48,0
2023,Darrang,1,0
2023,Dhemaji,7,0
2023,Dhubri,11,0
2023,Dibrugarh,11,0
2023,Dima Hasao,6,0
2023,Goalpara,15,0
2023,Golaghat,4,0
2023,Hailakandi,12,0
2023,Hojai,5,0
2023,Jorhat,4,0
2023,Kamrup,3,0
2023,Kamrup Metro,17,0
2023,Karbi Anglong,0,0
2023,Karimganj,19,0
2023,Kokrajhar,256,0
2023,Lakhimpur,0,0
2023,Majuli,1,0
2023,Marigaon,8,0
2023,Nagaon,21,0
2023,Nalbari,6,0
2023,Sivasagar,2,0
2023,Sonitpur,7,0
2023,"South Salmara
Mancachar",4,0
2023,Tinsukia,4,0
2023,Udalguri,34,0
2023,West Karbi Anglong,0,0
2023,Araria,6,0
2023,Arwal,6,0
2023,Aurangabad,76,0
2023,Banka,54,0
2023,Begusarai,15,0
2023,Bhagalpur,222,0
2023,Bhojpur,20,0
2023,Buxar,31,0
2023,Darbhanga,7,0
2023,Gaya,57,0
2023,Gopalganj,9,0
2023,Jamui,22,0
2023,Jehanabad,38,0
2023,Kaimur (Bhabua),46,0
2023,Katihar,13,0
2023,Khagaria,0,0
2023,Kishanganj,87,0
2023,Lakhisarai,23,0
2023,Madhepura,0,0
2023,Madhubani,68,0
2023,Munger,16,0
2023,Muzaffarpur,13,0
2023,Nalanda,4,0
2023,Nawada,147,0
2023,Pashchim Champaran,3,0
2023,Patna,83,0
2023,Purbi Champaran,25,0
2023,Purnia,16,0
2023,Rohtas,19,0
2023,Saharsa,4,0
2023,Samastipur,15,0
2023,Saran,25,0
2023,Sheikhpura,7,0
2023,Sheohar,0,0
2023,Sitamarhi,7,0
2023,Siwan,0,0
2023,Supaul,35,0
2023,Vaishali,38,0
2023,Chandigarh,2,0
2023,Balod,197,0
2023,Baloda Bazar,118,0
2023,Balrampur,31,0
2023,Bastar,3804,3
2023,Bemetara,4,0
2023,Bijapur,9218,6
2023,Bilaspur,61,0
2023,Dantewada,8574,1
2023,Dhamtari,318,0
2023,Durg,44,0
2023,Gariyaband,744,0
2023,"Gaurella Pendra
Marwahi",27,0
2023,Janjgir-Champa,16,0
2023,Jashpur,309,0
2023,Kabirdham,250,0
2023,Kanker,888,0
2023,"Khairgarh Chhuikhadan
Gandai",283,0
2023,Kondagaon,1829,4
2023,Korba,135,0
2023,Korea,14,0
2023,Mahasamund,37,0
2023,Manendragarh Chirimiri Bharatpur,102,0
2023,Mohla Manpur Ambagarh Chouki,235,0
2023,Mungeli,29,0
2023,Narayanpur,2230,1
2023,Raigarh,133,0
2023,Raipur,0,0
2023,RajnandGaon,81,0
2023,Sakti,6,0
2023,Sarangarh Bilaigarh,23,0
2023,Sukma,1907,0
2023,Surajpur,23,0
2023,Surguja,36,0
2023,New Delhi,344,1
2023,North Goa,1005,0
2023,South Goa,341,0
2023,Ahmadabad,2,0
2023,Ahmadabad MC#,1367,1
2023,Amreli,127,0
2023,Anand,8,0
2023,Arvalli,5,0
2023,Banas kantha,90,0
2023,Bharuch,42,0
2023,Bhavnagar,24,0
2023,Bhavnagar MC#,3,0
2023,Botad,3,0
2023,Chhotaudepur,17,0
2023,Dang,11,0
2023,Devbhumi Dwarka,55,0
2023,Dohad,12,0
2023,Gandhinagar,70,0
2023,Gandhinagar MC#,194,0
2023,Gir Somnath,31,0
2023,Jamnagar,178,0
2023,Jamnagar MC#,39,0
2023,Junagadh,120,0
2023,Junagadh MC#,6,0
2023,Kachchh,295,0
2023,Kheda,3,0
2023,Mahesana,41,0
2023,Mahisagar,17,0
2023,Morbi,126,0
2023,Narmada,18,0
2023,Navsari,51,0
2023,Panch Mahals,89,0
2023,Patan,21,0
2023,Porbandar,58,0
2023,Rajkot,72,0
2023,Rajkot MC#,42,0
2023,Sabar kantha,45,0
2023,Surat,117,0
2023,Surat MC#,634,0
2023,Surendranagar,110,0
2023,Tapi,18,0
2023,Vadodara,15,0
2023,Vadodara MC#,122,0
2023,Valsad,13,0
2023,Ambala,1,0
2023,Bhiwani,1,0
2023,Charki Dadri,7,0
2023,Faridabad,2,0
2023,Fatehabad,2,0
2023,Gurugram,0,0
2023,Hisar,16,0
2023,Jhajjar,5,0
2023,Jind,0,0
2023,Kaithal,0,0
2023,Karnal,2,0
2023,Kurukshetra,0,0
2023,Mahendragarh,3,0
2023,Nuh,5,0
2023,Palwal,4,0
2023,Panchkula,6,0
2023,Panipat,0,0
2023,Rewari,9,0
2023,Rohtak,3,0
2023,Sirsa,7,0
2023,Sonipat,12,0
2023,Yamunanagar,0,0
2023,Bilaspur,0,0
2023,Chamba,0,0
2023,Hamirpur,0,0
2023,Kangra,8,0
2023,Kinnaur,0,0
2023,Kullu,0,0
2023,Lahul And Spiti,0,0
2023,Mandi,0,0
2023,Shimla,0,0
2023,Sirmaur,0,0
2023,Solan,1,0
2023,Una,14,0
2023,Baramulla,10,0
2023,Doda,2,0
2023,Jammu,15,0
2023,Kathua,2,0
2023,Kishtwar,0,0
2023,Poonch,5,0
2023,Rajouri,5,0
2023,Ramban,0,0
2023,Reasi,1,0
2023,Samba,1,0
2023,Udhampur,3,0
2023,Bokaro,76,0
2023,Chatra,117,0
2023,Deoghar,29,0
2023,Dhanbad,25,0
2023,Dumka,48,0
2023,East Singhbum,2956,0
2023,Garhwa,176,0
2023,Giridih,219,0
2023,Godda,5879,0
2023,Gumla,248,0
2023,Hazaribagh,369,0
2023,Jamtara,6,0
2023,Khunti,825,0
2023,Koderma,54,0
2023,Latehar,453,0
2023,Lohardaga,252,0
2023,Pakur,3788,0
2023,Palamu,245,0
2023,Ramgarh,52,0
2023,Ranchi,163,0
2023,Sahebganj,358,0
2023,Saraikela Kharsawan,917,0
2023,Simdega,215,0
2023,West Singhbhum,16617,2
2023,A.M.U. Almatti#,0,0
2023,A.M.U. B. Gudi#,0,0
2023,A.M.U. Kembhavi#,0,0
2023,Bagalkote,4,0
2023,Ballari,8,0
2023,BBMP#,0,0
2023,Belagavi,9,0
2023,Bengaluru Rural,2,0
2023,Bengaluru Urban,10,1
2023,Bidar,0,0
2023,Chamarajanagara,3,0
2023,ChikkaBallaPura,2,0
2023,Chikkamagaluru,3,0
2023,Chitradurga,0,0
2023,Dakshina Kannada,82,0
2023,Davangere,10,0
2023,Dharwad,14,0
2023,Gadag,4,0
2023,Hassan,3,1
2023,Haveri,4,0
2023,Kalaburagi,4,0
2023,Kodagu,3,0
2023,Kolar,8,0
2023,Koppal,2,0
2023,Mandya,0,0
2023,Mysuru,0,0
2023,Raichur,4,0
2023,Ramanagara,11,0
2023,Shivamogga,26,0
2023,Tumakuru,13,0
2023,U.K.P.N. PURA#,1,0
2023,Udupi,16,0
2023,Uttara Kannada,16,0
2023,Vijayanagar,1,0
2023,Vijayapura,5,0
2023,Yadgir,7,0
2023,Alappuzha,24,1
2023,Ernakulam,84,1
2023,Idukki,66,1
2023,Kannur,42,0
2023,Kasaragod,29,0
2023,Kollam,34,1
2023,Kottayam,32,1
2023,Kozhikode,38,0
2023,Malappuram,39,0
2023,Palakkad,37,1
2023,Pathanamthitta,20,1
2023,Thiruvananthapuram,30,0
2023,Thrissur,90,0
2023,Wayanad,4,0
2023,Kargil,5,1
2023,Leh Ladakh,5,0
2023,Lakshadweep District,0,0
2023,Agar Malwa,0,0
2023,Alirajpur,45,0
2023,Anuppur,16,0
2023,Ashoknagar,4,0
2023,Balaghat,1674,0
2023,Barwani,4,0
2023,Betul,4,0
2023,Bhind,5,0
2023,Bhopal,13,0
2023,Burhanpur,3,0
2023,Chhatarpur,8,0
2023,Chhindwara,98,0
2023,Damoh,4,0
2023,Datia,84,0
2023,Dewas,7,0
2023,Dhar,39,0
2023,Dindori,30,0
2023,East Nimar,2,0
2023,Guna,39,0
2023,Gwalior,15,0
2023,Harda,1,0
2023,Indore,11,0
2023,Jabalpur,9,0
2023,Jhabua,41,0
2023,Katni,22,0
2023,Khargone,7,0
2023,Mandla,60,0
2023,Mandsaur,18,0
2023,Morena,61,0
2023,Narmadapuram,11,0
2023,Narsinghpur,97,0
2023,Neemuch,371,0
2023,Niwari,0,0
2023,Panna,15,0
2023,Raisen,79,0
2023,Rajgarh,4,0
2023,Ratlam,11,0
2023,Rewa,45,0
2023,Sagar,25,0
2023,Satna,197,0
2023,Sehore,65,0
2023,Seoni,121,0
2023,Shahdol,13,0
2023,Shajapur,3,0
2023,Sheopur,222,0
2023,Shivpuri,47,0
2023,Sidhi,58,0
2023,Singrauli,74,0
2023,Tikamgarh,0,0
2023,Ujjain,2,0
2023,Umaria,10,0
2023,Vidisha,0,0
2023,Ahmednagar,2,0
2023,Akola,6,0
2023,Amravati,42,0
2023,Aurangabad,5,0
2023,Beed,1,0
2023,Bhandara,21,2
2023,Buldhana,3,0
2023,Chandrapur,159,4
2023,Dhule,7,0
2023,Gadchiroli,5866,10
2023,Gondia,287,3
2023,Hingoli,0,0
2023,Jalgaon,2,0
2023,Jalna,1,0
2023,Kolhapur,21,0
2023,Latur,0,0
2023,Mumbai,7319,0
2023,Nagpur,5,0
2023,Nagpur MC#,1,0
2023,Nanded,0,0
2023,Nandurbar,4,0
2023,Nashik,5,0
2023,Osmanabad,3,0
2023,Palghar,97,0
2023,Parbhani,2,0
2023,Pune,34,0
2023,Pune MC#,6,0
2023,Raigad,740,0
2023,Ratnagiri,4,0
2023,Sangli,5,0
2023,Satara,27,0
2023,Sindhudurg,55,0
2023,Solapur,2,0
2023,Thane,1410,0
2023,Wardha,4,0
2023,Washim,4,0
2023,Yavatmal,9,0
2024,Bishnupur,0,0
2024,Chandel,0,0
2024,Churachandpur,6,0
2024,Imphal East,4,0
2024,Imphal West,2,0
2024,Jiribam,0,0
2024,Kakching,1,0
2024,Kamjong,2,0
2024,Kangpokpi,8,0
2024,Noney,1,0
2024,Pherzawl,1,0
2024,Senapati,2,0
2024,Tamenglong,0,0
2024,Tengnoupal,2,0
2024,Thoubal,4,0
2024,Ukhrul,1,0
2024,East Garo Hills,126,3
2024,East Jaintia Hills,2,0
2024,East Khasi Hills,18,0
2024,"Eastern West Khasi
Hills",1,0
2024,North Garo Hills,29,3
2024,Ri Bhoi,5,0
2024,South Garo Hills,1274,7
2024,South West Garo Hills,6,0
2024,South West Khasi Hills,2,0
2024,West Garo Hills,83,1
2024,West Jaintia Hills,10,0
2024,West Khasi Hills,199,0
2024,Aizawl,29,0
2024,Aizawl West#,74,1
2024,Champhai,42,1
2024,Kolasib,29,0
2024,Lawngtlai,7927,6
2024,Lunglei,4959,3
2024,Mamit,3288,1
2024,Saiha,1681,0
2024,Serchhip,48,1
2024,Mon,0,0
2024,Dimapur,2,0
2024,Kiphire,0,0
2024,Kohima,1,0
2024,Longleng,0,0
2024,Mokokchung,1,0
2024,Peren,1,0
2024,Phek,0,0
2024,Tuensang,0,0
2024,UVBDS Dimapur#,2,0
2024,Wokha,2,0
2024,Zunheboto,1,0
2024,Anugul,140,0
2024,Balangir,346,0
2024,Baleshwar,64,0
2024,Bargarh,149,0
2024,Bhadrak,56,0
2024,Boudh,511,0
2024,Cuttack,64,0
2024,Deogarh,34,0
2024,Dhenkanal,112,0
2024,Gajapati,791,0
2024,Ganjam,1137,0
2024,Jagatsinghapur,43,0
2024,Jajapur,69,0
2024,Jharsuguda,41,0
2024,Kalahandi,7543,0
2024,Kandhamal,5062,1
2024,Kendrapara,100,0
2024,Kendujhar,265,0
2024,Khordha,224,0
2024,Koraput,7007,0
2024,Malkangiri,3888,0
2024,Mayurbhanj,1036,0
2024,Nabarangpur,655,0
2024,Nayagarh,612,0
2024,Nuapada,235,0
2024,Puri,112,0
2024,Rayagada,9925,0
2024,Sambalpur,161,0
2024,Sonepur,58,0
2024,Sundargarh,1533,3
2024,Karaikal,2,0
2024,Mahe,1,0
2024,Pondicherry,3,0
2024,Yanam,0,0
2024,Amritsar,0,0
2024,Barnala,0,0
2024,Bathinda,5,0
2024,Faridkot,1,0
2024,Fatehgarh Sahib,1,0
2024,Fazilka,3,0
2024,Ferozepur,1,0
2024,Gurdaspur,0,0
2024,Hoshiarpur,17,0
2024,Jalandhar,0,0
2024,Kapurthala,3,0
2024,Ludhiana,24,0
2024,Malerkotla,0,0
2024,Mansa,5,0
2024,Moga,2,0
2024,Pathankot,0,0
2024,Patiala,0,0
2024,Rupnagar,0,0
2024,S.A.S Nagar,6,0
2024,Sangrur,0,0
2024,"Shahid Bhagat Singh
Nagar",1,0
2024,Sri Muktsar Sahib,3,0
2024,Tarn taran,3,0
2024,Ajmer,14,0
2024,Alwar,42,0
2024,Banswara,23,0
2024,Baran,1,0
2024,Barmer,967,0
2024,Bharatpur,2,0
2024,Bhilwara,37,0
2024,Bikaner,156,0
2024,Bundi,0,0
2024,Chittorgarh,22,0
2024,Churu,15,0
2024,Dausa,17,0
2024,Dholpur,0,0
2024,Dungarpur,10,0
2024,Ganganagar,51,0
2024,Hanumangarh,5,0
2024,Jaipur,35,0
2024,Jaisalmer,191,0
2024,Jalore,14,0
2024,Jhalawar,4,0
2024,Jhunjhunu,4,0
2024,Jodhpur,107,0
2024,Karauli,1,0
2024,Kota,8,0
2024,Nagaur,32,0
2024,Pali,45,0
2024,Pratapgarh,104,0
2024,Rajsamand,23,0
2024,Sawai Madhopur,0,0
2024,Sikar,4,0
2024,Sirohi,12,0
2024,Tonk,1,0
2024,Udaipur,316,0
2024,Gangtok,6,0
2024,Gyalshing,0,0
2024,Mangan,0,0
2024,Namchi,0,0
2024,Aranthangi#,0,0
2024,Ariyalur,3,0
2024,Attur#,1,0
2024,Chengalpattu,19,0
2024,Chennai,174,0
2024,Cheyyar#,0,0
2024,Coimbatore,20,0
2024,Cuddalore,5,0
2024,Dharmapuri,0,0
2024,Dindigul,0,0
2024,Erode,6,0
2024,Kallakurichi,1,0
2024,Kanchipuram,4,0
2024,Kanniyakumari,8,0
2024,Karur,0,0
2024,Kovilpatti#,1,0
2024,Krishnagiri,1,0
2024,Madurai,2,0
2024,Mayiladuthurai,0,0
2024,Nagapattinam,0,0
2024,Namakkal,5,0
2024,Palani#,4,0
2024,Paramakudi#,0,0
2024,Perambalur,0,0
2024,Poonamallee#,2,0
2024,Pudukkottai,2,0
2024,Ramanathapuram,3,0
2024,Ranipet,0,0
2024,Salem,5,0
2024,Sivaganga,3,0
2024,Sivakasi#,0,0
2024,Tenkasi,0,0
2024,Thanjavur,9,0
2024,The Nilgiris,1,0
2024,Theni,2,0
2024,Thiruvallur,8,0
2024,Thiruvarur,2,0
2024,Tiruchirappalli,26,0
2024,Tirunelveli,6,0
2024,Tirupathur,4,0
2024,Tiruppur,9,0
2024,Tiruvannamalai,2,0
2024,Tuticorin,12,0
2024,Vellore,24,0
2024,Villupuram,8,0
2024,Virudhunagar,3,0
2024,Adilabad,2,0
2024,Bhadradri Kothagudem,190,0
2024,Hanumakonda,13,0
2024,Hyderabad,21,0
2024,Jagitial,2,0
2024,Jangoan,8,0
2024,"Jayashankar
Bhupalapally",1,0
2024,Jogulamba Gadwal,0,0
2024,Kamareddy,2,0
2024,Karimnagar,2,0
2024,Khammam,1,0
2024,Kumuram Bheem Asifabad,81,0
2024,Mahabubabad,4,0
2024,Mahabubnagar,4,0
2024,Mancherial,0,0
2024,Medak,4,0
2024,Medchal Malkajgiri,1,0
2024,Mulugu,40,0
2024,Nagarkurnool,3,0
2024,Nalgonda,13,0
2024,Narayanpet,0,0
2024,Nirmal,3,0
2024,Nizamabad,1,0
2024,Peddapalli,0,0
2024,Rajanna Sircilla,3,0
2024,Ranga Reddy,1,0
2024,Sangareddy,7,0
2024,Siddipet,3,0
2024,Suryapet,1,0
2024,Vikarabad,0,0
2024,Wanaparthy,2,0
2024,Warangal,7,0
2024,Yadadri Bhuvanagiri,0,0
2024,"Dadra And Nagar
Haveli",79,0
2024,Daman,49,1
2024,Diu,0,0
2024,Dhalai,14909,0
2024,Gomati,1438,1
2024,Khowai,1316,0
2024,North Tripura,637,0
2024,Sepahijala,548,0
2024,South Tripura,3395,0
2024,Unakoti,85,0
2024,West Tripura,84,0
2024,Agra,35,0
2024,Aligarh,48,0
2024,Ambedkar Nagar,5,0
2024,Amethi,24,0
2024,Amroha,32,0
2024,Auraiya,95,0
2024,Ayodhya,4,0
2024,Azamgarh,0,0
2024,Baghpat,2,0
2024,Bahraich,13,0
2024,Ballia,4,0
2024,Balrampur,4,0
2024,Banda,14,0
2024,Barabanki,16,0
2024,Bareilly,3490,0
2024,Basti,3,0
2024,Bhadohi,22,0
2024,Bijnor,14,0
2024,Budaun,3224,0
2024,Bulandshahr,53,0
2024,Chandauli,3,0
2024,Chitrakoot,0,0
2024,Deoria,1,0
2024,Etah,57,0
2024,Etawah,80,0
2024,Farrukhabad,112,0
2024,Fatehpur,16,0
2024,Firozabad,33,0
2024,Gautam Buddha Nagar,45,0
2024,Ghaziabad,30,0
2024,Ghazipur,1,0
2024,Gonda,9,0
2024,Gorakhpur,14,0
2024,Hamirpur,20,0
2024,Hapur,37,0
2024,Hardoi,2351,0
2024,Hathras,27,0
2024,Jalaun,5,0
2024,Jaunpur,10,0
2024,Jhansi,5,0
2024,Kannauj,13,0
2024,Kanpur Dehat,295,0
2024,Kanpur Nagar,43,0
2024,Kasganj,47,0
2024,Kaushambi,13,0
2024,Kheri,298,0
2024,Kushi Nagar,7,0
2024,Lalitpur,3,0
2024,Lucknow,97,0
2024,Maharajganj,4,0
2024,Mahoba,2,0
2024,Mainpuri,0,0
2024,Mathura,15,0
2024,Mau,3,0
2024,Meerut,27,0
2024,Mirzapur,82,0
2024,Moradabad,2,0
2024,Muzaffarnagar,14,0
2024,Pilibhit,563,0
2024,Pratapgarh,17,0
2024,Prayagraj,100,0
2024,Rae Bareli,5,0
2024,Rampur,113,0
2024,Saharanpur,0,0
2024,Sambhal,295,0
2024,Sant Kabeer Nagar,2,0
2024,Shahjahanpur,617,0
2024,Shamli,69,0
2024,Shravasti,5,0
2024,Siddharth Nagar,14,0
2024,Sitapur,529,0
2024,Sonbhadra,300,0
2024,Sultanpur,5,0
2024,Unnao,18,0
2024,Varanasi,28,0
2024,Almora,0,0
2024,Bageshwar,0,0
2024,Chamoli,0,0
2024,Champawat,0,0
2024,Dehradun,3,0
2024,Haridwar,15,0
2024,Nainital,4,0
2024,Pauri Garhwal,2,0
2024,Pithoragarh,0,0
2024,Rudra Prayag,0,0
2024,Tehri Garhwal,0,0
2024,Udam Singh Nagar,0,0
2024,Uttar Kashi,0,0
2024,24 Paraganas North,843,0
2024,24 Paraganas South,765,0
2024,Alipurduar,41,0
2024,Bankura,132,0
2024,Basirhat HD#,417,0
2024,Birbhum,109,0
2024,Bishnupur HD#,55,0
2024,Coochbehar,75,0
2024,Darjeeling,33,0
2024,Diamond Harbour HD#,351,0
2024,Dinajpur Dakshin,72,0
2024,Dinajpur Uttar,123,0
2024,Hooghly,360,0
2024,Howrah,1085,0
2024,Jalpaiguri,162,0
2024,Jhargram,90,0
2024,Kalimpong,0,0
2024,Kolkata,17002,0
2024,Maldah,447,0
2024,Medinipur East,267,0
2024,Medinipur West,162,0
2024,Murshidabad,1292,0
2024,Nadia,321,0
2024,Nandigram HD#,42,0
2024,Paschim Bardhaman,21,0
2024,Purba Bardhaman,267,1
2024,Purulia,304,1
2024,Pvt. Hospital & Others#,1574,0
2024,Rampurhat HD#,81,0
2024,Nicobars,4,0
2024,"North And Middle
Andaman",0,0
2024,South Andamans,0,0
2024,Alluri Sitharama Raju,577,0
2024,Anakapalli,39,0
2024,Anantapur,0,0
2024,Annamayya,2,0
2024,Bapatla,0,0
2024,Chittoor,0,0
2024,East Godavari,0,0
2024,Eluru,14,0
2024,Guntur,3,0
2024,Kakinada,0,0
2024,Konaseema,0,0
2024,Krishna,2,0
2024,Kurnool,2,0
2024,Nandyal,0,0
2024,NTR,8,0
2024,Palnadu,0,0
2024,Parvathipuram Manyam,167,0
2024,Prakasam,2,0
2024,SPSR Nellore,0,0
2024,Sri Sathya Sai,1,0
2024,Srikakulam,0,0
2024,Tirupati,0,0
2024,Visakhapatanam,29,0
2024,Vizianagaram,177,0
2024,West Godavari,0,0
2024,Y.S.R.,0,0
2024,Anjaw,0,0
2024,Changlang,1,0
2024,Dibang Valley,0,0
2024,East Kameng,0,0
2024,East Siang,0,0
2024,Kamle,0,0
2024,Kra Daadi,0,0
2024,Kurung Kumey,0,0
2024,Leparada,0,0
2024,Lohit,0,0
2024,Longding,0,0
2024,Lower Dibang Valley,0,0
2024,Lower Siang,0,0
2024,Lower Subansiri,0,0
2024,Namsai,0,0
2024,Pakke Kessang,0,0
2024,Papum Pare,1,0
2024,Shi Yomi,0,0
2024,Siang,0,0
2024,Tawang,0,0
2024,Tirap,0,0
2024,Upper Siang,0,0
2024,Upper Subansiri,0,0
2024,West Kameng,0,0
2024,West Siang,0,0
2024,Bajali,0,0
2024,Baksa,0,0
2024,Barpeta,1,0
2024,Biswanath,0,0
2024,Bongaigaon,1,0
2024,Cachar,5,0
2024,Charaideo,1,0
2024,Chirang,12,0
2024,Darrang,0,0
2024,Dhemaji,0,0
2024,Dhubri,8,1
2024,Dibrugarh,2,0
2024,Dima Hasao,2,0
2024,Goalpara,1,0
2024,Golaghat,1,0
2024,Hailakandi,1,0
2024,Hojai,1,0
2024,Jorhat,0,0
2024,Kamrup,0,0
2024,Kamrup Metro,2,0
2024,Karbi Anglong,0,0
2024,Karimganj,9,0
2024,Kokrajhar,25,0
2024,Lakhimpur,0,0
2024,Majuli,0,0
2024,Marigaon,2,0
2024,Nagaon,7,0
2024,Nalbari,2,0
2024,Sivasagar,2,0
2024,Sonitpur,2,0
2024,"South Salmara
Mancachar",3,0
2024,Tamulpur,0,0
2024,Tinsukia,1,0
2024,Udalguri,4,0
2024,West Karbi Anglong,0,0
2024,Araria,0,0
2024,Arwal,1,0
2024,Aurangabad,5,0
2024,Banka,1,0
2024,Begusarai,2,0
2024,Bhagalpur,8,0
2024,Bhojpur,4,0
2024,Buxar,3,0
2024,Darbhanga,1,0
2024,Gaya,5,0
2024,Gopalganj,2,0
2024,Jamui,0,0
2024,Jehanabad,1,0
2024,Kaimur (Bhabua),6,0
2024,Katihar,2,0
2024,Khagaria,0,0
2024,Kishanganj,7,0
2024,Lakhisarai,5,0
2024,Madhepura,0,0
2024,Madhubani,12,0
2024,Munger,0,0
2024,Muzaffarpur,6,0
2024,Nalanda,0,0
2024,Nawada,25,0
2024,Pashchim Champaran,1,0
2024,Patna,8,0
2024,Purbi Champaran,1,0
2024,Purnia,18,0
2024,Rohtas,2,0
2024,Saharsa,2,0
2024,Samastipur,5,0
2024,Saran,5,0
2024,Sheikhpura,0,0
2024,Sheohar,0,0
2024,Sitamarhi,3,0
2024,Siwan,0,0
2024,Supaul,4,0
2024,Vaishali,2,0
2024,Chandigarh,0,0
2024,Balod,19,0
2024,Baloda Bazar,5,0
2024,Balrampur,0,0
2024,Bastar,1011,0
2024,Bemetara,0,0
2024,Bijapur,3171,0
2024,Bilaspur,6,0
2024,Dantewada,1331,0
2024,Dhamtari,13,0
2024,Durg,7,0
2024,Gariyaband,60,0
2024,Gaurella Pendra Marwahi,1,0
2024,Janjgir-Champa,4,0
2024,Jashpur,18,0
2024,Kabirdham,69,0
2024,Kanker,131,0
2024,"Khairgarh Chhuikhadan
Gandai",50,0
2024,Kondagaon,385,0
2024,Korba,9,0
2024,Korea,1,0
2024,Mahasamund,4,0
2024,Manendragarh Chirimiri Bharatpur,21,0
2024,"Mohla Manpur
Ambagarh Chouki",51,0
2024,Mungeli,0,0
2024,Narayanpur,864,0
2024,Raigarh,6,0
2024,Raipur,0,0
2024,RajnandGaon,12,0
2024,Sakti,0,0
2024,Sarangarh Bilaigarh,0,0
2024,Sukma,967,0
2024,Surajpur,1,0
2024,Surguja,0,0
2024,New Delhi,34,0
2024,North Goa,187,0
2024,South Goa,52,0
2024,Ahmadabad,90,0
2024,Amreli,2,0
2024,Anand,0,0
2024,Arvalli,0,0
2024,Banas kantha,4,0
2024,Bharuch,4,0
2024,Bhavnagar,1,0
2024,Botad,0,0
2024,Chhotaudepur,1,0
2024,Dang,1,0
2024,Devbhumi Dwarka,12,0
2024,Dohad,0,0
2024,Gandhinagar,21,0
2024,Gir Somnath,2,0
2024,Jamnagar,18,0
2024,Junagadh,9,0
2024,Kachchh,13,0
2024,Kheda,0,0
2024,Mahesana,4,0
2024,Mahisagar,1,0
2024,Morbi,12,0
2024,Narmada,2,0
2024,Navsari,5,0
2024,Panch Mahals,1,0
2024,Patan,2,0
2024,Porbandar,11,0
2024,Rajkot,14,0
2024,Sabar kantha,3,0
2024,Surat,136,0
2024,Surendranagar,16,0
2024,Tapi,1,0
2024,Vadodara,12,0
2024,Valsad,0,0
2024,Ambala,1,0
2024,Bhiwani,0,0
2024,Charki Dadri,2,0
2024,Faridabad,0,0
2024,Fatehabad,0,0
2024,Gurugram,0,0
2024,Hisar,4,0
2024,Jhajjar,0,0
2024,Jind,0,0
2024,Kaithal,0,0
2024,Karnal,0,0
2024,Kurukshetra,0,0
2024,Mahendragarh,0,0
2024,Nuh,0,0
2024,Palwal,0,0
2024,Panchkula,0,0
2024,Panipat,0,0
2024,Rewari,0,0
2024,Rohtak,0,0
2024,Sirsa,0,0
2024,Sonipat,0,0
2024,Yamunanagar,0,0
2024,Bilaspur,0,0
2024,Chamba,0,0
2024,Hamirpur,0,0
2024,Kangra,0,0
2024,Kinnaur,0,0
2024,Kullu,0,0
2024,Lahul And Spiti,0,0
2024,Mandi,0,0
2024,Shimla,0,0
2024,Sirmaur,0,0
2024,Solan,0,0
2024,Una,0,0
2024,Anantnag,0,0
2024,Bandipora,0,0
2024,Baramulla,0,0
2024,Budgam,0,0
2024,Doda,0,0
2024,Ganderbal,0,0
2024,Jammu,7,0
2024,Kathua,1,0
2024,Kishtwar,0,0
2024,Kulgam,0,0
2024,Kupwara,0,0
2024,Poonch,4,0
2024,Pulwama,0,0
2024,Rajouri,1,0
2024,Ramban,0,0
2024,Reasi,0,0
2024,Samba,1,0
2024,Shopian,0,0
2024,Srinagar,0,0
2024,Udhampur,0,0
2024,Bokaro,10,0
2024,Chatra,20,0
2024,Deoghar,0,0
2024,Dhanbad,4,0
2024,Dumka,14,0
2024,East Singhbum,872,0
2024,Garhwa,27,0
2024,Giridih,57,0
2024,Godda,935,0
2024,Gumla,26,0
2024,Hazaribagh,43,0
2024,Jamtara,0,0
2024,Khunti,213,0
2024,Koderma,5,0
2024,Latehar,82,0
2024,Lohardaga,22,0
2024,Pakur,240,0
2024,Palamu,23,0
2024,Ramgarh,11,0
2024,Ranchi,34,0
2024,Sahebganj,30,0
2024,Saraikela Kharsawan,230,0
2024,Simdega,21,0
2024,West Singhbhum,4750,0
2024,A.M.U. Almatti#,0,0
2024,A.M.U. B. Gudi#,0,0
2024,A.M.U. Kembhavi#,0,0
2024,Bagalkote,1,0
2024,Ballari,0,0
2024,Belagavi,0,0
2024,Bengaluru Rural,0,0
2024,Bengaluru Urban,17,0
2024,Bidar,0,0
2024,Chamarajanagara,3,0
2024,ChikkaBallaPura,0,0
2024,Chikkamagaluru,0,0
2024,Chitradurga,0,0
2024,Dakshina Kannada,33,0
2024,Davangere,1,0
2024,Dharwad,0,0
2024,Gadag,1,0
2024,Hassan,0,0
2024,Haveri,0,0
2024,Kalaburagi,2,0
2024,Kodagu,2,0
2024,Kolar,0,0
2024,Koppal,0,0
2024,Mandya,1,0
2024,Mysuru,2,0
2024,Raichur,0,0
2024,Ramanagara,0,0
2024,Shivamogga,3,0
2024,Tumakuru,4,0
2024,U.K.P.N. PURA#,0,0
2024,Udupi,16,0
2024,Uttara Kannada,1,0
2024,Vijayanagar,0,0
2024,Vijayapura,1,0
2024,Yadgir,1,0
2024,Alappuzha,6,0
2024,Ernakulam,23,0
2024,Idukki,59,1
2024,Kannur,14,0
2024,Kasaragod,4,0
2024,Kollam,4,0
2024,Kottayam,7,0
2024,Kozhikode,7,0
2024,Malappuram,7,0
2024,Palakkad,10,0
2024,Pathanamthitta,4,0
2024,Thiruvananthapuram,7,0
2024,Thrissur,14,0
2024,Wayanad,2,0
2024,Kargil,0,0
2024,Leh Ladakh,1,0
2024,Lakshadweep District,0,0
2024,Agar Malwa,0,0
2024,Alirajpur,6,0
2024,Anuppur,0,0
2024,Ashoknagar,0,0
2024,Balaghat,135,0
2024,Barwani,0,0
2024,Betul,1,0
2024,Bhind,1,0
2024,Bhopal,2,0
2024,Burhanpur,0,0
2024,Chhatarpur,1,0
2024,Chhindwara,16,0
2024,Damoh,0,0
2024,Datia,32,0
2024,Dewas,1,0
2024,Dhar,3,0
2024,Dindori,1,0
2024,East Nimar,2,0
2024,Guna,0,0
2024,Gwalior,4,0
2024,Harda,0,0
2024,Indore,1,0
2024,Jabalpur,1,0
2024,Jhabua,4,0
2024,Katni,2,0
2024,Khargone,1,0
2024,Mandla,7,0
2024,Mandsaur,12,0
2024,Mauganj,1,0
2024,Morena,1,0
2024,Narmadapuram,1,0
2024,Narsinghpur,9,0
2024,Neemuch,2,0
2024,Niwari,0,0
2024,Panna,0,0
2024,Raisen,2,0
2024,Rajgarh,0,0
2024,Ratlam,2,0
2024,Rewa,5,0
2024,Sagar,1,0
2024,Satna,4,0
2024,Sehore,0,0
2024,Seoni,5,0
2024,Shahdol,0,0
2024,Shajapur,0,0
2024,Sheopur,1,0
2024,Shivpuri,0,0
2024,Sidhi,7,0
2024,Singrauli,1,0
2024,Tikamgarh,0,0
2024,Ujjain,0,0
2024,Umaria,2,0
2024,Vidisha,0,0
2024,Ahmednagar,0,0
2024,Akola,2,0
2024,Amravati,12,0
2024,Aurangabad,0,0
2024,Beed,0,0
2024,Bhandara,2,0
2024,Buldhana,0,0
2024,Chandrapur,149,0
2024,Dhule,1,0
2024,Gadchiroli,1086,0
2024,Gondia,25,0
2024,Hingoli,0,0
2024,Jalgaon,0,0
2024,Jalna,0,0
2024,Kolhapur,2,0
2024,Latur,1,0
2024,Mumbai,1216,0
2024,Nagpur,2,0
2024,Nanded,0,0
2024,Nandurbar,0,0
2024,Nashik,2,0
2024,Osmanabad,2,0
2024,Palghar,11,0
2024,Parbhani,0,0
2024,Pune,7,0
2024,Raigad,169,0
2024,Ratnagiri,4,0
2024,Sangli,4,0
2024,Satara,8,0
2024,Sindhudurg,10,0
2024,Solapur,0,0
2024,Thane,159,0
2024,Wardha,1,0
2024,Washim,0,0
2024,Yavatmal,0,0
,,,
,,,
,,,
,,,
,,,
,,,
,,,
,,,
,,,
,,,
,,,
,,,
,,,
,,,
,,,
,,,
,,,
,,,
,,,
,,,
,,,
,,,
,,,
,,,
,,,
,,,
,,,
,,,
,,,
,,,
,,,
,,,
,,,
,,,
,,,
,,,
,,,
,,,
,,,
,,,
,,,
,,,
,,,
,,,
,,,
,,,
,,,
,,,
,,,
,,,
,,,
,,,
,,,
,,,
,,,
,,,
,,,
,,,
,,,
,,,
,,,
,,,
,,,
,,,
,,,
,,,
,,,
,,,
,,,
,,,
,,,
,,,
,,,
,,,
,,,
,,,
,,,
,,,
,,,
,,,
,,,
,,,
,,,
,,,
,,,
,,,
,,,
,,,
,,,
,,,
,,,
,,,
,,,
,,,
,,,
,,,
,,,
,,,
,,,
,,,
,,,
,,,
,,,
,,,
,,,
,,,
,,,
,,,
,,,
,,,
,,,
,,,
,,,
,,,
,,,
,,,
,,,
,,,
,,,
,,,
,,,
,,,
,,,
,,,
,,,
,,,
,,,
,,,
,,,
,,,
,,,
,,,
,,,
,,,
,,,
,,,
,,,
,,,
,,,
,,,
,,,
,,,
,,,
,,,
,,,
,,,
,,,
,,,
,,,
,,,
,,,
,,,
,,,
,,,
,,,
,,,
,,,
,,,
,,,
,,,
,,,
,,,
,,,
,,,
,,,
,,,
,,,
,,,
,,,
,,,
,,,
,,,
,,,
,,,
,,,
,,,
,,,
,,,
,,,
,,,
,,,
,,,
,,,
,,,
,,,
,,,
,,,
,,,
,,,
,,,
,,,
,,,
,,,
,,,
,,,
,,,
,,,
,,,
,,,
,,,
,,,
,,,
,,,
,,,
,,,
,,,
,,,
,,,
,,,
,,,
,,,
,,,
,,,
,,,
,,,
,,,
,,,
,,,
,,,
,,,
,,,
,,,
,,,
,,,
,,,
,,,
,,,
,,,
,,,
,,,
,,,
,,,
,,,
,,,
,,,
,,,
,,,
,,,
,,,
,,,
,,,
,,,
,,,
,,,
,,,
,,,
,,,
,,,
,,,
,,,
,,,
,,,
,,,
,,,
,,,
,,,
,,,
,,,
,,,
,,,
,,,
,,,
,,,
,,,
,,,
,,,
,,,
,,,
,,,
,,,
,,,
,,,
,,,
,,,
,,,
,,,
,,,
,,,
,,,
,,,
,,,
,,,
,,,
,,,
,,,
,,,
,,,
,,,
,,,
,,,
,,,
,,,
,,,
,,,
,,,
,,,
,,,
,,,
,,,
,,,
,,,
,,,
,,,
,,,
,,,
,,,
,,,
,,,
,,,
,,,
,,,
,,,
,,,
,,,
,,,
,,,
,,,
,,,
,,,
,,,
,,,
,,,
,,,
,,,
,,,
,,,
,,,
,,,
,,,
,,,
,,,
,,,
,,,
,,,
,,,
,,,
,,,
,,,
,,,
,,,
,,,
,,,
,,,
,,,
,,,
,,,
,,,
,,,
,,,
,,,
,,,
,,,
,,,
,,,
,,,
,,,
,,,
,,,
,,,
,,,
,,,
,,,
,,,
,,,
,,,
,,,
,,,
,,,
,,,
,,,
,,,
,,,
,,,
,,,
,,,
,,,
,,,
,,,
,,,
,,,
,,,
,,,
,,,
,,,
,,,
,,,
,,,
,,,
,,,
,,,
,,,
,,,
,,,
,,,
,,,
,,,
,,,
,,,
,,,
,,,
,,,
,,,
,,,
,,,
,,,
,,,
,,,
,,,
,,,
,,,
,,,
,,,
,,,
,,,
,,,
,,,
,,,
,,,
,,,
,,,
,,,
,,,
,,,
,,,
,,,
,,,
,,,
,,,
,,,
,,,
,,,
,,,
,,,
,,,
,,,
,,,
,,,
,,,
,,,
,,,
,,,
,,,
,,,
,,,
,,,
,,,
,,,
,,,
,,,
,,,
,,,
,,,
,,,
,,,
,,,
,,,
,,,
,,,
,,,
,,,
,,,
,,,
,,,
,,,
,,,
,,,
,,,
,,,
,,,
,,,
,,,
,,,
,,,
,,,
,,,
,,,
,,,
,,,
,,,
,,,
,,,
,,,
,,,
,,,
,,,
,,,
,,,
,,,
,,,
,,,
,,,
,,,
,,,
,,,
,,,
,,,
,,,
,,,
,,,
,,,
,,,
,,,
,,,
,,,
,,,
,,,
,,,
,,,
,,,
,,,
,,,
,,,
,,,
,,,
,,,
,,,
,,,
,,,
,,,
,,,
,,,
,,,
,,,
,,,
,,,
,,,
,,,
,,,
,,,
,,,
,,,
,,,
,,,
,,,
,,,
,,,
,,,
,,,
,,,
,,,
,,,
,,,
,,,
,,,
,,,
,,,
,,,
,,,
,,,
,,,
,,,
,,,
,,,
,,,
,,,
,,,
,,,
,,,
,,,
,,,
,,,
,,,
,,,
,,,
,,,
,,,
,,,
,,,
,,,
,,,
,,,
,,,
,,,
,,,
,,,
,,,
,,,
,,,
,,,
,,,
,,,
,,,
,,,
,,,
,,,
,,,
,,,
,,,
,,,
,,,
,,,
,,,
,,,
,,,
,,,
,,,
,,,
,,,
,,,
,,,
,,,
,,,
,,,
,,,
,,,
,,,
,,,
,,,
,,,
,,,
2024 Till Apr,,,
